# 3ds Max Wavefront OBJ Exporter v0.97b - (c)2007 guruware
# File Created: 03.08.2022 17:10:57

mtllib OBJ.mtl

#
# object polySurface7_0
#

v  -13.9695 83.7472 21.0481
v  -13.5945 84.9156 20.9273
v  -14.4428 84.0777 21.4118
v  -14.3363 84.9146 21.5949
v  -13.4853 85.9819 21.0959
v  -14.1800 86.0642 21.6846
v  -13.2628 86.9858 21.2936
v  -14.0098 87.3509 21.7212
v  -11.9534 87.8013 20.2796
v  -10.4620 87.6954 19.1524
v  -10.3666 88.1767 19.3219
v  -11.8643 88.3283 20.3154
v  -13.3420 88.1649 21.4817
v  -13.0388 87.4827 21.2140
v  -12.1224 88.7171 17.1959
v  -13.4453 88.9629 18.5987
v  -13.9883 89.0424 15.0731
v  -15.3210 89.3060 16.3665
v  -14.9504 88.6377 19.7763
v  -16.7892 89.0713 17.4272
v  -17.0276 89.2568 14.3154
v  -18.4792 89.2146 15.2082
v  -15.5523 89.2134 13.0998
v  -19.1775 88.3941 15.6258
v  -17.7059 87.9430 17.9728
v  -15.7866 87.5761 20.1882
v  -18.4831 87.9763 14.8506
v  -18.0444 88.3790 14.6458
v  -17.0175 88.6938 14.0493
v  -17.9905 86.7209 17.9316
v  -19.4334 86.9572 15.5581
v  -16.1585 86.3807 20.0701
v  -16.2482 85.2252 19.9327
v  -18.0992 85.5824 17.7686
v  -19.5647 85.9725 15.3979
v  -18.5506 86.8248 14.9100
v  -18.6551 85.9183 14.8147
v  -16.2483 84.0713 19.6823
v  -18.1587 84.4138 17.4358
v  -19.5261 84.9115 15.3076
v  -19.0480 84.6989 14.9217
v  -16.0328 83.7247 19.4782
v  -17.9158 84.0402 17.2073
v  -15.6252 88.6522 12.9796
v  -14.2218 82.1786 21.0882
v  -16.0048 82.3231 19.2209
v  -17.9729 82.6198 16.8870
v  -19.4772 83.0388 14.8767
v  -11.8367 86.9444 20.2890
v  -10.3870 86.8138 19.1658
v  -11.9625 85.8988 20.2329
v  -10.4754 85.8023 19.0969
v  -12.0459 84.7797 20.1115
v  -10.5677 84.7265 18.9849
v  -10.7057 83.4458 18.8895
v  -12.1825 83.5001 20.0016
v  -12.3478 82.1956 19.9133
v  -10.8518 82.0842 18.7813
v  -10.9818 80.4623 18.6022
v  -12.5272 80.4464 19.7622
v  -14.2900 80.5938 20.8717
v  -17.9311 81.1216 16.9107
v  -19.5181 81.4045 14.6007
v  -16.1873 80.8402 18.9740
v  -14.3385 79.1763 20.5845
v  -12.6890 79.1750 19.6444
v  -11.3788 79.1766 18.2986
v  -12.2386 78.6061 18.6108
v  -13.0812 78.4096 19.3528
v  -13.9691 78.5644 19.8901
v  -16.0555 79.3770 18.7263
v  -17.7500 79.7015 16.7384
v  -19.5168 80.1384 14.5515
v  -15.5925 78.6600 18.1864
v  -17.2217 78.9538 16.3248
v  -18.9017 79.4510 14.3326
v  -17.6198 83.1285 13.3210
v  -17.2859 84.6318 13.3174
v  -17.1124 85.8891 13.3919
v  -17.0701 86.7609 13.4999
v  -16.9503 87.8466 13.5943
v  -15.7122 87.8638 12.7700
v  -15.8879 86.7112 12.6537
v  -16.0375 85.7762 12.5987
v  -16.1630 84.4997 12.4854
v  -16.2149 82.9798 12.3072
v  -16.3808 81.5074 12.1831
v  -17.9433 81.6224 13.3177
v  -16.5504 80.3430 12.2688
v  -17.9733 80.2428 13.1375
v  -16.7589 79.7751 12.5745
v  -17.9257 79.4275 13.2455
v  -14.8500 78.3060 17.6039
v  -16.4585 78.5621 15.6764
v  -13.8720 78.4862 16.8428
v  -15.3993 78.8970 14.6557
v  -14.7097 79.6333 14.1831
v  -13.0282 79.2939 16.2060
v  -12.7274 80.8037 16.1426
v  -14.4639 80.9573 14.0905
v  -14.3673 82.6343 14.2017
v  -12.5742 82.2998 16.3230
v  -12.3912 83.7012 16.5330
v  -14.2162 84.0443 14.3740
v  -14.0813 85.3519 14.5275
v  -12.2556 84.9674 16.6875
v  -13.9619 86.4402 14.6637
v  -12.1503 86.0810 16.8069
v  -13.8680 87.4598 14.7688
v  -12.0758 87.1045 16.8892
v  -12.0282 87.9743 16.9408
v  -13.7951 88.3020 14.8504
v  -16.5583 89.7001 12.6116
v  -18.2745 90.1494 12.6648
v  -16.7622 89.1531 12.4522
v  -18.3806 89.6033 12.4815
v  -22.1004 81.9617 6.8873
v  -21.9933 81.7026 9.3786
v  -22.2350 83.3132 7.0590
v  -22.0921 83.0173 9.7622
v  -19.8609 90.3288 12.8085
v  -19.4985 89.4396 12.5700
v  -20.7195 89.4507 12.6427
v  -19.9700 88.9670 12.5463
v  -20.4549 87.5986 12.3221
v  -21.2022 87.7624 12.4974
v  -21.3286 86.5453 12.2984
v  -20.9139 86.1420 12.1767
v  -21.7427 86.3723 10.1941
v  -21.4200 86.0650 9.9820
v  -22.0249 86.6747 7.4369
v  -21.6512 86.4234 7.3970
v  -22.0449 86.9513 5.0707
v  -21.6668 86.7096 4.9801
v  -21.9388 87.5678 3.0255
v  -21.4593 87.1761 2.9737
v  -21.6954 87.9061 10.5278
v  -21.9396 88.2671 7.8145
v  -22.0203 88.4497 5.4298
v  -21.7544 88.8728 3.0557
v  -20.9254 88.5545 3.1395
v  -21.2531 89.6919 10.6891
v  -21.5119 90.0754 8.2255
v  -21.5251 90.3434 5.7345
v  -21.2347 90.7182 3.2613
v  -20.3676 89.9232 3.2454
v  -20.3767 91.4571 3.2274
v  -19.8639 90.4345 3.2835
v  -20.1766 90.7978 10.7175
v  -20.5836 91.1251 8.1496
v  -20.6082 91.2903 5.7934
v  -18.2634 90.6383 10.8906
v  -18.5798 91.1041 8.3195
v  -18.6321 91.3011 5.6453
v  -18.7062 91.2049 3.2966
v  -18.6890 90.6295 3.3288
v  -17.1413 90.8137 3.1345
v  -17.2505 90.1464 3.1727
v  -16.9444 90.6799 5.6776
v  -16.7935 90.3806 8.1027
v  -16.6647 90.1087 10.7806
v  -22.4052 83.5287 4.4092
v  -22.2807 82.2562 4.2323
v  -22.1804 82.4927 2.5660
v  -22.3011 83.7309 2.5780
v  -21.7766 82.6916 11.8731
v  -21.7692 81.3840 11.2516
v  -19.9706 82.3900 12.0267
v  -18.2615 82.0452 11.9261
v  -19.5823 84.0434 12.1981
v  -17.8086 83.4566 12.0379
v  -21.4894 84.5953 12.1092
v  -16.9930 89.7622 5.5001
v  -16.8620 89.3988 8.1035
v  -16.7208 89.0517 10.7608
v  -18.9400 89.6980 2.9248
v  -17.3961 89.3335 2.9306
v  -21.7419 84.9155 9.9723
v  -17.6322 87.8286 2.8097
v  -19.3905 88.3820 2.7905
v  -21.9323 85.2608 7.3093
v  -17.8979 86.4294 2.7019
v  -19.7443 86.8763 2.6423
v  -22.0155 85.8089 2.7914
v  -22.0252 85.5589 4.7680
v  -18.6917 88.7730 12.6889
v  -16.9892 88.2504 12.5830
v  -18.9162 87.1215 12.5198
v  -17.2529 86.7670 12.4341
v  -17.4895 85.2389 10.2016
v  -17.5728 84.9777 12.2360
v  -17.8130 83.6021 10.0374
v  -19.3243 85.5168 12.3501
v  -17.9232 83.9605 7.7337
v  -17.6085 85.5435 7.9166
v  -17.1635 88.9058 5.4072
v  -17.0339 88.4932 8.1049
v  -16.9011 88.1876 10.5631
v  -17.4605 87.4063 5.2584
v  -17.3095 87.0255 8.1443
v  -17.1846 86.8109 10.2845
v  -17.7409 86.0157 5.0463
v  -18.0588 84.4578 4.7599
v  -20.0664 85.4974 2.5024
v  -18.2459 85.0533 2.4878
v  -20.3956 83.4013 2.2886
v  -20.6180 82.1970 2.2401
v  -18.7582 83.1944 2.2707
v  -19.3034 82.0781 2.3950
v  -18.3818 82.8800 4.4581
v  -18.2336 82.4463 7.2965
v  -18.1057 82.1084 9.9302
v  -18.8465 81.8037 4.1582
v  -18.6480 81.4035 7.2593
v  -18.6107 81.1172 9.6085
v  -18.7139 81.0322 11.5511
v  -20.3729 81.1736 11.8198
v  -20.6031 80.6075 9.3799
v  -20.4750 80.7021 7.1221
v  -20.4439 81.1565 4.2599
v  13.7164 83.9772 20.2992
v  14.0703 84.4090 20.5787
v  13.2748 85.4605 20.1505
v  13.8882 85.4838 20.6913
v  13.0646 86.8260 20.2410
v  13.6296 86.9514 20.7140
v  12.7680 88.1157 20.3587
v  13.3439 88.5903 20.6872
v  11.5936 89.1172 19.5017
v  11.4606 89.7899 19.5079
v  10.2401 89.5677 18.7120
v  10.3730 88.9453 18.5947
v  12.7005 89.6222 20.4590
v  12.5268 88.7461 20.2726
v  11.6253 90.1040 16.9435
v  12.6915 90.4718 18.0701
v  14.1976 90.7495 16.2231
v  13.1255 90.3653 15.1866
v  13.9722 90.0987 19.0375
v  15.4375 90.4853 17.0912
v  15.6088 90.5420 14.5424
v  16.8130 90.5132 15.2650
v  14.3942 90.4444 13.5602
v  17.4826 89.4827 15.6387
v  16.3224 89.0673 17.5820
v  14.7828 88.7592 19.4166
v  16.9555 88.9207 15.0285
v  16.5476 89.4282 14.8457
v  15.6637 89.8124 14.3504
v  16.6952 87.5081 17.6015
v  17.8559 87.6497 15.6463
v  15.2246 87.2282 19.3717
v  15.4288 85.7516 19.3108
v  16.9131 86.0515 17.5188
v  18.0752 86.3881 15.5589
v  17.1412 87.4607 15.1281
v  17.3297 86.3024 15.0903
v  15.5588 84.2723 19.1580
v  17.0936 84.5477 17.2992
v  18.1630 85.0365 15.5329
v  17.7917 84.7531 15.2300
v  15.4197 83.8244 19.0081
v  16.9349 84.0648 17.1307
v  14.5176 89.7238 13.4869
v  14.1017 81.9831 20.4008
v  15.5544 82.0307 18.8609
v  17.1420 82.2421 16.9325
v  18.3333 82.6351 15.2652
v  11.5941 88.0315 19.5483
v  10.4105 87.8280 18.6454
v  11.8158 86.6985 19.5487
v  10.5976 86.5381 18.6340
v  12.0107 85.2692 19.4992
v  10.7950 85.1641 18.5902
v  11.0533 83.5301 18.5688
v  12.2678 83.6358 19.4659
v  12.5513 81.9714 19.4513
v  11.3274 81.7925 18.5406
v  11.6175 79.7207 18.4662
v  12.8966 79.7386 19.4053
v  14.3366 79.9574 20.2946
v  17.2766 80.3417 17.0191
v  18.5511 80.5436 15.1129
v  15.8720 80.1306 18.7248
v  14.5362 78.1404 20.1233
v  13.1734 78.1148 19.3651
v  12.0899 78.0640 18.2738
v  12.8644 77.3422 18.5495
v  13.5831 77.1196 19.1593
v  14.2993 77.3309 19.5860
v  15.9280 78.2610 18.5888
v  17.2871 78.5319 16.9429
v  18.6928 78.9332 15.1293
v  15.6260 77.3283 18.1827
v  16.9348 77.5684 16.6417
v  18.2625 78.0587 14.9847
v  16.7878 82.6940 14.0017
v  16.3426 84.6085 13.9334
v  16.0575 86.2122 13.9388
v  15.9244 87.3262 13.9883
v  15.7031 88.7122 14.0174
v  14.6780 88.7093 13.3506
v  14.9529 87.2361 13.3063
v  15.1819 86.0431 13.3024
v  15.4294 84.4136 13.2663
v  15.6435 82.4728 13.1886
v  15.9465 80.5932 13.1523
v  17.2248 80.7757 14.0646
v  16.2179 79.1165 13.2734
v  17.4050 79.0133 13.9790
v  16.4546 78.4089 13.5471
v  17.4579 77.9849 14.1039
v  15.0522 76.8591 17.7272
v  16.3481 77.0480 16.1342
v  14.2235 77.0622 17.1033
v  15.4346 77.4344 15.2920
v  14.7816 78.3549 14.8771
v  13.4349 78.0667 16.5521
v  13.0161 79.9857 16.4345
v  14.4291 80.0352 14.7437
v  14.1603 82.1725 14.7600
v  12.7212 81.8982 16.5156
v  12.4122 83.6928 16.6254
v  13.8767 83.9754 14.8383
v  13.6180 85.6467 14.9059
v  12.1577 85.3116 16.6955
v  13.3968 87.0384 14.9690
v  11.9452 86.7342 16.7438
v  13.2044 88.3408 15.0097
v  11.7683 88.0399 16.7656
v  11.6309 89.1480 16.7690
v  13.0493 89.4160 15.0390
v  16.1307 89.7001 12.6116
v  16.3346 89.1531 12.4522
v  17.8469 90.1494 12.6648
v  17.9530 89.6033 12.4815
v  21.6728 81.9617 6.8873
v  21.8074 83.3132 7.0590
v  21.5657 81.7026 9.3786
v  21.6645 83.0173 9.7622
v  19.4333 90.3288 12.8085
v  19.0709 89.4396 12.5700
v  19.5424 88.9670 12.5463
v  20.2920 89.4507 12.6427
v  20.0273 87.5986 12.3221
v  20.7746 87.7624 12.4974
v  20.9010 86.5453 12.2984
v  20.4863 86.1420 12.1767
v  21.3151 86.3723 10.1941
v  20.9924 86.0650 9.9820
v  21.5973 86.6747 7.4369
v  21.2236 86.4234 7.3970
v  21.6173 86.9513 5.0707
v  21.2392 86.7096 4.9801
v  21.5112 87.5678 3.0255
v  21.0317 87.1761 2.9737
v  21.2678 87.9061 10.5278
v  21.5120 88.2671 7.8145
v  21.5927 88.4497 5.4298
v  21.3268 88.8728 3.0557
v  20.4978 88.5545 3.1395
v  20.8255 89.6919 10.6891
v  21.0844 90.0754 8.2255
v  21.0975 90.3434 5.7345
v  20.8071 90.7182 3.2613
v  19.9400 89.9232 3.2454
v  19.4363 90.4345 3.2835
v  19.9491 91.4571 3.2274
v  19.7490 90.7978 10.7175
v  20.1560 91.1251 8.1496
v  20.1806 91.2903 5.7934
v  17.8358 90.6383 10.8906
v  18.1523 91.1041 8.3195
v  18.2045 91.3011 5.6453
v  18.2614 90.6295 3.3288
v  18.2786 91.2049 3.2966
v  16.7137 90.8137 3.1345
v  16.8229 90.1464 3.1727
v  16.5168 90.6799 5.6776
v  16.3659 90.3806 8.1027
v  16.2371 90.1087 10.7806
v  21.9776 83.5287 4.4092
v  21.8531 82.2562 4.2323
v  21.7528 82.4927 2.5660
v  21.8735 83.7309 2.5780
v  21.3490 82.6916 11.8731
v  21.3416 81.3840 11.2516
v  19.5430 82.3900 12.0267
v  19.1547 84.0434 12.1981
v  17.8339 82.0452 11.9261
v  17.3810 83.4566 12.0379
v  21.0618 84.5953 12.1092
v  16.5654 89.7622 5.5001
v  16.4344 89.3988 8.1035
v  16.2932 89.0517 10.7608
v  18.5124 89.6980 2.9248
v  16.9685 89.3335 2.9306
v  21.3143 84.9155 9.9723
v  17.2046 87.8286 2.8097
v  18.9629 88.3820 2.7905
v  21.5047 85.2608 7.3093
v  17.4703 86.4294 2.7019
v  19.3167 86.8763 2.6423
v  21.5879 85.8089 2.7914
v  21.5976 85.5589 4.7680
v  18.2641 88.7730 12.6889
v  16.5616 88.2504 12.5830
v  18.4886 87.1215 12.5198
v  16.8253 86.7670 12.4341
v  17.0619 85.2389 10.2016
v  17.3854 83.6021 10.0374
v  17.1452 84.9777 12.2360
v  18.8967 85.5168 12.3501
v  17.4956 83.9605 7.7337
v  17.1809 85.5435 7.9166
v  16.7359 88.9058 5.4072
v  16.6063 88.4932 8.1049
v  16.4735 88.1876 10.5631
v  17.0329 87.4063 5.2584
v  16.8819 87.0255 8.1443
v  16.7570 86.8109 10.2845
v  17.3133 86.0157 5.0463
v  17.6312 84.4578 4.7599
v  19.6388 85.4974 2.5024
v  17.8183 85.0533 2.4878
v  19.9680 83.4013 2.2886
v  20.1904 82.1970 2.2401
v  18.3306 83.1944 2.2707
v  18.8758 82.0781 2.3950
v  17.9542 82.8800 4.4581
v  17.8060 82.4463 7.2965
v  17.6781 82.1084 9.9302
v  18.4189 81.8037 4.1582
v  18.2204 81.4035 7.2593
v  18.1831 81.1172 9.6085
v  18.2863 81.0322 11.5511
v  19.9453 81.1736 11.8198
v  20.1755 80.6075 9.3799
v  20.0474 80.7021 7.1221
v  20.0163 81.1565 4.2599
v  -0.2138 85.5496 24.2160
v  -0.2138 83.4886 23.7009
v  1.7035 85.5928 24.0005
v  1.7476 83.4305 23.5704
v  -0.2138 81.2276 23.2548
v  1.7476 81.2460 23.0463
v  3.6055 83.4693 22.7943
v  4.3946 83.5680 21.6651
v  4.2946 85.2873 22.1364
v  3.5316 85.5712 23.2019
v  3.6861 81.3568 22.2708
v  4.5341 82.1344 21.4102
v  1.2199 86.0590 21.3978
v  -0.2138 86.1249 21.5068
v  2.5063 86.0281 21.1362
v  3.7708 85.8455 20.9400
v  -0.2138 81.9128 20.7040
v  1.4756 81.9578 20.4825
v  3.1985 81.9887 20.1383
v  4.0370 82.0232 20.0211
v  6.3507 85.7814 22.1043
v  6.4299 83.7704 21.7355
v  6.5417 81.4516 21.2915
v  5.2176 82.0471 19.0608
v  5.1595 86.1764 20.0009
v  8.6810 83.9721 20.4156
v  8.6428 85.9005 20.5592
v  8.7920 81.6676 20.1463
v  7.2906 82.2418 17.5406
v  10.5395 86.0917 18.8245
v  10.5660 84.2998 18.7582
v  10.7407 81.9452 18.5888
v  8.9045 82.1391 16.4779
v  11.2903 82.5986 17.4021
v  10.9820 84.5136 17.5378
v  10.9758 85.8334 17.7555
v  9.5936 86.5038 16.4693
v  8.8040 86.4294 17.3000
v  7.1531 86.2803 18.7117
v  10.0306 82.2546 15.7160
v  13.0131 82.4154 16.7489
v  12.7780 84.6368 16.9016
v  12.4963 86.5722 17.1190
v  10.6778 86.6623 15.3932
v  11.4912 82.3185 14.9787
v  14.5842 85.0654 15.0887
v  14.9113 82.8272 14.9052
v  14.2431 86.9890 15.3075
v  13.5070 82.5370 13.6863
v  16.5290 85.6377 12.3664
v  16.0734 87.7972 12.5656
v  16.9196 83.3675 12.2150
v  17.5339 86.3631 9.0982
v  17.2951 88.4753 9.3669
v  18.0147 84.1231 8.9836
v  17.8836 86.7703 5.7825
v  17.4704 88.8388 6.0792
v  18.3552 84.7754 5.4768
v  16.9685 89.5181 2.6485
v  17.4062 87.1804 2.1130
v  17.8359 85.2652 1.7039
v  15.6768 87.8648 -1.2723
v  15.2767 90.2158 -0.7190
v  15.9667 85.9379 -1.9332
v  12.3435 88.3963 -3.4352
v  12.0648 90.6699 -2.7216
v  12.6168 86.3571 -4.1394
v  8.6549 88.5134 -4.3050
v  8.4057 90.6610 -3.5556
v  8.7565 86.7428 -4.9551
v  4.3080 88.5361 -4.7365
v  4.2952 90.6302 -3.9573
v  4.3226 86.7869 -5.3317
v  -0.2138 90.5625 -4.1863
v  -0.2138 88.5275 -4.8254
v  -0.2138 86.8705 -5.3545
v  15.0971 82.9907 11.5071
v  16.2597 83.6006 8.3337
v  16.1758 84.1401 5.5451
v  15.7030 84.8052 2.1086
v  14.5552 85.2051 -0.4793
v  12.0258 85.5054 -2.3304
v  8.7453 85.5618 -2.9321
v  4.2354 85.5719 -3.0725
v  -0.2138 85.5456 -3.0500
v  12.3519 86.7128 13.8460
v  14.0556 87.1236 11.6493
v  15.2958 87.6667 8.5946
v  15.7290 88.2256 6.0313
v  15.4047 88.7613 3.0692
v  14.0494 89.4613 0.4020
v  11.5373 89.7726 -1.0570
v  8.1624 90.0163 -1.6801
v  4.4672 90.3492 -1.9377
v  -0.2138 90.4868 -2.1032
v  -2.1311 85.5928 24.0005
v  -2.1752 83.4305 23.5704
v  -2.1752 81.2460 23.0463
v  -3.9592 85.5712 23.2019
v  -4.7222 85.2873 22.1364
v  -4.0330 83.4693 22.7943
v  -4.8222 83.5680 21.6651
v  -4.1137 81.3568 22.2708
v  -4.9617 82.1344 21.4102
v  -1.6475 86.0590 21.3978
v  -2.9339 86.0281 21.1362
v  -4.1984 85.8455 20.9400
v  -1.9032 81.9578 20.4825
v  -3.6261 81.9887 20.1383
v  -4.4646 82.0232 20.0211
v  -6.8575 83.7704 21.7355
v  -6.7783 85.7814 22.1043
v  -6.9693 81.4516 21.2915
v  -5.6452 82.0471 19.0608
v  -5.5871 86.1764 20.0009
v  -9.0704 85.9005 20.5592
v  -9.1086 83.9721 20.4156
v  -9.2196 81.6676 20.1463
v  -7.7182 82.2418 17.5406
v  -10.9936 84.2998 18.7582
v  -10.9671 86.0917 18.8245
v  -11.1683 81.9452 18.5888
v  -9.3321 82.1391 16.4779
v  -11.4096 84.5136 17.5378
v  -11.7179 82.5986 17.4021
v  -11.4034 85.8334 17.7555
v  -9.2316 86.4294 17.3000
v  -10.0212 86.5038 16.4693
v  -7.5807 86.2803 18.7117
v  -10.4582 82.2546 15.7160
v  -13.2056 84.6368 16.9016
v  -13.4407 82.4154 16.7489
v  -12.9239 86.5722 17.1190
v  -11.1053 86.6623 15.3932
v  -11.9188 82.3185 14.9787
v  -15.3389 82.8272 14.9052
v  -15.0118 85.0654 15.0887
v  -14.6707 86.9890 15.3075
v  -13.9346 82.5370 13.6863
v  -16.9566 85.6377 12.3664
v  -16.5010 87.7972 12.5656
v  -17.3472 83.3675 12.2150
v  -17.7227 88.4753 9.3669
v  -17.9615 86.3631 9.0982
v  -18.4423 84.1231 8.9836
v  -17.8980 88.8388 6.0792
v  -18.3112 86.7703 5.7825
v  -18.7828 84.7754 5.4768
v  -17.3961 89.5181 2.6485
v  -17.8338 87.1804 2.1130
v  -18.2635 85.2652 1.7039
v  -16.1044 87.8648 -1.2723
v  -15.7043 90.2158 -0.7190
v  -16.3943 85.9379 -1.9332
v  -12.7711 88.3963 -3.4352
v  -12.4924 90.6699 -2.7216
v  -13.0444 86.3571 -4.1394
v  -9.0825 88.5134 -4.3050
v  -8.8333 90.6610 -3.5556
v  -9.1841 86.7428 -4.9551
v  -4.7356 88.5361 -4.7365
v  -4.7228 90.6302 -3.9573
v  -4.7502 86.7869 -5.3317
v  -15.5247 82.9907 11.5071
v  -16.6873 83.6006 8.3337
v  -16.6034 84.1401 5.5451
v  -16.1306 84.8052 2.1086
v  -14.9828 85.2051 -0.4793
v  -12.4534 85.5054 -2.3304
v  -9.1729 85.5618 -2.9321
v  -4.6630 85.5719 -3.0725
v  -12.7795 86.7128 13.8460
v  -14.4832 87.1236 11.6493
v  -15.7234 87.6667 8.5946
v  -16.1566 88.2256 6.0313
v  -15.8323 88.7613 3.0692
v  -14.4770 89.4613 0.4020
v  -11.9649 89.7726 -1.0570
v  -8.5900 90.0163 -1.6801
v  -4.8948 90.3492 -1.9377
v  1.1638 145.0097 17.6944
v  1.1804 145.8059 18.1784
v  -0.2138 144.8695 18.0300
v  -0.2138 145.7029 18.4587
v  0.9305 145.0831 17.3766
v  -0.2138 144.9731 17.6817
v  2.3509 146.0378 17.4382
v  2.3697 145.2593 16.9702
v  3.3218 146.3850 16.4787
v  3.2404 145.5659 15.9979
v  1.9575 145.3030 16.7035
v  2.8839 145.5563 15.7890
v  1.1672 146.4807 18.4673
v  -0.2138 146.4098 18.8167
v  2.3223 146.7100 17.7767
v  3.3471 147.0190 16.8270
v  3.7854 147.3345 14.2785
v  3.7402 147.9631 14.6805
v  3.6196 146.7374 14.0863
v  2.8667 146.2728 13.4210
v  3.1867 146.3406 13.6631
v  -1.6080 145.8059 18.1784
v  -1.5914 145.0097 17.6944
v  -1.3582 145.0802 17.3780
v  -2.7785 146.0377 17.4382
v  -2.7973 145.2593 16.9702
v  -3.7494 146.3848 16.4787
v  -3.6679 145.5662 15.9978
v  -2.3855 145.2977 16.7060
v  -3.3128 145.5450 15.7941
v  -1.5948 146.4801 18.4676
v  -2.7500 146.7091 17.7772
v  -3.7747 147.0186 16.8272
v  -4.1705 147.9464 14.6881
v  -4.2159 147.3168 14.2861
v  -4.0492 146.7241 14.0917
v  -3.6177 146.3143 13.6732
v  -3.2960 146.2583 13.4264
v  0.9266 146.0242 17.6927
v  -0.2138 145.9072 18.0148
v  1.9435 146.2605 16.9738
v  2.7797 146.5189 15.9960
v  2.6787 147.2401 13.5900
v  -1.3543 146.0219 17.6939
v  -2.3716 146.2541 16.9770
v  -3.2085 146.5092 16.0006
v  -3.1075 147.2293 13.5943
v  0.2921 146.8916 20.4019
v  0.4093 148.0106 20.2903
v  -0.2570 148.0570 20.4016
v  -0.3111 146.6785 20.5170
v  -0.3595 146.5628 19.4649
v  0.2757 146.8848 19.3631
v  0.3798 146.3690 19.1032
v  -0.3312 146.1189 19.2609
v  1.2626 146.7894 18.7261
v  1.1402 147.4713 18.7149
v  1.8588 146.9986 18.3884
v  1.7065 147.6904 18.3475
v  3.9125 145.8202 15.1956
v  3.6188 145.6055 13.3736
v  3.3917 144.9350 13.7066
v  3.7835 145.0506 15.5325
v  4.1522 146.9782 16.1487
v  3.5465 147.6187 16.9783
v  3.4882 146.6355 17.2631
v  3.8318 146.2636 16.7348
v  4.5017 145.8795 15.8446
v  3.8792 145.7246 16.3868
v  3.9042 145.1040 16.5947
v  3.8950 144.4935 17.0687
v  4.5402 144.8939 15.7112
v  4.4867 143.6387 16.5022
v  3.2313 143.6955 18.0746
v  3.7727 142.7924 17.7647
v  2.3145 142.3561 18.4533
v  2.2883 143.5616 18.6579
v  1.0951 142.4643 18.9540
v  1.0339 143.4361 19.0407
v  -0.0245 142.4085 19.1103
v  -0.0973 143.3131 19.1236
v  1.7512 147.9743 18.6695
v  1.2677 147.7260 19.1966
v  3.4091 148.4678 17.8616
v  2.4667 148.1872 18.3198
v  3.1520 148.2814 17.4040
v  2.3488 147.9650 17.9579
v  3.5943 144.5702 15.8167
v  2.9842 144.5700 14.2346
v  3.9978 148.3951 16.4466
v  4.5704 147.8410 15.2072
v  5.0309 145.9431 14.8746
v  5.2011 144.5309 14.8288
v  4.8325 142.5471 15.4700
v  3.9714 141.7503 17.3363
v  2.3665 141.6424 18.7040
v  1.1760 141.7399 19.5324
v  -0.0170 141.6908 19.8035
v  1.3015 140.3825 19.9726
v  -0.1074 140.3864 20.0317
v  2.4768 140.4292 19.3322
v  4.4185 140.7555 16.7338
v  5.2765 141.3572 14.8174
v  5.9115 143.8052 13.7683
v  5.6406 145.7753 14.0082
v  5.4577 147.8321 14.2274
v  3.8078 148.6060 16.7862
v  4.9517 148.8245 15.6831
v  4.1908 148.7546 17.2827
v  5.5250 149.0550 16.2238
v  5.8749 149.1235 14.4343
v  0.6341 145.5524 18.3319
v  0.6172 145.6474 18.9583
v  -0.2662 145.3634 18.4637
v  -0.2755 145.4278 19.1593
v  1.4622 145.9525 18.6649
v  1.4227 145.7683 18.1184
v  2.0825 146.1722 18.3774
v  2.0261 145.9476 17.7651
v  0.8924 143.8918 17.2736
v  0.7680 144.2764 15.4071
v  -0.2138 144.2819 15.4191
v  -0.1784 143.8065 17.4404
v  3.6849 146.4403 15.4386
v  3.1525 146.4825 16.3050
v  2.8579 144.0647 16.3732
v  2.0605 143.8981 16.8585
v  1.1397 139.1838 19.4285
v  -0.2132 139.1476 19.5394
v  2.4494 139.0587 18.7408
v  4.3160 139.3282 15.6986
v  5.3926 140.5970 13.4376
v  6.2944 142.4286 13.5106
v  7.0435 149.7999 12.9007
v  7.0727 148.2999 12.8038
v  6.9706 146.1807 12.4806
v  6.8428 144.4155 12.2044
v  6.6123 143.1027 12.0435
v  1.6144 144.3023 15.1331
v  6.7055 149.5689 15.0138
v  -0.2138 138.0377 18.2414
v  0.9642 138.0737 18.1336
v  2.0037 138.1017 17.4901
v  3.0703 138.3989 15.2531
v  3.5555 139.1774 13.3592
v  -0.2138 137.8930 16.0487
v  1.1979 137.9287 16.0610
v  1.3084 138.4425 14.0335
v  -0.2138 138.3587 14.1153
v  5.5687 141.3519 11.7484
v  3.3557 139.9884 11.2727
v  1.4291 139.1261 11.9074
v  -0.2138 138.7914 12.1721
v  7.5730 150.1165 13.4237
v  7.9708 150.9982 11.4532
v  7.5429 150.7209 11.2799
v  7.7225 151.6584 9.9539
v  8.2382 152.0551 9.8526
v  7.7881 153.6571 8.4631
v  8.0548 153.6280 8.7364
v  7.5233 155.1389 8.0673
v  7.0984 156.7568 8.0800
v  7.9871 156.6553 8.0865
v  8.0555 155.0757 8.2114
v  7.7539 159.1386 8.6613
v  7.4634 159.1822 8.6673
v  2.3749 144.3253 14.7338
v  8.0433 156.7824 8.5815
v  7.7773 158.4351 9.0922
v  8.2029 155.2198 8.7045
v  8.2384 153.9293 9.3009
v  8.1488 153.3263 10.6033
v  7.1414 157.1028 9.5787
v  7.0839 157.0942 10.2827
v  7.3559 157.9244 9.5604
v  0.6410 148.9137 20.0866
v  -0.2153 149.0175 20.2727
v  0.7795 149.8429 19.9048
v  -0.2138 149.9195 19.9817
v  1.0089 149.2991 19.4052
v  0.9133 148.6768 19.5996
v  0.9424 148.1439 19.5295
v  4.1612 150.8168 16.8828
v  4.6691 150.8420 16.3344
v  4.7082 151.2757 17.1015
v  5.2657 151.3001 16.5120
v  1.6375 149.3525 19.5238
v  2.4142 149.7702 19.2858
v  2.2076 150.4324 19.6431
v  1.3749 149.8591 20.1040
v  3.2595 151.2605 19.0488
v  3.5645 150.5331 18.7593
v  4.0827 152.1301 18.6318
v  4.3238 151.0614 18.3534
v  2.8747 151.8127 19.2310
v  7.1663 157.1266 8.9238
v  7.4271 158.4809 9.1271
v  7.7490 157.7970 9.5061
v  7.9141 154.5309 11.4719
v  8.0331 155.1207 10.4164
v  7.5526 156.5160 11.1426
v  7.4699 155.8888 12.3163
v  7.9942 156.1080 9.8318
v  7.7001 157.0180 10.2693
v  7.9410 156.9580 9.2982
v  3.9767 150.8143 17.7867
v  3.3572 150.3450 18.4370
v  3.1170 150.3029 17.9039
v  3.7447 150.6826 17.4122
v  7.6457 154.1722 12.9717
v  7.2856 155.4193 13.6045
v  2.5380 149.7882 18.8145
v  2.4112 149.8965 18.0442
v  2.0737 149.5963 18.0668
v  1.7790 149.3611 18.5549
v  4.9805 149.9722 16.5887
v  5.6284 150.6441 16.0629
v  4.8945 150.6713 16.1608
v  4.4175 150.1850 16.6238
v  3.7757 149.8191 17.0696
v  4.1066 149.6032 17.3756
v  3.3137 149.4168 17.9010
v  3.2116 149.6750 17.5459
v  2.5558 146.2712 17.0462
v  2.7530 146.4547 17.9161
v  2.3388 149.1326 18.3959
v  2.4810 149.4832 17.9118
v  5.5014 150.9541 16.1803
v  4.7863 150.7584 16.2140
v  6.4176 153.1627 16.8141
v  5.3330 152.7952 17.9033
v  6.2408 152.0846 16.7874
v  5.2275 151.7405 17.7856
v  2.5459 147.3043 17.9025
v  6.2448 150.2740 15.7739
v  6.4034 151.4318 16.0058
v  1.5458 149.2735 18.9139
v  1.3366 149.2460 19.1668
v  2.1072 148.7101 18.4904
v  3.2805 149.0129 18.0663
v  4.1704 149.1852 17.4213
v  5.3392 149.4690 16.5791
v  3.4992 150.0897 17.5078
v  7.2148 153.7360 14.7568
v  7.4949 152.1781 14.0294
v  7.9192 152.7479 12.1244
v  6.8808 156.2920 12.3985
v  6.7683 155.8550 13.7277
v  6.5071 155.4001 15.1246
v  5.8336 154.9185 16.8899
v  6.9115 155.0130 15.1548
v  6.2408 154.5308 17.0149
v  5.0994 154.1657 18.0807
v  4.6974 154.4529 17.8723
v  7.0114 151.6791 15.2775
v  6.9777 156.7494 11.2419
v  3.7604 152.9598 18.8499
v  3.2171 153.2739 18.6679
v  2.5119 151.9814 19.1463
v  1.8519 150.5104 19.6108
v  1.3834 148.3713 18.8696
v  3.5176 146.2127 13.4494
v  3.0973 146.5020 13.7574
v  2.6134 146.5223 14.1110
v  1.9650 146.4024 14.6070
v  1.2125 146.3574 15.0289
v  0.6436 146.3141 15.2034
v  -0.2138 146.2673 15.3259
v  -0.2138 145.3206 15.0381
v  0.7938 145.2979 14.9180
v  1.5150 145.3238 14.7022
v  2.2283 145.3622 14.3488
v  2.8469 145.4061 13.9314
v  7.1738 148.8887 10.9853
v  6.9685 146.8457 10.6688
v  5.7482 144.9125 10.2172
v  5.5046 143.3010 10.1650
v  4.9893 141.5984 10.4276
v  6.9482 149.5584 9.4240
v  6.7177 147.5496 8.7488
v  6.8754 145.4835 8.7216
v  7.0280 143.2998 8.6003
v  7.1609 140.9900 8.6087
v  7.8943 137.8203 8.5315
v  5.7182 137.6235 10.2179
v  3.8641 136.8585 11.5946
v  1.7224 136.6257 11.9995
v  -0.2138 136.5492 12.2118
v  7.6474 151.9701 7.9935
v  7.2370 150.2217 7.5729
v  6.9853 150.7130 5.8764
v  6.0173 150.9284 4.0117
v  7.2319 152.3730 6.0928
v  6.2379 152.9384 4.1910
v  7.2032 148.6298 5.3372
v  6.3727 148.8200 3.4778
v  7.4387 148.2249 7.3348
v  8.5920 146.2964 4.8379
v  8.4279 146.6722 2.6566
v  8.2450 146.1642 7.0903
v  8.9188 143.8312 6.6834
v  10.1395 144.0828 4.3873
v  11.2583 144.6268 2.1366
v  11.1310 144.4000 -0.7362
v  7.6864 146.7419 0.4021
v  5.6753 149.1878 1.3800
v  4.7309 151.1718 2.1231
v  4.1174 149.4739 -0.4244
v  2.9264 151.6182 0.4904
v  1.6158 149.4968 -1.4500
v  -0.2138 149.2061 -1.2585
v  -0.2138 151.5218 -0.0173
v  4.8464 153.3790 2.4748
v  2.6610 154.0558 1.0843
v  54.4203 98.4583 11.6352
v  53.5344 101.2582 9.9744
v  51.5927 100.6996 11.7624
v  52.7895 97.9729 12.7599
v  2.6383 146.5508 -3.0448
v  -0.2138 146.2957 -2.6032
v  5.7110 146.4441 -1.7665
v  4.2330 143.2487 -5.1466
v  -0.2138 142.7892 -4.5203
v  8.4933 143.4675 -3.5549
v  9.4088 141.7179 6.0387
v  12.0571 142.0374 4.3907
v  13.9513 142.5720 2.0393
v  14.2185 142.0448 -1.5446
v  11.2980 140.0121 -5.9322
v  5.0797 139.4996 -8.3097
v  10.7670 128.2870 -13.7769
v  10.6217 124.4539 -14.5432
v  5.4279 128.5117 -14.6821
v  5.3624 124.4372 -15.6296
v  10.6354 120.5139 -14.8324
v  5.3832 120.4235 -16.1402
v  15.3751 124.6735 -13.1026
v  15.3838 120.9310 -13.4951
v  15.6729 128.2673 -12.3784
v  10.4625 138.7567 6.2771
v  14.6008 139.2305 5.1034
v  17.1552 140.1108 2.5248
v  17.7804 139.8986 -1.1567
v  16.2792 137.8094 -5.0602
v  -0.2138 133.2726 13.4966
v  2.1140 133.2856 13.3694
v  4.4385 133.5411 12.8175
v  6.7377 133.8677 11.3036
v  9.3964 134.2303 9.7989
v  12.5217 134.8342 8.3351
v  16.9459 135.6783 7.1050
v  20.2965 137.8183 -0.2338
v  19.4184 137.5455 3.5192
v  19.8389 135.9829 -3.9211
v  19.6818 133.7614 -7.0949
v  15.5760 134.4521 -8.8836
v  10.9009 135.3204 -10.3921
v  19.8759 128.1681 -10.6039
v  19.7786 125.0886 -11.7176
v  23.7614 136.2320 0.6640
v  22.9210 136.0961 4.1254
v  18.5994 129.4115 14.4371
v  19.6162 125.8529 16.7547
v  22.2413 126.4441 12.7795
v  21.9412 129.7010 11.9684
v  20.7078 122.1441 17.5579
v  23.5355 123.7023 13.8844
v  24.7415 120.4471 12.8358
v  21.9153 118.1203 17.1115
v  24.4046 117.9105 12.0227
v  21.5762 115.3457 14.9673
v  -0.2138 120.6175 21.4730
v  -0.2138 117.3275 22.7233
v  3.3541 120.2533 23.0071
v  3.6961 115.9610 24.5195
v  6.7944 119.7514 23.5810
v  6.8448 114.9932 24.6488
v  10.6992 114.6833 23.9243
v  10.3534 119.6284 23.2576
v  13.9265 119.9122 22.0684
v  14.6409 114.6793 22.0315
v  17.3882 120.7158 20.1118
v  18.2393 115.5311 19.6861
v  15.3895 128.7583 17.0300
v  16.4195 124.9892 19.1202
v  13.8368 131.8749 11.4639
v  10.9503 131.4905 14.9508
v  12.1187 128.2499 18.5576
v  8.1164 131.0680 16.5220
v  9.0184 127.8072 19.4906
v  5.9224 127.6679 19.6756
v  5.3140 130.8031 16.9697
v  2.8289 127.7881 19.0604
v  2.4092 130.6730 15.6338
v  -0.2138 127.6900 16.9638
v  -0.2138 130.4749 14.6622
v  13.0660 124.3905 20.7428
v  9.7571 123.9990 21.6902
v  6.4263 123.9806 21.8606
v  3.0932 124.2613 21.1248
v  -0.2138 124.3675 19.3733
v  17.9757 113.4429 17.3993
v  13.8288 112.1362 19.6066
v  9.6224 111.8284 21.8724
v  5.6036 112.3423 23.3004
v  2.5065 112.9974 23.6393
v  -0.2138 114.0747 23.0751
v  17.6454 132.4666 10.5607
v  21.7396 132.6998 10.6084
v  22.4166 135.1221 7.9948
v  23.0373 115.3291 10.7281
v  20.3049 113.0653 12.5998
v  22.1456 112.7208 8.6443
v  20.3863 110.0219 10.7208
v  20.5525 107.3004 7.4497
v  21.7872 111.0081 4.8596
v  20.4767 106.2239 3.3686
v  19.7361 105.9349 -2.2325
v  21.8042 111.6901 -0.6736
v  21.9104 111.2402 2.0217
v  19.8522 110.3480 -8.4751
v  22.1971 112.8001 -5.1407
v  20.2077 114.6792 -11.6972
v  23.4048 115.7735 -8.8707
v  24.3942 120.8687 -10.9165
v  24.8666 123.4354 -11.3851
v  30.5254 119.4189 -9.9477
v  31.2740 122.6561 -10.3739
v  24.8015 125.8540 -10.9830
v  19.5703 121.7583 -12.3931
v  23.9411 135.1935 -2.8727
v  23.8954 133.4568 -6.0029
v  24.7034 128.5339 -10.0164
v  18.4450 107.0323 14.0993
v  18.0073 110.9828 15.6556
v  18.0819 101.2730 5.0375
v  16.6617 100.9720 0.2677
v  18.1652 102.2041 11.2328
v  13.4704 100.5029 -3.7605
v  15.5329 104.5480 -7.2306
v  15.7092 109.3379 -11.0345
v  15.6599 113.6401 -13.3606
v  19.8294 118.3340 -12.6864
v  15.4124 117.5250 -13.6624
v  9.2478 100.5359 -5.9395
v  10.3977 104.6219 -9.7377
v  5.2449 105.0195 -9.8899
v  4.5772 100.7231 -6.2994
v  -0.2138 100.6832 -5.4092
v  -0.2138 104.9662 -7.4641
v  -0.2138 108.9281 -10.6918
v  5.4516 109.0350 -12.7899
v  10.7018 108.9119 -12.5351
v  10.7496 113.1320 -14.6299
v  5.4637 113.0687 -15.0557
v  -0.2138 112.9244 -13.8127
v  5.3792 116.6936 -16.1122
v  -0.2138 116.6302 -14.8503
v  10.5937 116.9610 -14.9918
v  -0.2138 138.7881 -7.3007
v  -0.2138 154.2885 0.4038
v  5.4094 135.7939 -11.0262
v  -0.2138 120.3517 -15.0512
v  -0.2138 124.4226 -14.5876
v  -0.2138 128.3422 -13.4898
v  -0.2138 135.2341 -9.8324
v  4.2188 96.1573 -4.3354
v  -0.2138 96.1135 -3.6670
v  8.3357 96.0196 -3.2188
v  12.0114 95.8395 -1.0067
v  14.9040 95.9220 2.0793
v  16.1486 95.6153 10.8864
v  16.3756 95.7191 5.9566
v  14.9300 100.4728 16.8982
v  14.0741 94.7806 15.5736
v  11.0308 99.5364 20.8055
v  10.6418 94.1610 19.5929
v  7.0512 93.8023 22.2296
v  7.2060 99.1935 23.2253
v  15.0917 105.5138 18.5315
v  14.6952 109.4259 19.0518
v  10.5868 108.7551 22.0269
v  11.0775 104.4365 22.1058
v  7.1806 104.0798 24.3931
v  6.3903 108.7860 23.9009
v  2.6708 109.3561 24.3863
v  -0.2138 109.4814 24.0177
v  -0.2138 104.2793 25.1623
v  3.3118 104.2628 25.4012
v  3.4651 99.1062 24.3651
v  -0.2138 99.0663 24.2474
v  3.4678 93.5746 23.5339
v  -0.2138 93.5637 23.4972
v  3.3825 87.8560 22.8122
v  -0.2138 87.8290 22.8411
v  6.7669 88.1099 21.2883
v  10.3396 88.5877 18.5130
v  13.4244 89.1917 14.6792
v  15.3242 89.8430 10.1838
v  16.2707 90.1578 5.7290
v  15.0360 90.5326 0.8946
v  3.9453 91.1599 -3.1515
v  -0.2138 91.1031 -2.8083
v  8.0625 91.1621 -2.3175
v  12.0170 90.7825 -1.5124
v  -0.2138 82.0992 21.7210
v  3.1602 82.0837 21.6261
v  6.5465 82.2475 19.8847
v  10.3222 83.0748 16.9939
v  13.9484 83.6685 14.9117
v  16.7364 84.2496 10.7504
v  17.3035 84.8447 5.0536
v  15.8494 85.1669 -0.6955
v  12.8574 85.4173 -3.3599
v  8.5751 85.8801 -4.3338
v  4.0851 85.9767 -4.4824
v  -0.2138 85.8942 -4.5733
v  27.7101 123.0232 13.7508
v  27.2795 125.1746 13.5235
v  31.2616 123.2555 13.5494
v  31.1816 125.8528 13.1257
v  30.4585 128.3076 12.4918
v  26.6362 127.6414 13.0247
v  35.2110 126.2236 11.1480
v  36.2695 122.8007 11.5940
v  37.6086 125.9737 7.3929
v  39.6801 121.8491 7.3017
v  40.9219 121.6136 2.1144
v  38.4350 125.5685 2.1057
v  37.6478 125.6601 -2.3402
v  39.7859 121.3821 -2.8484
v  35.2415 122.0459 -8.1258
v  34.5084 125.6966 -6.9163
v  30.5333 126.2099 -9.2876
v  24.3255 131.2430 -8.3604
v  19.8291 131.1168 -9.1366
v  26.5069 135.1990 4.8312
v  26.9758 135.0518 1.4302
v  29.0495 134.1761 5.0184
v  29.4746 134.0393 2.1034
v  31.3856 132.3821 8.2356
v  30.5049 133.2074 7.1191
v  29.0902 132.5071 9.5879
v  28.8573 133.6970 7.5910
v  36.3946 128.4303 2.4174
v  35.7654 128.7390 7.0394
v  26.0661 130.1959 11.9732
v  25.6485 132.7305 10.2251
v  26.1134 134.3840 7.9308
v  29.6425 130.5123 11.3959
v  33.8595 128.8077 10.4492
v  32.5677 130.8677 9.5075
v  34.1241 130.8062 6.5892
v  34.5379 130.4921 2.5031
v  32.5436 132.2935 5.8434
v  32.8379 132.0254 2.5991
v  30.9509 133.2971 5.1922
v  31.2627 133.1331 2.6086
v  31.2539 132.8900 0.6205
v  29.8743 133.4238 -0.5262
v  27.2242 134.2285 -1.6886
v  32.3312 131.9778 -0.1349
v  30.7969 132.3208 -2.4658
v  27.9672 132.9230 -4.1425
v  29.8826 128.8907 -7.8114
v  5.4696 132.3145 -13.1800
v  10.8522 131.8757 -12.4180
v  33.8593 130.4918 -0.9645
v  35.5875 128.4282 -1.7622
v  33.4057 128.6388 -5.3003
v  15.7832 131.5050 -11.0507
v  28.8913 131.1259 -6.1641
v  32.0763 130.7642 -3.9971
v  -0.2138 131.8743 -12.0507
v  30.3506 120.5751 12.6528
v  27.5921 120.7146 12.6893
v  35.3187 119.6405 11.4287
v  39.1541 118.8828 7.1827
v  41.1750 119.2928 1.9216
v  39.7934 118.8663 -3.0310
v  35.0412 118.9708 -7.8963
v  23.9230 118.8735 -10.9622
v  41.8391 115.5897 6.6196
v  43.5721 116.6564 2.2461
v  48.8969 109.0251 -0.5216
v  48.7416 109.9033 2.2780
v  50.9669 107.0447 0.6653
v  50.4965 107.9738 2.9714
v  51.9250 106.6056 3.3792
v  52.2319 105.7445 0.8706
v  23.5197 113.1476 -4.2186
v  25.0407 115.2828 -8.2234
v  25.3171 110.8130 -4.7994
v  27.0765 112.1725 -9.2549
v  39.8674 113.5748 10.5573
v  37.6167 116.6656 11.3457
v  34.7993 113.5222 13.0940
v  37.1701 110.6768 12.1278
v  39.3913 108.0044 10.8041
v  36.9549 105.4915 11.1762
v  41.5410 105.4751 9.8225
v  39.3363 103.0383 9.7449
v  29.3557 118.5699 11.9169
v  27.3114 116.2294 11.6025
v  32.2780 116.2299 12.9227
v  34.5955 108.0111 12.5394
v  32.2533 110.7999 12.9180
v  29.8934 113.6838 12.5479
v  55.6948 100.4738 3.6440
v  56.2068 99.1348 0.8931
v  56.8555 99.5789 0.7108
v  56.8343 100.8247 3.6694
v  25.5508 114.5583 10.4508
v  27.9331 111.8197 11.0500
v  24.5181 112.8977 8.4746
v  26.4021 110.4894 8.3369
v  28.4905 107.3661 8.5178
v  30.0769 108.6773 11.1298
v  24.0107 111.5673 5.4410
v  27.4170 106.6148 5.3580
v  25.6077 109.4909 5.1178
v  29.5290 104.2290 5.3645
v  30.7275 104.7732 8.3245
v  32.3349 105.8023 10.9361
v  43.9689 112.7917 6.5578
v  42.0580 110.8045 9.3354
v  45.6519 113.9784 2.3083
v  55.7878 101.1965 0.2332
v  56.0000 102.6132 2.9025
v  54.8268 104.2187 2.0849
v  54.6301 102.8114 -0.5111
v  29.1560 109.0487 -9.3738
v  27.0048 107.4591 -5.5356
v  36.3802 106.2865 -8.8655
v  33.0706 103.5085 -7.6162
v  31.1362 106.1389 -8.8110
v  34.2517 109.2065 -9.8712
v  53.0211 105.5525 1.1271
v  53.2459 104.4801 -1.6252
v  48.2780 103.9189 -4.2358
v  47.7515 100.5725 -5.7038
v  45.8741 101.5785 -6.9014
v  47.4135 108.1578 5.9087
v  49.3450 108.1355 5.9396
v  47.8306 110.2576 1.8838
v  43.8423 99.8720 -8.0405
v  46.2240 97.8833 -7.0246
v  39.4222 97.2450 -6.8783
v  41.6861 98.3036 -8.0603
v  43.7717 95.3753 -6.9003
v  41.1320 94.4299 -5.1996
v  49.6871 100.9394 -5.9986
v  50.5827 104.2385 -4.4088
v  29.1086 104.6534 -5.1867
v  31.2688 102.3858 -4.0964
v  34.5320 100.9293 -5.9929
v  33.0676 100.0836 -3.0480
v  39.0107 102.9935 -8.1989
v  47.9001 109.4149 -0.6987
v  32.2525 112.1530 -10.8026
v  29.8673 115.4059 -11.2797
v  34.6575 103.3045 9.9730
v  32.9319 102.3619 7.7055
v  31.5469 101.9085 5.1387
v  52.7936 106.5348 3.7320
v  44.4893 104.1887 -6.9114
v  42.6963 106.5326 -7.4211
v  45.4016 109.1897 -4.5607
v  47.3104 107.6845 -3.4793
v  42.0320 102.2842 -8.2225
v  39.9461 100.9614 -8.0775
v  37.7684 99.7905 -6.9926
v  35.7655 98.6410 -5.3955
v  34.1746 97.1851 -2.5821
v  46.5160 110.8518 -0.9080
v  46.8375 111.5455 2.3061
v  48.7883 107.6056 -3.3222
v  40.9927 109.3368 -7.9200
v  38.7279 112.2939 -8.9450
v  36.4311 115.1988 -9.6820
v  34.7266 116.8807 -9.7039
v  45.7388 110.3461 6.4368
v  43.8609 108.2178 8.5409
v  45.7573 106.7013 8.2267
v  37.3715 94.3737 -2.9221
v  37.0506 96.5059 -5.3370
v  27.0626 117.2033 -10.8367
v  44.0612 103.5016 9.0807
v  41.8815 100.7466 8.5131
v  37.0409 100.9086 8.7370
v  39.4489 98.4411 7.3126
v  34.9583 99.7507 6.9625
v  37.3127 97.0255 5.5775
v  33.2773 99.5570 4.8391
v  34.2989 97.3769 4.7945
v  33.7537 96.8375 2.6737
v  32.3249 99.1437 2.4434
v  32.4812 99.5630 -0.5225
v  33.7140 96.5890 -0.3204
v  51.1649 105.7828 -1.7083
v  52.3409 104.4346 -1.6590
v  51.7713 103.3386 -3.7419
v  50.4461 107.0233 6.5439
v  51.7091 107.2003 6.4574
v  52.9089 103.3853 -3.5079
v  54.4440 101.3258 -2.6789
v  54.0114 105.1889 4.7806
v  52.6344 106.1024 7.6817
v  51.2355 105.5534 7.5911
v  53.7058 104.4329 8.7780
v  52.2867 103.8236 8.7466
v  53.0607 102.6453 9.4182
v  54.3915 102.9809 9.4357
v  55.1852 103.6604 5.6315
v  55.5525 99.8383 -2.0407
v  53.4105 100.9877 -2.6929
v  54.3438 99.3185 -2.0938
v  56.3203 98.2845 -1.5204
v  55.0009 97.8827 -1.5635
v  56.0612 102.1735 6.2745
v  55.2793 101.6235 6.2964
v  45.1253 113.2194 -1.0856
v  43.5316 111.7539 -4.7349
v  42.4263 115.7520 -1.7475
v  41.1874 114.4997 -5.5355
v  38.6341 117.3849 -6.5851
v  23.4635 111.5772 -0.9084
v  25.0026 109.2722 -1.7561
v  26.6436 106.5933 -1.9415
v  28.6608 104.3498 -1.4775
v  30.7560 102.1951 -0.7336
v  23.7034 111.2047 2.2911
v  25.1422 108.9686 1.5887
v  26.7761 106.3244 1.5229
v  28.8208 104.0694 1.8506
v  30.7609 101.7614 2.1151
v  47.0173 106.8777 8.3644
v  35.8322 95.4175 0.9772
v  36.0140 95.9547 2.7464
v  47.8037 97.1391 -6.7191
v  44.9949 94.2107 -6.2679
v  41.6345 93.2631 -4.7446
v  37.7393 93.4268 -2.1060
v  35.9967 93.9354 0.8582
v  35.6952 94.2651 3.4967
v  36.8238 95.4313 6.5126
v  39.0405 96.9633 8.4099
v  42.1479 99.7852 9.7903
v  44.4857 103.0925 10.0541
v  48.0829 105.3840 9.3907
v  45.5830 102.1638 10.8903
v  43.2609 98.7002 10.6911
v  40.9818 95.7684 9.5336
v  39.2408 93.4927 7.7644
v  38.2718 91.6563 4.9133
v  38.5563 90.8630 1.5684
v  40.4104 90.7703 -1.2793
v  43.4294 91.2777 -3.8607
v  46.4296 92.7709 -5.5731
v  49.1157 95.6129 -6.0877
v  50.9606 99.5876 -5.3328
v  52.6520 97.2924 -4.1050
v  50.7797 93.8567 -4.8869
v  48.1848 90.9753 -4.4503
v  45.4414 89.3386 -2.6673
v  43.0680 88.7555 -0.1016
v  41.3577 88.9965 2.8202
v  40.8718 89.9261 5.9313
v  41.4610 91.7612 8.8754
v  42.6972 94.1273 10.8572
v  44.6528 97.1197 12.0498
v  47.1634 100.6551 12.1729
v  49.8339 103.4795 10.4736
v  -0.2138 151.0046 19.8960
v  0.7595 150.9362 19.9382
v  1.4880 151.3692 19.7153
v  1.8684 152.5501 19.3182
v  2.6346 154.2039 18.9122
v  4.0342 155.0881 18.0917
v  5.0453 155.8278 17.2473
v  5.7840 156.5597 15.9142
v  6.1792 157.0866 14.5824
v  6.3258 157.5521 13.1644
v  6.3857 157.9096 11.7416
v  0.8879 152.6125 19.6028
v  -0.2138 152.7008 19.6878
v  -0.2138 154.1732 19.5558
v  1.2071 154.2385 19.3954
v  1.2812 155.9167 18.9978
v  -0.2138 155.9774 19.1047
v  2.6298 155.7821 18.5803
v  3.6308 155.8234 18.0791
v  4.1126 156.5504 17.5139
v  4.6616 157.3470 16.6019
v  6.4366 158.1145 10.5408
v  6.5083 158.0790 9.6410
v  6.3989 158.0896 8.4845
v  6.6279 157.1783 7.2384
v  1.3796 157.3713 18.2999
v  -0.2138 157.5611 18.3579
v  2.8391 156.9818 17.9135
v  3.1517 158.1103 17.0218
v  1.5082 158.6535 17.2880
v  -0.2138 158.7928 17.4345
v  -0.2138 159.8961 16.0991
v  1.6465 159.6839 15.9632
v  3.3839 159.1172 15.7227
v  5.0780 158.0874 15.4105
v  50.4939 96.4911 13.9062
v  49.0230 98.6453 13.2119
v  6.3137 154.6714 4.5475
v  4.8079 155.3817 2.8700
v  2.6111 156.3347 1.6860
v  -0.2138 156.8309 1.0856
v  6.1068 156.3932 5.0525
v  7.0218 155.7389 6.6320
v  7.2736 154.0789 6.3782
v  4.5677 157.2617 3.7455
v  2.4597 158.0382 2.7672
v  -0.2138 158.5463 2.2632
v  56.0019 99.1084 11.7641
v  54.8505 101.6923 10.0901
v  5.8071 157.7757 6.0099
v  4.3599 158.6751 4.9916
v  2.3266 159.4498 4.2585
v  -0.2138 159.8244 3.9141
v  55.6635 96.7284 -0.8914
v  56.5123 98.3986 1.2868
v  57.0934 97.1144 -0.9242
v  57.6268 98.5838 1.3111
v  5.6089 158.7521 7.4379
v  4.1002 159.7755 6.8472
v  2.1121 160.4630 6.3163
v  -0.2138 160.7327 6.1474
v  56.5689 99.7206 3.9851
v  57.7321 100.0863 4.1805
v  5.4133 158.6958 13.7637
v  5.5136 159.0991 11.9783
v  5.5696 159.2733 10.4657
v  5.6061 159.1546 9.0484
v  3.9061 160.4393 8.9103
v  1.9274 161.1251 8.6982
v  -0.2138 161.3945 8.5892
v  55.6791 100.7894 6.8169
v  56.5300 101.0801 7.1293
v  3.8165 160.6304 10.7608
v  1.8605 161.3594 10.8074
v  -0.2138 161.5747 10.8640
v  3.7444 160.4635 12.5219
v  3.5950 159.9608 14.2150
v  1.7235 160.5311 14.4075
v  1.8076 161.1378 12.6990
v  -0.2138 161.3283 12.7517
v  -0.2138 160.7380 14.4970
v  54.3604 94.6942 -2.4573
v  52.5802 91.8943 -3.1890
v  50.1855 89.2033 -2.7899
v  47.6024 87.5066 -1.1005
v  45.4824 86.9633 1.4667
v  43.8996 87.3098 4.3457
v  43.2902 88.2978 7.2494
v  43.5813 90.1521 10.0172
v  44.4834 92.3387 12.0749
v  46.2492 95.2290 13.2964
v  47.7819 93.1137 14.3021
v  46.1322 90.4394 13.1403
v  45.5375 88.4184 11.0382
v  45.5584 86.9248 8.4304
v  46.3675 86.0096 5.9366
v  47.8170 85.6035 3.2626
v  49.8059 86.0222 0.8608
v  54.4386 89.7098 -1.4122
v  52.2123 87.4560 -0.8625
v  56.1492 92.0615 -0.4878
v  58.6533 94.3463 0.5702
v  57.1136 93.6191 0.7090
v  57.8124 98.4010 8.7408
v  59.0853 97.2172 5.7032
v  58.9630 95.7689 2.7920
v  6.1604 75.6500 20.0352
v  2.8679 76.2340 21.0970
v  -0.2138 76.6030 21.2533
v  2.7246 73.3243 20.6018
v  3.0459 70.8119 19.2135
v  -0.2138 71.6648 19.6996
v  -0.2138 69.5279 17.7375
v  10.7116 77.6951 18.1985
v  14.8157 78.3645 15.5672
v  18.1342 78.8624 11.0620
v  18.6284 79.4801 4.6403
v  16.2806 80.1058 -1.3081
v  4.3933 80.9591 -7.0313
v  -0.2138 80.5019 -7.2605
v  8.9973 81.0048 -6.3829
v  13.1707 80.6300 -4.7252
v  2.6742 68.9886 -3.9329
v  1.3154 68.8508 0.9087
v  -0.2138 69.6540 -1.7658
v  -0.2138 70.2742 1.1648
v  4.4846 65.0922 -1.6352
v  2.0791 63.9299 1.6452
v  7.6242 66.1939 -3.3726
v  6.4101 69.7932 -5.6950
v  10.2237 71.0088 -6.0104
v  11.1961 67.4743 -4.1406
v  7.3166 72.1433 19.1775
v  2.7826 68.8892 16.8749
v  13.4595 72.8478 -4.7047
v  14.8422 68.7297 -3.0343
v  16.2328 75.3524 -2.1267
v  18.5133 69.5240 -0.2245
v  20.0162 74.2937 4.3367
v  21.2280 69.1627 4.7753
v  19.7850 73.6340 11.2817
v  21.0214 68.6783 11.7693
v  -0.2138 68.6010 14.0478
v  17.0038 68.5531 16.8848
v  15.8743 73.4355 16.0411
v  12.1484 68.4291 18.9700
v  11.3435 73.1892 18.5274
v  8.1623 67.4769 18.6786
v  4.4477 66.0314 16.4731
v  -0.2138 70.2837 -5.1353
v  1.6138 70.2367 -5.2303
v  4.6449 72.6673 -7.1539
v  -0.2138 73.4966 -7.0459
v  4.6857 76.6534 -7.7071
v  -0.2138 76.4279 -7.6105
v  9.1606 76.9129 -7.2344
v  12.9657 76.7515 -5.4726
v  9.2628 73.6484 -7.0969
v  12.0181 74.3930 -6.0091
v  1.3803 64.6644 9.5186
v  1.0638 67.7606 9.1746
v  61.5274 90.4754 9.6696
v  61.5625 88.8904 6.7597
v  60.2337 94.2761 7.4085
v  60.1370 92.5684 4.3602
v  2.2912 64.9746 13.1794
v  1.7863 67.2455 12.5494
v  -0.2138 70.1544 10.9719
v  -0.2138 71.0791 7.8504
v  59.1062 95.1296 10.4709
v  60.1271 91.6696 12.3159
v  13.8202 59.4507 17.7002
v  14.5814 55.1441 16.3149
v  18.1385 59.5342 15.6009
v  18.3777 55.3701 14.2337
v  13.0151 63.8962 18.6099
v  9.0571 63.0935 18.4975
v  21.6857 64.0673 11.8087
v  17.7101 63.9525 16.5694
v  21.8990 64.6775 5.2994
v  19.5084 65.1773 0.1851
v  15.8619 64.5184 -2.4638
v  12.0412 63.2908 -3.3053
v  8.4227 61.8047 -3.1032
v  5.2920 60.6404 -1.6034
v  2.8546 59.3904 1.6825
v  2.1090 60.4425 9.4722
v  58.2217 92.3268 15.0118
v  57.0864 96.1099 13.2959
v  3.2488 60.8191 13.3983
v  5.3235 61.9827 16.5040
v  10.0550 58.7131 17.8373
v  6.5319 57.4878 15.9832
v  4.4861 56.6624 13.0426
v  3.3285 56.4065 9.0993
v  3.4381 55.2932 1.8168
v  55.6048 95.1800 13.3340
v  57.0148 91.7904 15.0162
v  5.9351 56.4682 -1.8730
v  9.1289 57.5406 -3.2929
v  12.7580 58.9887 -3.2497
v  16.4565 60.1405 -2.3229
v  19.9194 60.6664 0.4147
v  22.2764 60.0898 5.3684
v  21.9237 59.6345 11.3631
v  11.1593 54.3900 16.5457
v  7.8484 53.2650 15.1899
v  5.7768 52.7382 12.5435
v  4.5188 52.5993 8.8856
v  4.4576 51.7391 2.1121
v  53.8331 94.4658 14.4837
v  6.7427 52.7641 -1.8323
v  9.8740 53.7478 -3.1466
v  13.4388 55.0637 -2.9569
v  16.8929 55.8461 -2.0281
v  20.0515 56.1995 0.6989
v  22.2419 55.8270 5.0706
v  21.8725 55.4585 10.5343
v  17.1688 52.1715 -1.5810
v  13.9402 51.5965 -2.4842
v  17.4346 48.9592 -1.5957
v  17.6743 46.1938 -2.2266
v  14.4092 48.5438 -2.3027
v  14.7934 45.8754 -2.6548
v  14.8669 43.5189 -3.3071
v  17.8408 43.6975 -3.1028
v  17.6395 41.5078 -4.1407
v  18.7122 41.7661 -5.7564
v  14.4760 41.3621 -5.9226
v  14.7190 41.4078 -4.0929
v  12.3491 50.5510 15.1645
v  15.2861 51.1158 15.0508
v  13.2867 46.8165 14.9713
v  15.8769 47.1659 15.0035
v  14.2773 43.1444 13.5915
v  16.7272 43.3123 13.5213
v  14.6884 40.0199 11.3211
v  17.2235 40.0862 11.1306
v  15.1818 37.3887 10.0641
v  17.8026 37.3564 9.8523
v  18.4881 51.5265 12.7665
v  21.5373 51.7026 9.4481
v  22.0152 52.2188 4.2946
v  20.0806 52.3335 0.8334
v  10.6335 50.5007 -2.6184
v  7.7212 49.6131 -1.2814
v  5.8162 48.7074 2.4835
v  5.8781 49.1925 8.6535
v  51.6372 92.8955 15.5772
v  7.2334 49.2799 11.8885
v  9.4109 49.7543 14.1212
v  18.9671 47.7360 12.2579
v  20.9364 48.2686 8.4779
v  21.9759 48.8010 3.7794
v  20.2768 48.9678 0.4950
v  11.3623 47.7287 -2.1139
v  8.6984 46.9302 -0.5532
v  7.2011 46.0650 2.9136
v  7.3564 46.3061 8.1979
v  48.7163 90.5381 15.5162
v  8.9593 46.4695 10.8004
v  10.9949 46.5709 13.1675
v  11.9984 43.3690 12.4694
v  10.0900 43.6092 10.1506
v  8.4897 43.6409 7.7264
v  8.0399 43.6038 2.9132
v  47.3799 88.5088 14.1635
v  9.2242 44.5450 -0.3956
v  11.8944 45.3131 -2.1285
v  20.6735 46.0480 -0.2665
v  21.9143 45.7413 3.0025
v  20.8670 45.0882 7.3458
v  19.3936 44.2417 11.2725
v  12.7057 40.2563 10.6800
v  10.6926 40.6209 9.0314
v  9.3066 41.0334 6.9263
v  8.4127 41.5655 2.5806
v  47.1607 86.9348 12.0819
v  9.1526 42.3077 -0.6542
v  11.9529 43.1676 -2.6544
v  21.1195 43.7082 -1.1631
v  22.2151 43.2613 2.1558
v  21.1916 42.1069 6.5605
v  19.4525 40.8681 9.4565
v  11.7138 41.5447 -3.1349
v  9.0846 41.3791 -0.7855
v  8.4926 40.8508 2.4554
v  9.5689 39.6441 6.4146
v  47.4427 85.6264 9.5476
v  10.9037 38.6652 8.2428
v  13.2774 37.8631 9.6661
v  19.6956 38.1066 8.8285
v  21.9492 39.8536 5.6711
v  22.6598 41.3985 1.4014
v  21.4230 42.0020 -1.9465
v  22.7609 42.0388 -3.4920
v  24.5721 41.6013 0.1512
v  23.7854 39.5653 5.9872
v  21.0050 37.4831 9.7374
v  18.2592 36.5856 11.1956
v  15.2747 36.7580 11.2804
v  13.0321 37.1438 10.4318
v  10.5784 38.1733 8.4486
v  9.0050 39.0730 6.4644
v  7.3598 40.4079 2.0939
v  48.3192 84.8418 7.1546
v  7.9347 41.1104 -1.6638
v  10.7235 41.5231 -4.4626
v  27.1225 35.7651 -0.2608
v  26.8810 36.0696 -2.1168
v  26.1886 36.4035 -0.0291
v  25.7757 36.7820 -2.4487
v  24.9481 29.9687 5.6582
v  24.9392 25.8886 4.7944
v  26.0165 26.5393 4.5756
v  26.0639 30.0221 5.2269
v  26.6258 26.8973 2.1526
v  25.5715 26.2485 1.9561
v  26.5652 32.0579 -2.8215
v  25.7281 28.2093 -3.1121
v  25.3735 32.2299 -3.4188
v  24.2487 27.8290 -3.7920
v  26.9868 30.6270 2.9227
v  25.6131 35.3466 3.9058
v  24.6184 34.2747 6.2609
v  25.9152 33.6945 5.7429
v  26.7429 34.5740 3.6127
v  26.3399 27.6194 -0.9987
v  27.1669 31.5829 -0.6938
v  25.2401 26.9545 -1.2912
v  21.7143 33.7591 9.4076
v  18.5337 33.3521 10.9528
v  23.6137 37.4308 -5.7237
v  19.1221 37.5314 -8.0486
v  13.9665 37.3500 -8.0163
v  9.8481 37.2395 -6.2482
v  6.4753 36.8535 -3.3501
v  5.9227 36.2854 2.2084
v  7.5886 35.4170 5.8960
v  49.7679 84.5661 4.7454
v  10.1031 34.4641 7.9974
v  12.5942 33.5335 9.9436
v  15.2931 33.3064 11.0935
v  23.4216 32.5951 -6.1144
v  22.4990 28.3074 -5.8198
v  18.5215 29.1015 -8.3418
v  19.0949 33.2252 -8.9026
v  13.9197 33.3123 -9.0087
v  14.0958 29.3886 -8.6414
v  9.8463 29.2883 -7.5155
v  9.4061 33.1653 -7.6574
v  7.0063 29.1427 -4.4263
v  6.3762 32.9871 -4.3833
v  6.0721 28.7628 1.2394
v  5.6038 32.4705 1.7232
v  7.3498 31.8355 5.3210
v  7.5779 28.3469 4.7722
v  51.6637 84.8591 2.7076
v  9.6666 31.1432 8.0825
v  9.8167 27.8644 7.5226
v  12.2252 30.6162 10.0698
v  12.4792 27.5568 9.5367
v  15.4278 30.3545 10.4798
v  15.6175 27.3434 10.3524
v  18.7005 30.2268 10.2011
v  18.6962 27.0397 9.4417
v  22.0222 30.1589 8.6115
v  22.0860 26.7479 7.9285
v  25.2061 24.2700 1.7503
v  24.4651 23.5337 4.5862
v  24.8316 24.9252 -1.4742
v  23.5333 25.2728 -3.8553
v  21.8994 23.8005 7.5131
v  18.7443 24.0279 8.9008
v  15.7515 24.2707 9.6748
v  12.8401 24.4752 8.8643
v  10.2156 24.6268 6.8605
v  8.1010 24.9778 4.2134
v  6.8298 25.2942 0.8442
v  53.8898 85.8640 1.2241
v  7.8544 25.5435 -4.1758
v  10.5427 25.7189 -6.8925
v  14.2448 25.7863 -7.6365
v  18.1323 25.6464 -7.4040
v  21.9158 25.4490 -5.4476
v  25.4108 23.0534 4.1191
v  25.9792 23.5686 1.7850
v  25.4360 24.2922 -1.7899
v  24.1264 24.5537 -3.7742
v  23.2091 21.7462 -4.0785
v  22.0220 22.2601 -4.3942
v  21.1678 22.6977 -5.3277
v  14.3298 22.4161 -7.0839
v  11.0701 22.3322 -6.5292
v  17.7437 22.4391 -6.8708
v  8.5762 22.1607 -4.0709
v  7.6444 22.1165 0.3008
v  8.8753 21.7313 3.5431
v  56.1187 87.6167 0.7743
v  10.7703 21.4796 6.0868
v  13.1309 21.3989 8.1147
v  15.8695 21.2559 8.9463
v  18.7489 21.0732 8.5985
v  21.5035 20.7968 7.2128
v  23.6317 20.2450 4.5168
v  24.8734 20.2587 3.8953
v  25.4476 20.9031 1.6678
v  24.7682 21.4429 -1.8827
v  57.4804 89.0892 1.4261
v  24.6721 18.1279 3.5937
v  23.5014 17.4674 4.0387
v  25.0632 18.4587 1.6608
v  24.2342 18.8915 -2.0802
v  22.4624 19.2094 -4.3277
v  21.0491 18.9620 -4.7082
v  20.3086 19.3168 -5.3272
v  17.3910 19.1684 -6.5959
v  14.4491 19.1373 -6.7589
v  11.7163 19.0637 -5.7039
v  9.3032 18.9834 -4.0661
v  8.4789 18.9403 -0.2379
v  9.5956 18.5951 3.0392
v  58.3894 90.4102 2.4617
v  11.2079 18.4403 5.6396
v  13.3193 18.4287 7.9724
v  15.9749 18.3295 8.7424
v  18.8649 18.2169 8.5973
v  21.4965 17.9568 6.9936
v  24.0150 17.7125 1.5780
v  23.1203 18.1460 -2.2238
v  21.9583 15.2598 7.5797
v  19.2455 15.5101 10.1333
v  16.0865 15.4189 9.7918
v  23.6256 15.4343 3.9746
v  23.9906 15.3693 1.4591
v  23.3814 15.4679 -1.8803
v  21.5510 15.7381 -4.2822
v  19.7285 15.8877 -5.5541
v  17.1640 15.8761 -6.4711
v  14.5508 15.9278 -6.5138
v  12.1389 15.8924 -5.5475
v  10.2495 15.7800 -3.4827
v  9.0018 15.8390 -0.3370
v  9.9287 15.5543 2.9177
v  59.8439 91.1785 2.2927
v  11.3236 15.4890 5.6556
v  13.4731 15.4507 8.0608
v  23.5644 12.2401 10.8847
v  19.9139 12.8069 12.5520
v  15.9385 12.1919 12.3365
v  23.8661 10.2726 14.9114
v  20.6970 10.7530 15.7530
v  17.4801 10.0616 15.8799
v  26.6674 8.8709 13.2240
v  26.5035 9.7015 9.1698
v  28.1114 7.0677 8.6963
v  28.6121 6.7554 12.4087
v  13.5635 9.3082 12.7588
v  14.9923 8.3497 16.0187
v  12.1928 6.7060 12.7720
v  12.0971 3.8214 12.0389
v  12.5710 3.8848 15.9872
v  13.1983 6.3215 16.1498
v  12.9983 12.5387 8.9729
v  11.3692 12.5368 5.4967
v  11.7418 9.7752 9.5917
v  11.1970 6.9452 9.4697
v  10.9026 9.6737 5.9609
v  10.3337 6.9160 6.2315
v  11.6355 3.9635 8.4759
v  10.9538 3.9192 5.9773
v  24.2667 12.5551 5.0032
v  24.3374 12.5969 1.4814
v  23.8029 12.6471 -1.7346
v  22.2495 12.7347 -4.1236
v  20.0285 12.7758 -5.6381
v  17.1437 12.7256 -6.5086
v  14.6268 12.8085 -6.4335
v  12.3397 12.8082 -5.4931
v  10.4559 12.7294 -3.6156
v  9.6446 12.7428 -0.7052
v  10.2259 12.5407 2.5107
v  25.7646 9.7865 5.0800
v  25.2122 9.7857 1.3261
v  24.1914 9.7742 -1.8227
v  20.1851 9.7652 -5.9106
v  22.5437 9.7813 -4.2696
v  17.0798 9.7151 -6.6929
v  14.6194 9.7644 -6.4661
v  12.3593 9.8010 -5.4922
v  10.4366 9.7283 -3.7339
v  9.3365 9.8209 -0.7112
v  9.8388 9.6679 2.5086
v  9.5488 6.7036 2.7718
v  9.1699 6.8642 -1.4524
v  10.2654 6.7238 -3.8299
v  12.2076 6.9112 -5.6665
v  14.4518 6.7815 -6.8332
v  16.8940 6.7707 -7.2747
v  20.4038 6.8201 -6.4886
v  22.5726 6.8417 -4.7133
v  24.3957 6.8504 -2.1546
v  25.8623 6.9240 0.9837
v  26.9893 7.0661 4.8484
v  28.6998 3.8415 12.1802
v  27.9581 4.0350 8.2000
v  27.1728 4.1515 4.6927
v  25.6302 3.9408 0.8289
v  23.7357 3.8238 -2.3872
v  21.8498 3.7866 -4.8819
v  19.7344 3.9152 -6.4824
v  16.5368 3.8754 -7.0778
v  14.3582 3.8663 -6.6701
v  12.1074 3.8409 -5.3777
v  10.3616 3.8202 -3.5933
v  9.3376 4.0008 -1.2167
v  9.6796 4.0139 3.0863
v  13.4705 3.9117 19.5509
v  14.5869 5.8536 19.2571
v  16.3777 7.4805 18.9579
v  15.7654 5.5775 22.4264
v  14.9605 3.6989 23.0172
v  17.4305 5.6306 24.7339
v  16.9559 3.7325 25.4095
v  18.5221 8.7161 18.6990
v  21.2690 9.2445 18.4806
v  24.0259 8.9688 17.5932
v  26.4102 7.9025 16.4896
v  28.4066 6.2390 15.9587
v  29.3499 3.7949 15.8406
v  28.2645 6.0126 18.9356
v  29.1433 3.9118 19.2777
v  27.1498 5.9018 22.1634
v  25.9388 5.6384 24.1945
v  27.8758 4.0684 22.4003
v  26.3321 3.8981 24.5023
v  23.1150 3.8198 26.6202
v  22.5939 6.2422 25.8694
v  19.8418 6.0633 25.9054
v  19.5708 3.7217 26.8502
v  17.3534 7.0258 21.9113
v  18.2843 6.7643 23.7699
v  19.8123 7.1985 24.0655
v  22.1378 7.4513 23.8949
v  24.6190 7.2458 22.7621
v  26.3435 7.3397 19.2848
v  25.9093 6.9990 21.6495
v  19.2928 7.9908 21.5584
v  21.7714 8.2526 21.5865
v  24.1309 8.0902 20.3494
v  23.1500 3.4230 27.2767
v  19.6075 3.3705 27.3937
v  26.8880 3.4002 24.8277
v  28.4981 3.4423 22.5146
v  29.7328 3.3630 19.2573
v  29.9279 3.2120 15.6227
v  29.2453 3.2642 11.9039
v  28.4121 3.1970 8.1004
v  27.5000 3.2691 4.4208
v  26.0054 3.3245 0.6336
v  24.2126 3.2300 -2.6847
v  22.2427 3.2412 -5.2167
v  20.0909 3.3261 -6.9669
v  16.6486 3.3358 -7.6452
v  14.2120 3.3130 -7.1997
v  11.5817 3.2641 -5.6150
v  9.9433 3.2901 -3.8409
v  8.8579 3.3545 -1.3141
v  9.2208 3.2765 3.2193
v  10.4735 3.2067 6.2489
v  11.2064 3.2297 8.6707
v  11.6302 3.2670 12.0000
v  12.0787 3.4685 16.2758
v  12.9062 3.3405 19.7086
v  14.5117 3.3134 23.2486
v  16.5658 3.2736 25.7150
v  16.9339 0.2409 25.3608
v  19.8738 0.2853 27.0424
v  23.2295 0.3519 26.9597
v  26.8082 0.2621 24.6808
v  28.3972 0.3178 22.3621
v  29.2443 0.3660 19.4295
v  29.2357 0.3306 15.6184
v  28.3419 0.1929 12.0076
v  27.4596 0.2582 8.3947
v  26.3283 0.1485 4.4987
v  24.8738 0.1786 0.6198
v  23.1674 0.1029 -2.5989
v  21.6519 0.1963 -4.8213
v  19.4855 0.2711 -6.6882
v  16.2307 0.3846 -7.2740
v  13.9332 0.4646 -6.8857
v  11.5236 0.5958 -5.3215
v  9.9706 0.7024 -3.7420
v  9.0582 0.3889 -1.0684
v  9.5276 0.2328 3.0906
v  20.2734 -0.1868 -0.6404
v  16.2166 -0.0929 1.1062
v  18.6367 -0.1680 -2.8021
v  15.3600 -0.1032 -1.3620
v  11.0501 0.2903 5.7831
v  12.2199 0.3093 8.8855
v  12.1796 0.2811 12.1130
v  12.1463 0.3147 16.2930
v  13.2102 0.3315 19.7250
v  14.8361 0.3220 22.8764
v  25.7353 -0.0168 20.8448
v  26.2394 -0.0237 18.9247
v  26.3875 -0.0352 15.8434
v  25.6253 -0.0522 12.4610
v  24.7328 -0.1096 9.0783
v  23.8169 -0.2030 5.4036
v  22.3691 -0.2190 2.1271
v  17.3945 -0.1534 -4.2406
v  16.0754 -0.1286 -4.6158
v  14.4717 -0.1007 -4.2617
v  12.9912 -0.0861 -3.6320
v  11.8606 -0.0853 -2.5485
v  11.9220 -0.0854 -0.6609
v  12.4238 -0.0854 2.4309
v  13.0645 -0.0854 5.4870
v  14.0601 -0.0837 8.5106
v  14.4662 -0.0722 11.7527
v  14.5514 -0.0600 15.6432
v  15.6877 -0.0451 19.1352
v  16.8453 -0.0358 21.1167
v  18.3636 -0.0260 23.1536
v  20.4524 -0.0165 23.9814
v  22.7052 -0.0109 23.9712
v  24.4304 -0.0125 22.4920
v  22.3291 -0.0183 21.3523
v  21.8192 -0.0262 19.2185
v  21.3100 -0.0356 16.7906
v  20.6543 -0.0473 14.0682
v  19.6475 -0.0638 10.4331
v  18.9192 -0.0827 7.1959
v  17.6179 -0.0922 3.7073
v  14.7218 -0.1025 -3.0874
v  61.1593 87.4163 4.4024
v  59.3978 86.6450 4.3154
v  58.8283 86.3201 3.6100
v  57.8557 85.4642 3.0507
v  55.4647 84.3023 3.0039
v  53.4100 83.5867 4.3288
v  51.4830 83.5675 6.0472
v  50.0057 83.7991 8.0347
v  49.3102 84.4294 10.7873
v  48.9804 85.4944 12.8851
v  48.9014 86.7555 15.0780
v  49.8410 88.9626 16.7118
v  52.7642 90.5580 17.0156
v  55.2127 91.4013 16.0838
v  59.4938 91.1377 12.4046
v  60.7193 89.8264 9.4620
v  60.7260 88.3303 7.1649
v  57.5786 89.6966 15.9805
v  60.0361 88.9888 13.6616
v  61.4725 87.4514 10.6547
v  61.3110 86.1861 8.2313
v  60.1776 84.5112 5.6164
v  59.1110 83.3742 4.5942
v  57.3278 82.3063 4.4325
v  54.9906 81.6166 5.6041
v  53.1338 81.5861 7.4120
v  51.8068 82.0998 9.2450
v  51.1766 82.8992 11.8302
v  50.8078 84.0022 13.5486
v  49.9581 84.7881 15.9960
v  50.1585 87.1994 17.5195
v  52.8422 88.8226 18.1960
v  55.7734 89.4815 17.2282
v  51.8540 81.6533 15.0807
v  50.4065 82.3871 16.6608
v  52.5507 77.8936 14.6045
v  50.8655 77.9391 15.7809
v  53.0766 79.5935 15.5554
v  53.5824 79.2343 14.9791
v  50.0401 84.6475 19.3260
v  50.6686 81.1783 18.7660
v  50.3386 82.6698 20.8895
v  52.3466 86.2600 20.8389
v  52.2685 84.4675 22.4848
v  55.6659 86.3051 20.7961
v  54.7847 84.6623 23.0458
v  58.3245 84.2309 20.9202
v  57.3628 82.8126 22.9397
v  59.7648 81.2441 20.9739
v  58.4242 80.5677 22.2218
v  58.9165 86.4473 17.7661
v  61.6566 85.3506 15.2440
v  62.7528 84.0814 11.7861
v  62.4436 82.6352 9.1368
v  61.3286 81.3337 6.7030
v  60.4800 80.1795 5.8853
v  58.6618 79.9147 5.3659
v  56.1871 79.4579 6.1013
v  54.4128 79.4372 7.8026
v  54.2301 79.1191 13.9552
v  52.5247 78.0925 13.9168
v  52.5866 80.9104 13.2204
v  53.1551 80.0595 10.1895
v  50.9088 81.8011 21.0399
v  51.5965 80.7844 19.7721
v  52.4396 83.4672 22.5306
v  54.7078 83.5730 23.1261
v  56.8168 82.0872 23.0555
v  57.3307 80.3876 22.3000
v  60.2957 84.2015 18.7218
v  61.5346 81.7546 19.5345
v  63.7534 81.4267 12.8079
v  62.6718 83.0512 16.2874
v  64.4709 79.1225 13.5986
v  63.3475 80.7491 17.3110
v  62.2263 78.9843 7.5639
v  63.2094 80.1867 9.9568
v  63.0233 77.3162 8.2131
v  64.1452 78.0001 11.0718
v  60.8181 78.3340 6.2890
v  61.7098 76.2500 6.9549
v  59.0298 77.9006 6.1062
v  59.3228 75.8356 6.9254
v  57.5058 75.9651 8.1653
v  56.8280 77.7139 6.8268
v  55.7780 78.0184 9.1909
v  56.6875 76.2144 9.5119
v  54.8543 78.6010 9.9458
v  55.2919 78.1630 9.5627
v  53.5646 77.2357 9.4516
v  54.3842 76.8445 8.8634
v  52.6101 77.6532 12.3170
v  54.4755 78.9224 13.0691
v  53.7744 77.3036 11.6573
v  54.5409 78.5138 11.5465
v  50.6854 78.1673 16.8583
v  52.7443 79.8496 16.3607
v  54.6439 78.6361 10.9948
v  53.3835 77.3101 10.5533
v  61.7393 74.8880 20.5817
v  62.3505 75.4817 20.6870
v  61.6198 76.2162 21.8378
v  60.8624 75.6989 21.8749
v  62.7820 77.3135 22.1385
v  63.6481 76.5318 20.6556
v  63.9244 78.1827 19.8829
v  62.9679 78.8020 21.3620
v  63.1252 79.3929 18.7271
v  62.0161 80.1600 20.3002
v  59.7689 77.8109 22.4502
v  60.8538 77.7521 22.2972
v  61.1406 79.3467 21.6498
v  59.9561 79.9008 21.6468
v  58.3425 78.4807 21.3863
v  56.7523 78.9091 21.0834
v  62.3938 75.3650 19.3560
v  61.9101 75.0102 19.3485
v  63.4315 76.2050 19.2775
v  63.9683 77.7137 18.6813
v  63.8391 78.4223 18.2000
v  63.3268 74.3386 18.8819
v  62.5433 73.8086 18.7382
v  64.5832 75.4232 18.6723
v  64.8749 77.3369 17.9091
v  64.2436 78.7812 17.1440
v  65.3947 76.6192 16.0201
v  64.7489 77.9813 15.1740
v  64.9924 77.0875 14.7720
v  65.2966 76.2426 15.1811
v  65.0670 74.7310 17.1733
v  64.8037 74.5258 15.7794
v  63.7275 73.4926 17.2481
v  63.6531 73.7818 15.7701
v  62.8892 73.1246 17.3512
v  62.6452 73.4372 15.9514
v  64.9246 77.3672 13.6876
v  65.5060 76.1626 14.2806
v  64.6008 76.2610 11.5747
v  64.6933 76.9989 12.2151
v  65.4389 75.5861 12.6489
v  64.8834 75.2376 11.8896
v  65.3213 74.2422 14.9725
v  65.2608 73.8972 13.0378
v  64.7493 73.9010 12.2844
v  64.5744 73.3024 15.1794
v  64.6749 72.9252 13.3866
v  64.0427 73.3625 12.2900
v  64.3051 76.6709 10.6226
v  64.9623 75.1675 10.7867
v  64.6863 74.9967 9.0261
v  63.7251 76.3274 8.8044
v  63.6887 74.7211 8.2253
v  63.1955 75.4429 8.0069
v  64.7716 73.7254 11.3672
v  64.4831 73.4726 9.3576
v  63.4785 73.5323 8.5597
v  64.3536 73.0868 11.6255
v  64.0626 72.6486 9.5972
v  62.9995 73.0812 8.7686
v  63.2778 72.5405 15.1310
v  63.5145 72.3270 13.5990
v  62.7996 72.8936 12.3463
v  63.1320 72.2701 11.3867
v  62.8182 72.3203 9.8713
v  62.0042 72.7578 8.6451
v  61.6836 74.5467 7.3846
v  61.6412 73.6649 7.8251
v  59.6975 74.7608 7.9349
v  57.7501 75.1029 9.3059
v  56.9274 74.9276 9.8413
v  60.2481 73.6493 7.8795
v  61.0146 72.2432 8.5562
v  61.7777 71.8263 9.9030
v  62.2221 71.7458 11.3543
v  61.9523 72.2900 12.3915
v  62.4029 71.7149 13.5963
v  62.3190 71.8512 15.1516
v  61.8337 72.6281 16.0959
v  62.0704 72.4096 17.5740
v  61.5644 73.0861 19.0453
v  60.9263 73.8708 19.6412
v  60.8638 73.9320 20.5079
v  59.9533 74.7957 21.9581
v  58.9691 75.9679 22.6901
v  57.6766 76.9483 22.3851
v  55.6799 77.8634 20.9250
v  58.7528 72.7011 20.9214
v  58.0489 73.6280 22.1097
v  57.3478 74.7761 22.6751
v  58.9072 72.4258 20.1709
v  59.1688 71.8299 19.5486
v  59.5588 70.8609 17.7865
v  59.6463 70.6792 16.6075
v  56.4010 69.7057 16.7932
v  59.7235 70.4165 15.6565
v  56.2790 69.3186 15.7756
v  56.4535 69.1163 13.9153
v  59.8351 70.2504 13.7806
v  56.7700 69.6676 12.6379
v  59.8394 70.4308 12.4943
v  59.7995 70.2912 11.5163
v  56.6007 69.5396 11.7250
v  59.5767 70.4485 9.9471
v  56.6090 69.6502 9.8876
v  59.1142 70.9593 8.7068
v  56.6553 70.5912 8.8929
v  56.3367 69.7223 17.8966
v  56.2119 70.7316 19.7629
v  56.2223 71.3008 20.3381
v  56.0851 71.6992 21.1420
v  55.7708 72.4585 22.0214
v  55.4874 73.4451 22.5571
v  58.3057 73.1526 8.0941
v  56.9231 72.7332 8.6024
v  54.4037 70.5489 11.3807
v  54.5079 70.8532 12.2203
v  54.1875 70.4264 13.4362
v  53.9619 70.5642 15.5015
v  53.9918 70.9906 16.1203
v  53.6626 70.8654 17.1324
v  53.3958 71.9200 18.9686
v  53.4200 72.4622 19.6852
v  53.3288 72.5611 20.2727
v  53.1806 73.0793 21.0389
v  53.0651 74.1876 21.7147
v  56.6743 75.7735 22.5137
v  55.4903 75.5695 22.2066
v  53.8362 75.8345 21.9390
v  54.8466 77.2614 21.5034
v  54.0188 77.6481 21.6914
v  54.6301 70.7787 9.7104
v  54.9919 71.3024 8.7710
v  55.1164 72.6946 8.4838
v  55.5969 74.0146 9.4153
v  52.3166 72.7990 12.9503
v  52.0042 72.8674 14.6046
v  52.0645 73.2948 15.3464
v  51.7732 73.1516 16.0971
v  51.5696 73.7797 18.0219
v  51.3872 74.8794 18.9023
v  51.5089 74.7830 19.5058
v  50.8173 74.8153 15.9198
v  50.5270 75.3211 17.6527
v  51.5494 74.3476 12.5373
v  51.0661 74.5558 14.2406
v  51.2378 74.8264 15.0540
v  55.4369 81.1862 24.0187
v  53.6273 82.5205 23.7519
v  52.0481 82.4574 23.1272
v  50.7531 81.4191 21.5376
v  53.5947 80.1899 24.2436
v  54.2766 79.1317 23.6772
v  56.0671 79.6413 23.2175
v  54.4180 78.5010 22.8137
v  56.0488 79.0137 22.2768
v  53.3860 75.0963 8.8107
v  52.4185 75.2434 9.4228
v  52.8570 72.8550 11.8363
v  52.0776 74.2245 11.6172
v  52.1519 74.0028 10.7035
v  51.8074 75.1675 10.5218
v  52.6057 74.1103 9.3288
v  52.8044 72.7365 10.9198
v  53.1742 72.9090 9.4772
v  53.5979 73.2283 8.7178
v  53.4723 74.2136 8.7359
v  54.3130 73.6572 8.5646
v  54.4625 74.3178 8.8319
v  54.6458 74.9244 8.7132
v  52.1484 75.5740 11.5950
v  55.4619 76.4895 8.8665
v  50.8745 75.6830 18.5595
v  52.3944 81.1787 24.1485
v  51.9405 78.2143 23.6024
v  50.9173 78.9875 23.3200
v  50.5026 79.6721 22.6837
v  51.6672 81.2045 23.7388
v  50.6670 80.9624 22.1177
v  50.5653 80.0023 21.6573
v  51.1579 79.4011 20.2492
v  52.1022 80.0805 20.3921
v  52.8534 77.7866 23.1575
v  52.0387 74.8433 20.2950
v  52.4206 75.3026 20.8998
v  53.1648 76.4251 21.5706
v  52.1997 76.5181 22.2469
v  51.0717 77.0086 22.3767
v  50.3080 77.8513 22.1865
v  50.0182 78.6729 21.6102
v  51.6964 75.5573 21.2852
v  50.7501 76.1392 21.3089
v  49.9608 76.9859 20.9547
v  49.6948 77.6620 20.4665
v  50.2692 78.1500 19.6776
v  51.2247 74.9928 20.6890
v  50.9053 74.7850 19.7960
v  50.3520 75.3797 20.6029
v  49.6613 76.1480 20.2977
v  49.4583 76.6621 19.8891
v  50.5007 77.9009 18.9725
v  50.1075 75.1221 19.8919
v  49.6376 75.6727 19.6146
v  49.5001 76.0932 19.4587
v  50.0690 75.9162 18.8493
v  50.4007 76.9612 18.6509
v  51.3219 75.8354 12.4077
v  50.7234 76.1260 13.8876
v  51.1408 76.3168 14.8806
v  50.3990 76.4349 15.9041
v  50.1987 76.8152 17.1962
v  50.7346 77.0911 18.1648
v  51.4613 78.4276 17.9446
v  52.2842 79.8565 17.4934
v  51.5425 79.7145 19.1105
v  -0.9424 146.8190 20.4019
v  -1.0893 148.0275 20.2903
v  -1.0263 146.7610 19.3631
v  -1.0707 146.2128 19.1032
v  -2.0082 146.4450 18.7261
v  -1.9536 147.2350 18.7149
v  -2.6294 146.5299 18.3884
v  -2.5402 147.3737 18.3475
v  -4.2110 144.4297 15.5483
v  -3.8273 144.8635 13.7231
v  -4.4731 145.2084 15.2196
v  -4.0583 145.5267 13.4004
v  -4.4555 145.3979 16.7351
v  -4.1806 145.8332 17.2638
v  -4.8766 146.0048 16.1487
v  -4.3866 146.7637 16.9784
v  -4.4105 144.8556 16.3876
v  -5.0399 144.8500 15.8447
v  -4.9162 143.8728 15.7114
v  -4.6577 142.6504 16.5025
v  -4.2196 143.6528 17.0727
v  -4.3328 144.2515 16.5969
v  -3.8174 141.9723 17.7649
v  -3.4300 143.0010 18.0773
v  -2.4804 143.0668 18.6586
v  -2.3134 141.8563 18.4534
v  -1.1334 142.2239 18.9539
v  -1.2285 143.1988 19.0407
v  -2.5543 147.7888 18.6695
v  -2.0811 147.5537 19.1966
v  -4.0058 147.6890 17.4041
v  -3.2133 147.5110 17.9579
v  -4.1887 148.0207 17.8617
v  -3.2883 147.8736 18.3198
v  -3.4121 144.5055 14.2407
v  -3.9547 143.9826 15.8300
v  -4.8327 147.6911 16.4466
v  -5.2681 147.2225 15.2072
v  -5.5564 145.1096 14.8746
v  -5.5574 143.6994 14.8288
v  -5.0099 141.9039 15.4703
v  -3.9839 141.0945 17.3364
v  -2.3148 141.1962 18.7040
v  -1.1876 141.5305 19.5326
v  -1.4087 140.2704 19.9717
v  -2.4873 140.1656 19.3322
v  -4.4588 140.3029 16.7333
v  -5.4821 141.1443 14.8131
v  -6.2252 143.5152 13.7657
v  -6.1103 145.3719 14.0082
v  -5.9805 147.5649 14.2274
v  -5.6378 148.4851 15.6831
v  -4.6675 147.9349 16.7862
v  -6.0297 148.8775 16.2238
v  -4.9261 148.2855 17.2828
v  -6.4313 149.1235 14.4343
v  -1.1897 145.4563 18.9583
v  -1.1856 145.3815 18.3319
v  -2.0719 145.5801 18.6649
v  -1.9984 145.4436 18.1185
v  -2.6195 145.5168 17.7663
v  -2.7181 145.6663 18.3774
v  -1.2619 143.8098 17.2736
v  -1.1956 144.2764 15.4071
v  -3.8096 145.9583 16.3158
v  -4.3295 145.9173 15.4613
v  -3.2062 143.7395 16.3746
v  -2.4307 143.7355 16.8598
v  -1.5169 139.1816 19.4255
v  -2.8198 139.0584 18.7350
v  -4.7135 139.4275 15.6585
v  -5.7298 140.7708 13.3843
v  -6.5745 142.3675 13.4874
v  -7.5715 148.3006 12.8036
v  -7.4703 149.8022 12.8997
v  -7.5104 146.1938 12.4762
v  -7.2127 144.4721 12.1872
v  -6.9805 143.1690 12.0246
v  -2.0416 144.3001 15.1332
v  -7.2129 149.5688 15.0138
v  -1.3915 138.0803 18.1308
v  -2.4307 138.0968 17.4921
v  -3.4856 138.5246 15.2103
v  -3.9906 139.1121 13.3782
v  -1.6267 137.9003 16.0712
v  -1.7380 138.3997 14.0465
v  -5.9857 141.4081 11.7339
v  -3.7942 139.8909 11.2955
v  -1.8604 139.0520 11.9257
v  -8.3977 150.9999 11.4525
v  -7.9708 150.7201 11.2802
v  -7.9999 150.1183 13.4229
v  -8.1527 151.6518 9.9559
v  -8.6682 152.0494 9.8544
v  -8.4839 153.6247 8.7373
v  -8.2174 153.6530 8.4642
v  -8.4840 155.0739 8.2118
v  -8.4152 156.6544 8.0867
v  -7.9516 155.1373 8.0677
v  -7.5263 156.7561 8.0802
v  -8.1817 159.1382 8.6615
v  -7.8913 159.1817 8.6675
v  -2.7985 144.2884 14.7354
v  -8.2051 158.4346 9.0923
v  -8.4713 156.7815 8.5818
v  -8.6313 155.2181 8.7051
v  -8.6674 153.9263 9.3018
v  -8.5779 153.3229 10.6046
v  -7.7837 157.9238 9.5607
v  -7.5118 157.0935 10.2830
v  -7.5693 157.1023 9.5789
v  -1.1704 149.0334 20.0866
v  -1.2129 150.0336 19.9048
v  -1.5048 149.5334 19.4052
v  -1.5497 148.8198 19.5996
v  -1.7160 148.1419 19.5295
v  -5.1358 151.3062 17.1016
v  -5.6933 151.3033 16.5121
v  -5.1225 150.8501 16.3344
v  -4.6261 150.8589 16.8829
v  -1.8074 150.1201 20.1040
v  -2.6352 150.7417 19.6431
v  -2.1064 149.6392 19.5238
v  -2.8715 150.0795 19.2857
v  -3.9921 150.7622 18.7593
v  -3.6871 151.4910 19.0488
v  -4.7514 151.1836 18.3535
v  -4.5103 152.2267 18.6316
v  -3.3022 152.0246 19.2309
v  -7.8549 158.4805 9.1273
v  -7.5942 157.1258 8.9241
v  -8.1769 157.7964 9.5064
v  -7.8974 155.8889 12.3162
v  -7.9806 156.5151 11.1430
v  -8.3411 154.5322 11.4714
v  -8.4616 155.1189 10.4171
v  -8.1281 157.0172 10.2697
v  -8.4225 156.1066 9.8323
v  -8.3691 156.9572 9.2985
v  -4.2067 150.7940 17.4122
v  -3.5964 150.5073 17.9040
v  -4.4072 150.9389 17.7866
v  -3.7934 150.5765 18.4370
v  -7.7117 155.4226 13.6025
v  -8.0716 154.1761 12.9697
v  -2.9311 150.1435 18.0443
v  -3.0041 150.0812 18.8145
v  -2.3068 149.6174 18.5550
v  -2.5840 149.8472 18.0668
v  -4.9426 150.1910 16.6239
v  -5.3537 150.6729 16.1608
v  -5.5012 149.9695 16.5888
v  -6.0759 150.6441 16.0629
v  -4.7310 149.5500 17.3756
v  -4.3259 149.8744 17.0697
v  -3.7566 149.8002 17.5459
v  -3.9536 149.4252 17.9010
v  -3.1831 145.8064 17.0481
v  -3.4244 145.8039 17.9161
v  -3.0418 149.6605 17.9118
v  -2.9990 149.2406 18.3959
v  -5.2416 150.7624 16.2141
v  -5.9320 150.9541 16.1803
v  -6.6683 152.0849 16.7872
v  -5.6551 151.7694 17.7857
v  -5.7604 152.8051 17.9029
v  -6.8447 153.1642 16.8130
v  -3.3540 146.6805 17.9025
v  -6.8310 151.4317 16.0058
v  -6.6907 150.2740 15.7739
v  -2.0824 149.5354 18.9139
v  -1.8658 149.5012 19.1668
v  -2.8255 148.7357 18.4904
v  -4.8432 148.9507 17.4214
v  -4.0075 148.8511 18.0663
v  -5.8612 149.3828 16.5791
v  -4.0134 150.2168 17.5078
v  -8.3452 152.7516 12.1228
v  -7.9224 152.1784 14.0293
v  -7.6416 153.7380 14.7556
v  -7.1952 155.8566 13.7267
v  -7.3088 156.2911 12.3990
v  -7.3376 155.0166 15.1525
v  -6.6668 154.5350 17.0117
v  -6.2599 154.9221 16.8871
v  -6.9337 155.4025 15.1230
v  -5.5261 154.1689 18.0782
v  -5.1240 154.4564 17.8695
v  -7.4390 151.6790 15.2775
v  -7.4057 156.7486 11.2422
v  -4.1877 153.0196 18.8489
v  -3.6443 153.3171 18.6663
v  -2.9394 152.1740 19.1459
v  -2.2795 150.8098 19.6108
v  -2.1169 148.4030 18.8696
v  -3.9539 146.1545 13.4708
v  -3.5302 146.4645 13.7717
v  -3.0437 146.5044 14.1177
v  -2.3968 146.3947 14.6082
v  -1.6460 146.3524 15.0290
v  -1.0734 146.3130 15.2034
v  -1.2214 145.2978 14.9180
v  -1.9426 145.3237 14.7023
v  -2.6561 145.3593 14.3500
v  -3.2763 145.3902 13.9374
v  -7.6017 148.8878 10.9856
v  -7.3942 146.8523 10.6670
v  -6.1885 144.8545 10.2309
v  -5.9337 143.2935 10.1667
v  -5.4039 141.6744 10.4110
v  -7.3812 149.5416 9.4282
v  -7.1522 147.5254 8.7537
v  -7.2838 145.5323 8.7121
v  -7.3890 143.5543 8.5577
v  -7.5360 141.1750 8.5796
v  -6.1560 137.5647 10.2289
v  -8.4422 137.3138 8.6015
v  -4.3015 136.7744 11.6133
v  -2.1545 136.5431 12.0186
v  -7.6696 150.2071 7.5754
v  -8.0778 151.9629 7.9950
v  -7.6620 152.3664 6.0936
v  -6.6673 152.9331 4.1911
v  -6.4484 150.9165 4.0118
v  -7.4174 150.6997 5.8777
v  -7.6080 148.6312 5.3366
v  -6.7844 148.8205 3.4779
v  -7.8586 148.2091 7.3364
v  -8.7165 147.0184 2.6728
v  -8.9107 146.5359 4.8279
v  -8.6083 146.3081 7.0713
v  -9.3014 143.9555 6.6705
v  -10.5406 144.1542 4.3859
v  -11.4850 145.1057 2.1660
v  -7.9798 147.1187 0.4538
v  -11.2817 145.0731 -0.6252
v  -6.1058 149.1704 1.3782
v  -5.1609 151.1620 2.1223
v  -4.5678 149.3553 -0.4467
v  -3.3548 151.6135 0.4896
v  -2.0448 149.4795 -1.4540
v  -5.2751 153.3750 2.4745
v  -3.0888 154.0544 1.0841
v  -53.2170 97.9728 12.7599
v  -52.0202 100.6996 11.7624
v  -54.8479 98.4583 11.6352
v  -53.9620 101.2582 9.9744
v  -3.0746 146.4735 -3.0656
v  -6.1314 146.4337 -1.7679
v  -4.6625 143.2369 -5.1502
v  -8.8506 143.6929 -3.4966
v  -9.8890 141.5249 6.0527
v  -12.6659 141.5953 4.3993
v  -14.3814 142.5669 2.0390
v  -14.5004 142.3471 -1.4905
v  -11.7148 140.0591 -5.9186
v  -5.4981 139.5558 -8.2887
v  -5.8555 128.5117 -14.6821
v  -5.7900 124.4372 -15.6296
v  -11.0493 124.4539 -14.5432
v  -11.1946 128.2870 -13.7769
v  -5.8108 120.4235 -16.1402
v  -11.0630 120.5139 -14.8324
v  -15.8114 120.9310 -13.4951
v  -15.8027 124.6736 -13.1026
v  -16.1005 128.2673 -12.3784
v  -10.9676 138.5100 6.2953
v  -15.0406 139.2036 5.1045
v  -17.4379 140.3767 2.5355
v  -18.1424 140.0154 -1.1386
v  -16.7874 137.6313 -5.1060
v  -2.5398 133.3142 13.3623
v  -4.8628 133.5688 12.8110
v  -7.1667 133.8603 11.3051
v  -9.8224 134.2365 9.7980
v  -12.9530 134.8358 8.3351
v  -17.3772 135.6798 7.1050
v  -19.8843 137.5616 3.5192
v  -20.8306 137.7513 -0.2444
v  -20.2665 135.9829 -3.9211
v  -16.0036 134.4521 -8.8836
v  -20.1094 133.7614 -7.0949
v  -11.3285 135.3204 -10.3921
v  -20.2062 125.0886 -11.7176
v  -20.3035 128.1681 -10.6039
v  -23.3486 136.0961 4.1254
v  -24.1890 136.2321 0.6640
v  -22.3688 129.7010 11.9684
v  -22.6689 126.4441 12.7795
v  -19.0270 129.4115 14.4371
v  -20.0438 125.8530 16.7547
v  -23.9631 123.7023 13.8844
v  -21.1354 122.1441 17.5579
v  -22.3429 118.1203 17.1115
v  -25.1691 120.4471 12.8358
v  -24.8322 117.9105 12.0227
v  -22.0038 115.3457 14.9673
v  -3.7817 120.2533 23.0071
v  -4.1237 115.9610 24.5195
v  -7.2724 114.9932 24.6488
v  -7.2220 119.7514 23.5810
v  -10.7810 119.6284 23.2576
v  -11.1268 114.6833 23.9243
v  -14.3541 119.9122 22.0684
v  -15.0685 114.6793 22.0315
v  -18.6669 115.5311 19.6861
v  -17.8158 120.7158 20.1118
v  -15.8171 128.7583 17.0300
v  -16.8471 124.9892 19.1202
v  -12.5463 128.2499 18.5576
v  -11.3779 131.4905 14.9508
v  -14.2644 131.8749 11.4639
v  -9.4460 127.8072 19.4906
v  -8.5440 131.0680 16.5220
v  -6.3500 127.6679 19.6756
v  -5.7416 130.8031 16.9697
v  -3.2564 127.7881 19.0604
v  -2.8393 130.6343 15.6448
v  -13.4936 124.3905 20.7428
v  -10.1847 123.9990 21.6902
v  -6.8539 123.9806 21.8606
v  -3.5208 124.2613 21.1248
v  -18.4033 113.4429 17.3993
v  -14.2564 112.1362 19.6066
v  -10.0500 111.8284 21.8724
v  -6.0312 112.3423 23.3004
v  -2.9341 112.9974 23.6393
v  -18.0730 132.4666 10.5607
v  -22.1672 132.6998 10.6084
v  -22.8442 135.1221 7.9948
v  -23.4649 115.3291 10.7281
v  -20.7325 113.0653 12.5998
v  -20.8139 110.0219 10.7208
v  -22.5733 112.7208 8.6443
v  -22.2148 111.0081 4.8596
v  -20.9801 107.3004 7.4497
v  -22.3380 111.2402 2.0217
v  -22.2318 111.6901 -0.6736
v  -20.9043 106.2239 3.3686
v  -20.1637 105.9349 -2.2325
v  -22.6247 112.8001 -5.1407
v  -20.2798 110.3480 -8.4751
v  -23.8324 115.7735 -8.8707
v  -20.6353 114.6792 -11.6972
v  -30.9530 119.4189 -9.9477
v  -31.7016 122.6561 -10.3739
v  -25.2942 123.4354 -11.3851
v  -24.8218 120.8687 -10.9165
v  -19.9979 121.7583 -12.3931
v  -25.2291 125.8540 -10.9830
v  -24.3687 135.1935 -2.8727
v  -24.3230 133.4568 -6.0029
v  -25.1310 128.5339 -10.0164
v  -18.4349 110.9828 15.6556
v  -18.8726 107.0323 14.0993
v  -17.0893 100.9720 0.2677
v  -18.5095 101.2730 5.0375
v  -18.5928 102.2041 11.2328
v  -15.9605 104.5480 -7.2306
v  -13.8980 100.5029 -3.7605
v  -16.1368 109.3379 -11.0345
v  -16.0875 113.6401 -13.3606
v  -15.8400 117.5250 -13.6624
v  -20.2570 118.3340 -12.6864
v  -9.6754 100.5359 -5.9395
v  -10.8253 104.6219 -9.7377
v  -5.6725 105.0195 -9.8899
v  -5.0048 100.7231 -6.2994
v  -5.8792 109.0350 -12.7899
v  -11.1294 108.9119 -12.5351
v  -11.1772 113.1320 -14.6299
v  -5.8913 113.0687 -15.0557
v  -5.8068 116.6936 -16.1122
v  -11.0213 116.9610 -14.9918
v  -5.8370 135.7939 -11.0262
v  -4.6464 96.1573 -4.3354
v  -8.7633 96.0196 -3.2188
v  -12.4390 95.8395 -1.0067
v  -15.3316 95.9220 2.0793
v  -16.8032 95.7191 5.9566
v  -16.5762 95.6153 10.8864
v  -14.5017 94.7806 15.5736
v  -15.3576 100.4728 16.8982
v  -11.0694 94.1610 19.5929
v  -11.4584 99.5364 20.8055
v  -7.6336 99.1935 23.2253
v  -7.4788 93.8023 22.2296
v  -15.1228 109.4259 19.0518
v  -15.5193 105.5138 18.5315
v  -11.5051 104.4365 22.1058
v  -11.0144 108.7551 22.0269
v  -7.6082 104.0798 24.3931
v  -6.8179 108.7860 23.9009
v  -3.0984 109.3561 24.3863
v  -3.7394 104.2628 25.4012
v  -3.8954 93.5746 23.5339
v  -3.8927 99.1062 24.3651
v  -3.8101 87.8560 22.8122
v  -7.1945 88.1099 21.2883
v  -10.7672 88.5877 18.5130
v  -13.8520 89.1917 14.6792
v  -15.7518 89.8430 10.1838
v  -16.6983 90.1578 5.7290
v  -15.4636 90.5326 0.8946
v  -4.3728 91.1599 -3.1515
v  -8.4901 91.1621 -2.3175
v  -12.4446 90.7825 -1.5124
v  -3.5878 82.0837 21.6261
v  -6.9741 82.2475 19.8847
v  -10.7498 83.0748 16.9939
v  -14.3760 83.6685 14.9117
v  -17.1639 84.2496 10.7504
v  -17.7311 84.8447 5.0536
v  -16.2770 85.1669 -0.6955
v  -13.2850 85.4173 -3.3599
v  -9.0027 85.8801 -4.3338
v  -4.5127 85.9767 -4.4824
v  -27.7071 125.1746 13.5235
v  -28.1377 123.0232 13.7508
v  -31.6092 125.8528 13.1257
v  -31.6892 123.2555 13.5494
v  -27.0637 127.6414 13.0247
v  -30.8860 128.3077 12.4918
v  -38.0362 125.9737 7.3929
v  -40.1077 121.8491 7.3017
v  -36.6971 122.8007 11.5940
v  -35.6386 126.2237 11.1480
v  -38.8626 125.5686 2.1057
v  -41.3495 121.6136 2.1144
v  -40.2135 121.3821 -2.8484
v  -38.0754 125.6601 -2.3402
v  -34.9360 125.6966 -6.9163
v  -35.6691 122.0459 -8.1258
v  -30.9609 126.2099 -9.2876
v  -20.2567 131.1168 -9.1366
v  -24.7531 131.2431 -8.3604
v  -27.4034 135.0518 1.4302
v  -26.9345 135.1990 4.8312
v  -29.9021 134.0393 2.1034
v  -29.4771 134.1761 5.0184
v  -29.5178 132.5071 9.5879
v  -29.2849 133.6970 7.5910
v  -31.8132 132.3821 8.2356
v  -30.9325 133.2074 7.1191
v  -36.8222 128.4303 2.4174
v  -36.1930 128.7390 7.0394
v  -26.4937 130.1959 11.9732
v  -26.0761 132.7305 10.2251
v  -26.5410 134.3840 7.9308
v  -30.0701 130.5123 11.3959
v  -34.2871 128.8077 10.4492
v  -32.9953 130.8677 9.5075
v  -34.9655 130.4921 2.5031
v  -34.5517 130.8062 6.5892
v  -33.2654 132.0254 2.5991
v  -32.9712 132.2936 5.8434
v  -31.3785 133.2971 5.1922
v  -31.6903 133.1331 2.6086
v  -31.6815 132.8900 0.6205
v  -30.3019 133.4238 -0.5262
v  -27.6518 134.2285 -1.6886
v  -32.7588 131.9779 -0.1349
v  -31.2245 132.3208 -2.4658
v  -28.3948 132.9230 -4.1425
v  -30.3102 128.8907 -7.8114
v  -11.2798 131.8757 -12.4180
v  -5.8972 132.3145 -13.1800
v  -34.2869 130.4919 -0.9645
v  -36.0151 128.4282 -1.7622
v  -33.8333 128.6389 -5.3003
v  -16.2108 131.5050 -11.0507
v  -29.3189 131.1259 -6.1641
v  -32.5039 130.7642 -3.9971
v  -30.7782 120.5751 12.6528
v  -28.0197 120.7146 12.6893
v  -35.7463 119.6405 11.4287
v  -39.5817 118.8829 7.1827
v  -41.6026 119.2928 1.9216
v  -40.2210 118.8664 -3.0310
v  -35.4688 118.9708 -7.8963
v  -24.3506 118.8735 -10.9622
v  -42.2667 115.5898 6.6196
v  -43.9997 116.6564 2.2461
v  -51.3945 107.0447 0.6654
v  -50.9241 107.9738 2.9714
v  -49.3245 109.0251 -0.5216
v  -49.1692 109.9033 2.2780
v  -52.6595 105.7445 0.8706
v  -52.3525 106.6056 3.3792
v  -25.7447 110.8131 -4.7994
v  -27.5041 112.1725 -9.2549
v  -25.4683 115.2828 -8.2234
v  -23.9473 113.1476 -4.2186
v  -40.2950 113.5748 10.5573
v  -38.0443 116.6656 11.3457
v  -37.5977 110.6768 12.1278
v  -35.2269 113.5222 13.0940
v  -41.9686 105.4751 9.8225
v  -39.7639 103.0383 9.7449
v  -37.3825 105.4915 11.1762
v  -39.8189 108.0044 10.8041
v  -29.7833 118.5699 11.9169
v  -27.7390 116.2294 11.6025
v  -32.7056 116.2299 12.9227
v  -32.6809 110.7999 12.9180
v  -35.0231 108.0111 12.5394
v  -30.3210 113.6838 12.5479
v  -57.2619 100.8247 3.6694
v  -57.2830 99.5788 0.7108
v  -56.1224 100.4738 3.6440
v  -56.6343 99.1348 0.8931
v  -25.9784 114.5583 10.4508
v  -28.3607 111.8197 11.0500
v  -24.9457 112.8977 8.4746
v  -26.8297 110.4894 8.3369
v  -30.5045 108.6773 11.1298
v  -28.9181 107.3661 8.5178
v  -24.4383 111.5673 5.4410
v  -26.0353 109.4909 5.1178
v  -27.8446 106.6148 5.3580
v  -31.1551 104.7732 8.3245
v  -29.9566 104.2291 5.3645
v  -32.7625 105.8023 10.9361
v  -42.4856 110.8045 9.3354
v  -44.3965 112.7917 6.5578
v  -46.0795 113.9784 2.3083
v  -56.4276 102.6131 2.9025
v  -56.2154 101.1965 0.2332
v  -55.2543 104.2187 2.0849
v  -55.0576 102.8114 -0.5111
v  -27.4324 107.4591 -5.5356
v  -29.5836 109.0487 -9.3738
v  -34.6793 109.2065 -9.8712
v  -31.5638 106.1389 -8.8110
v  -36.8078 106.2865 -8.8655
v  -33.4982 103.5085 -7.6162
v  -53.4487 105.5525 1.1271
v  -53.6734 104.4801 -1.6252
v  -46.3017 101.5785 -6.9014
v  -48.1791 100.5725 -5.7038
v  -48.7055 103.9189 -4.2358
v  -48.2582 110.2576 1.8838
v  -47.8411 108.1578 5.9087
v  -49.7726 108.1355 5.9396
v  -46.6516 97.8832 -7.0246
v  -44.2699 99.8720 -8.0405
v  -41.5596 94.4298 -5.1996
v  -44.1993 95.3753 -6.9003
v  -39.8498 97.2450 -6.8783
v  -42.1137 98.3036 -8.0603
v  -50.1147 100.9394 -5.9986
v  -51.0103 104.2385 -4.4088
v  -31.6964 102.3859 -4.0964
v  -29.5362 104.6534 -5.1867
v  -34.9596 100.9293 -5.9929
v  -33.4952 100.0836 -3.0480
v  -39.4383 102.9935 -8.1989
v  -48.3277 109.4149 -0.6987
v  -32.6801 112.1530 -10.8026
v  -30.2949 115.4059 -11.2797
v  -35.0851 103.3045 9.9730
v  -33.3595 102.3619 7.7055
v  -31.9745 101.9085 5.1387
v  -53.2212 106.5348 3.7320
v  -47.7380 107.6845 -3.4792
v  -45.8292 109.1897 -4.5607
v  -44.9169 104.1887 -6.9114
v  -43.1239 106.5326 -7.4211
v  -40.3737 100.9614 -8.0775
v  -42.4596 102.2842 -8.2225
v  -38.1960 99.7905 -6.9926
v  -36.1931 98.6410 -5.3955
v  -34.6023 97.1851 -2.5821
v  -46.9436 110.8518 -0.9080
v  -47.2651 111.5455 2.3061
v  -49.2159 107.6056 -3.3222
v  -41.4203 109.3369 -7.9200
v  -39.1555 112.2939 -8.9450
v  -36.8587 115.1988 -9.6820
v  -35.1542 116.8808 -9.7039
v  -46.1664 110.3461 6.4368
v  -46.1849 106.7013 8.2267
v  -44.2885 108.2178 8.5410
v  -37.4782 96.5059 -5.3370
v  -37.7991 94.3737 -2.9221
v  -27.4902 117.2033 -10.8367
v  -44.4888 103.5016 9.0807
v  -42.3091 100.7466 8.5131
v  -39.8765 98.4411 7.3126
v  -37.4685 100.9086 8.7370
v  -37.7403 97.0255 5.5775
v  -35.3859 99.7507 6.9625
v  -34.7266 97.3769 4.7945
v  -33.7049 99.5570 4.8391
v  -34.1813 96.8375 2.6737
v  -32.7525 99.1437 2.4434
v  -34.1416 96.5890 -0.3204
v  -32.9088 99.5630 -0.5225
v  -51.5925 105.7828 -1.7083
v  -52.1988 103.3386 -3.7419
v  -52.7685 104.4346 -1.6590
v  -50.8736 107.0233 6.5439
v  -52.1366 107.2003 6.4574
v  -53.3365 103.3853 -3.5079
v  -54.8715 101.3258 -2.6789
v  -54.4389 105.1889 4.7806
v  -53.0619 106.1024 7.6817
v  -51.6631 105.5534 7.5911
v  -52.7142 103.8236 8.7467
v  -54.1334 104.4328 8.7781
v  -54.8190 102.9809 9.4358
v  -53.4882 102.6453 9.4182
v  -55.6128 103.6604 5.6315
v  -55.9801 99.8383 -2.0406
v  -53.8380 100.9877 -2.6929
v  -54.7714 99.3184 -2.0938
v  -55.4285 97.8827 -1.5634
v  -56.7479 98.2845 -1.5204
v  -56.4888 102.1735 6.2745
v  -55.7068 101.6234 6.2964
v  -45.5529 113.2194 -1.0856
v  -43.9592 111.7539 -4.7349
v  -42.8539 115.7521 -1.7475
v  -41.6150 114.4998 -5.5355
v  -39.0617 117.3850 -6.5851
v  -23.8911 111.5772 -0.9084
v  -25.4302 109.2722 -1.7561
v  -27.0712 106.5934 -1.9415
v  -29.0884 104.3498 -1.4775
v  -31.1836 102.1951 -0.7336
v  -24.1310 111.2047 2.2911
v  -25.5698 108.9686 1.5887
v  -27.2038 106.3244 1.5229
v  -29.2484 104.0695 1.8506
v  -31.1885 101.7614 2.1151
v  -47.4449 106.8777 8.3644
v  -36.2598 95.4175 0.9772
v  -36.4417 95.9547 2.7464
v  -48.2313 97.1391 -6.7191
v  -45.4225 94.2107 -6.2679
v  -42.0621 93.2631 -4.7446
v  -38.1669 93.4268 -2.1060
v  -36.4243 93.9354 0.8582
v  -36.1228 94.2651 3.4967
v  -37.2514 95.4312 6.5126
v  -39.4681 96.9633 8.4100
v  -42.5755 99.7852 9.7904
v  -44.9133 103.0924 10.0541
v  -48.5105 105.3840 9.3907
v  -46.0106 102.1637 10.8903
v  -43.6884 98.7002 10.6912
v  -41.4094 95.7684 9.5336
v  -39.6683 93.4927 7.7644
v  -38.6994 91.6562 4.9133
v  -38.9839 90.8629 1.5684
v  -40.8380 90.7703 -1.2793
v  -43.8570 91.2777 -3.8607
v  -46.8572 92.7708 -5.5731
v  -49.5433 95.6129 -6.0877
v  -51.3881 99.5876 -5.3328
v  -53.0795 97.2924 -4.1049
v  -51.2073 93.8566 -4.8869
v  -48.6123 90.9753 -4.4503
v  -45.8690 89.3386 -2.6673
v  -43.4956 88.7555 -0.1016
v  -41.7853 88.9965 2.8202
v  -41.2994 89.9261 5.9313
v  -41.8886 91.7611 8.8754
v  -43.1247 94.1273 10.8573
v  -45.0804 97.1197 12.0499
v  -47.5910 100.6551 12.1729
v  -50.2614 103.4795 10.4737
v  -1.1871 151.1018 19.9381
v  -1.9155 151.5881 19.7149
v  -2.2958 152.6602 19.3166
v  -3.0615 154.2103 18.9089
v  -4.4609 155.0915 18.0888
v  -5.4726 155.8286 17.2467
v  -6.2117 156.5592 15.9145
v  -6.6070 157.0861 14.5828
v  -6.7537 157.5516 13.1648
v  -6.8136 157.9091 11.7418
v  -1.3154 152.6700 19.6011
v  -1.6345 154.2407 19.3935
v  -1.7088 155.9166 18.9979
v  -3.0570 155.7839 18.5787
v  -4.0579 155.8253 18.0774
v  -4.5402 156.5502 17.5141
v  -5.0893 157.3467 16.6021
v  -6.8644 158.1142 10.5410
v  -6.9361 158.0787 9.6411
v  -6.8267 158.0892 8.4846
v  -7.0557 157.1777 7.2386
v  -1.8072 157.3712 18.3000
v  -3.2667 156.9816 17.9137
v  -3.5794 158.1102 17.0219
v  -1.9357 158.6535 17.2880
v  -2.0741 159.6839 15.9632
v  -3.8116 159.1172 15.7227
v  -5.5057 158.0872 15.4107
v  -49.4506 98.6453 13.2120
v  -50.9215 96.4911 13.9062
v  -5.2360 155.3800 2.8699
v  -6.7422 154.6689 4.5476
v  -3.0388 156.3343 1.6860
v  -7.7025 154.0758 6.3787
v  -7.4500 155.7376 6.6322
v  -6.5347 156.3925 5.0526
v  -4.9954 157.2612 3.7455
v  -2.8873 158.0380 2.7672
v  -55.2780 101.6923 10.0901
v  -56.4295 99.1084 11.7641
v  -6.2349 157.7753 6.0099
v  -4.7876 158.6749 4.9916
v  -2.7542 159.4498 4.2585
v  -57.5210 97.1144 -0.9242
v  -58.0543 98.5837 1.3111
v  -56.9398 98.3986 1.2868
v  -56.0911 96.7284 -0.8914
v  -6.0367 158.7518 7.4380
v  -4.5279 159.7753 6.8473
v  -2.5397 160.4630 6.3163
v  -58.1597 100.0862 4.1805
v  -56.9965 99.7206 3.9851
v  -5.8410 158.6955 13.7639
v  -5.9412 159.0989 11.9784
v  -5.9973 159.2731 10.4658
v  -6.0338 159.1544 9.0484
v  -4.3337 160.4393 8.9103
v  -2.3550 161.1251 8.6982
v  -56.1067 100.7894 6.8169
v  -56.9576 101.0801 7.1294
v  -4.2441 160.6304 10.7608
v  -2.2881 161.3595 10.8074
v  -4.1720 160.4635 12.5219
v  -4.0226 159.9608 14.2150
v  -2.1511 160.5311 14.4075
v  -2.2351 161.1378 12.6990
v  -54.7879 94.6942 -2.4573
v  -53.0077 91.8943 -3.1889
v  -50.6130 89.2033 -2.7899
v  -48.0299 87.5065 -1.1004
v  -45.9100 86.9633 1.4667
v  -44.3271 87.3097 4.3457
v  -43.7178 88.2977 7.2495
v  -44.0089 90.1520 10.0173
v  -44.9110 92.3387 12.0750
v  -46.6767 95.2289 13.2964
v  -48.2095 93.1136 14.3021
v  -46.5597 90.4394 13.1403
v  -45.9651 88.4184 11.0382
v  -45.9859 86.9248 8.4304
v  -46.7951 86.0095 5.9366
v  -48.2446 85.6035 3.2626
v  -50.2335 86.0222 0.8608
v  -54.8661 89.7098 -1.4122
v  -52.6398 87.4560 -0.8625
v  -56.5768 92.0615 -0.4878
v  -57.5412 93.6191 0.7091
v  -59.0809 94.3463 0.5702
v  -58.2399 98.4010 8.7409
v  -59.5128 97.2172 5.7033
v  -59.3906 95.7688 2.7920
v  -3.2955 76.2340 21.0970
v  -6.5880 75.6500 20.0352
v  -3.4735 70.8119 19.2135
v  -3.1521 73.3243 20.6018
v  -11.1392 77.6951 18.1985
v  -15.2433 78.3645 15.5672
v  -18.5618 78.8624 11.0620
v  -19.0560 79.4801 4.6403
v  -16.7082 80.1058 -1.3081
v  -4.8209 80.9591 -7.0313
v  -9.4249 81.0048 -6.3829
v  -13.5983 80.6300 -4.7252
v  -1.7430 68.8508 0.9087
v  -3.1018 68.9886 -3.9329
v  -4.9122 65.0922 -1.6352
v  -2.5067 63.9299 1.6452
v  -6.8377 69.7932 -5.6950
v  -8.0518 66.1939 -3.3726
v  -11.6237 67.4743 -4.1406
v  -10.6513 71.0088 -6.0104
v  -7.7442 72.1433 19.1775
v  -3.2102 68.8891 16.8749
v  -15.2698 68.7297 -3.0343
v  -13.8871 72.8478 -4.7047
v  -16.6604 75.3524 -2.1267
v  -18.9409 69.5240 -0.2245
v  -21.6555 69.1627 4.7753
v  -20.4438 74.2937 4.3367
v  -21.4490 68.6783 11.7693
v  -20.2126 73.6340 11.2817
v  -17.4314 68.5531 16.8848
v  -16.3019 73.4355 16.0411
v  -12.5760 68.4291 18.9700
v  -11.7711 73.1892 18.5274
v  -8.5899 67.4769 18.6786
v  -4.8753 66.0314 16.4731
v  -2.0414 70.2367 -5.2303
v  -5.0725 72.6673 -7.1539
v  -5.1133 76.6534 -7.7071
v  -9.5882 76.9129 -7.2344
v  -13.3933 76.7515 -5.4726
v  -9.6904 73.6484 -7.0969
v  -12.4457 74.3930 -6.0091
v  -1.4914 67.7606 9.1746
v  -1.8079 64.6644 9.5186
v  -60.6612 94.2760 7.4085
v  -60.5646 92.5684 4.3603
v  -61.9900 88.8904 6.7597
v  -61.9550 90.4754 9.6696
v  -2.2139 67.2455 12.5494
v  -2.7188 64.9746 13.1794
v  -60.5547 91.6695 12.3160
v  -59.5337 95.1295 10.4709
v  -18.5661 59.5342 15.6009
v  -18.8053 55.3701 14.2337
v  -15.0090 55.1440 16.3149
v  -14.2478 59.4507 17.7002
v  -9.4846 63.0935 18.4975
v  -13.4427 63.8962 18.6099
v  -18.1377 63.9525 16.5694
v  -22.1133 64.0673 11.8087
v  -22.3266 64.6774 5.2994
v  -19.9360 65.1773 0.1851
v  -16.2895 64.5184 -2.4638
v  -12.4688 63.2908 -3.3053
v  -8.8503 61.8047 -3.1032
v  -5.7196 60.6404 -1.6034
v  -3.2822 59.3904 1.6825
v  -2.5366 60.4425 9.4722
v  -57.5139 96.1098 13.2959
v  -58.6493 92.3268 15.0118
v  -3.6764 60.8191 13.3983
v  -5.7510 61.9827 16.5040
v  -10.4826 58.7131 17.8373
v  -6.9595 57.4878 15.9832
v  -4.9137 56.6624 13.0426
v  -3.7560 56.4065 9.0993
v  -3.8657 55.2931 1.8168
v  -57.4424 91.7903 15.0163
v  -56.0324 95.1800 13.3340
v  -6.3627 56.4682 -1.8730
v  -9.5565 57.5406 -3.2929
v  -13.1856 58.9887 -3.2497
v  -16.8840 60.1405 -2.3229
v  -20.3470 60.6664 0.4147
v  -22.7040 60.0898 5.3684
v  -22.3513 59.6345 11.3631
v  -11.5869 54.3900 16.5457
v  -8.2760 53.2649 15.1899
v  -6.2044 52.7382 12.5435
v  -4.9464 52.5992 8.8856
v  -4.8852 51.7391 2.1121
v  -54.2607 94.4658 14.4837
v  -7.1703 52.7641 -1.8323
v  -10.3015 53.7478 -3.1466
v  -13.8664 55.0636 -2.9569
v  -17.3205 55.8461 -2.0281
v  -20.4791 56.1995 0.6989
v  -22.6695 55.8270 5.0706
v  -22.3001 55.4585 10.5343
v  -17.5964 52.1715 -1.5810
v  -14.3677 51.5965 -2.4842
v  -14.8368 48.5438 -2.3027
v  -15.2210 45.8754 -2.6548
v  -18.1019 46.1938 -2.2266
v  -17.8621 48.9592 -1.5957
v  -18.2684 43.6975 -3.1028
v  -15.2945 43.5189 -3.3071
v  -15.1466 41.4078 -4.0929
v  -14.9036 41.3621 -5.9225
v  -18.0671 41.5078 -4.1407
v  -19.1398 41.7661 -5.7564
v  -12.7767 50.5510 15.1645
v  -15.7137 51.1158 15.0508
v  -16.3044 47.1659 15.0035
v  -13.7142 46.8165 14.9713
v  -14.7049 43.1444 13.5915
v  -17.1548 43.3123 13.5213
v  -15.1160 40.0199 11.3212
v  -17.6511 40.0862 11.1306
v  -15.6094 37.3887 10.0641
v  -18.2302 37.3564 9.8523
v  -18.9157 51.5265 12.7665
v  -21.9648 51.7026 9.4481
v  -22.4428 52.2188 4.2946
v  -20.5082 52.3335 0.8334
v  -11.0610 50.5007 -2.6184
v  -8.1488 49.6131 -1.2814
v  -6.2438 48.7074 2.4835
v  -6.3057 49.1925 8.6535
v  -52.0647 92.8954 15.5772
v  -7.6610 49.2799 11.8885
v  -9.8384 49.7542 14.1212
v  -19.3947 47.7360 12.2579
v  -21.3639 48.2686 8.4779
v  -22.4035 48.8009 3.7794
v  -20.7044 48.9678 0.4950
v  -11.7899 47.7287 -2.1139
v  -9.1259 46.9302 -0.5532
v  -7.6287 46.0650 2.9136
v  -7.7840 46.3061 8.1979
v  -49.1438 90.5380 15.5163
v  -9.3869 46.4694 10.8004
v  -11.4225 46.5709 13.1675
v  -12.4260 43.3690 12.4694
v  -10.5176 43.6092 10.1506
v  -8.4675 43.6038 2.9132
v  -8.9173 43.6409 7.7264
v  -47.8075 88.5088 14.1635
v  -9.6518 44.5450 -0.3956
v  -12.3219 45.3131 -2.1285
v  -21.1011 46.0480 -0.2665
v  -22.3419 45.7413 3.0024
v  -21.2946 45.0882 7.3458
v  -19.8212 44.2417 11.2725
v  -13.1333 40.2563 10.6800
v  -11.1202 40.6209 9.0314
v  -9.7342 41.0334 6.9263
v  -8.8403 41.5654 2.5806
v  -47.5882 86.9347 12.0819
v  -9.5802 42.3077 -0.6542
v  -12.3805 43.1676 -2.6544
v  -21.5471 43.7082 -1.1631
v  -22.6427 43.2613 2.1558
v  -21.6192 42.1069 6.5605
v  -19.8801 40.8680 9.4565
v  -12.1414 41.5447 -3.1349
v  -9.5122 41.3791 -0.7855
v  -8.9202 40.8508 2.4554
v  -9.9965 39.6441 6.4146
v  -47.8703 85.6263 9.5477
v  -11.3313 38.6652 8.2428
v  -13.7051 37.8631 9.6661
v  -20.1233 38.1066 8.8285
v  -22.3768 39.8536 5.6711
v  -23.0874 41.3985 1.4014
v  -21.8506 42.0020 -1.9465
v  -23.1885 42.0388 -3.4920
v  -24.9997 41.6013 0.1512
v  -24.2130 39.5653 5.9872
v  -21.4326 37.4831 9.7374
v  -18.6868 36.5856 11.1956
v  -15.7023 36.7580 11.2804
v  -13.4597 37.1438 10.4318
v  -11.0060 38.1733 8.4486
v  -9.4326 39.0730 6.4644
v  -7.7874 40.4078 2.0940
v  -48.7467 84.8418 7.1546
v  -8.3623 41.1104 -1.6638
v  -11.1511 41.5231 -4.4626
v  -26.6162 36.4035 -0.0291
v  -26.2033 36.7820 -2.4487
v  -27.3086 36.0696 -2.1168
v  -27.5501 35.7651 -0.2608
v  -26.4915 30.0221 5.2270
v  -26.4441 26.5393 4.5756
v  -25.3757 29.9687 5.6582
v  -25.3668 25.8886 4.7944
v  -25.9991 26.2485 1.9561
v  -27.0534 26.8973 2.1527
v  -25.8011 32.2299 -3.4188
v  -24.6763 27.8290 -3.7920
v  -26.1557 28.2093 -3.1121
v  -26.9928 32.0579 -2.8215
v  -27.4145 30.6270 2.9228
v  -27.1705 34.5740 3.6128
v  -26.3428 33.6945 5.7429
v  -26.0407 35.3466 3.9059
v  -25.0460 34.2747 6.2610
v  -27.5945 31.5829 -0.6938
v  -26.7675 27.6194 -0.9987
v  -25.6677 26.9545 -1.2912
v  -22.1419 33.7591 9.4076
v  -18.9613 33.3521 10.9528
v  -24.0413 37.4308 -5.7237
v  -19.5497 37.5314 -8.0486
v  -14.3941 37.3500 -8.0163
v  -10.2757 37.2395 -6.2482
v  -6.9029 36.8535 -3.3501
v  -6.3503 36.2854 2.2084
v  -8.0162 35.4170 5.8960
v  -50.1955 84.5660 4.7454
v  -10.5307 34.4641 7.9974
v  -13.0218 33.5335 9.9436
v  -15.7207 33.3064 11.0935
v  -23.8492 32.5951 -6.1144
v  -22.9266 28.3074 -5.8198
v  -19.5225 33.2252 -8.9026
v  -18.9491 29.1015 -8.3418
v  -14.3473 33.3123 -9.0087
v  -14.5234 29.3886 -8.6414
v  -9.8337 33.1653 -7.6574
v  -10.2739 29.2883 -7.5155
v  -6.8038 32.9871 -4.3833
v  -7.4339 29.1427 -4.4263
v  -6.0314 32.4705 1.7233
v  -6.4997 28.7628 1.2394
v  -7.7774 31.8355 5.3210
v  -8.0055 28.3469 4.7723
v  -52.0912 84.8591 2.7076
v  -10.0942 31.1432 8.0825
v  -10.2443 27.8644 7.5226
v  -12.6528 30.6162 10.0699
v  -12.9068 27.5568 9.5367
v  -15.8554 30.3545 10.4798
v  -16.0451 27.3434 10.3525
v  -19.1281 30.2268 10.2011
v  -19.1238 27.0397 9.4417
v  -22.4498 30.1589 8.6115
v  -22.5136 26.7479 7.9285
v  -24.8927 23.5337 4.5862
v  -25.6337 24.2700 1.7503
v  -25.2592 24.9252 -1.4742
v  -23.9609 25.2728 -3.8553
v  -22.3270 23.8005 7.5131
v  -19.1719 24.0279 8.9008
v  -16.1791 24.2707 9.6748
v  -13.2677 24.4752 8.8643
v  -10.6432 24.6267 6.8606
v  -8.5286 24.9778 4.2135
v  -7.2574 25.2942 0.8442
v  -54.3173 85.8640 1.2241
v  -8.2820 25.5435 -4.1758
v  -10.9703 25.7189 -6.8925
v  -14.6724 25.7863 -7.6365
v  -18.5599 25.6464 -7.4040
v  -22.3434 25.4490 -5.4475
v  -26.4068 23.5686 1.7850
v  -25.8384 23.0534 4.1191
v  -25.8636 24.2922 -1.7899
v  -24.5540 24.5537 -3.7742
v  -22.4496 22.2601 -4.3942
v  -23.6367 21.7462 -4.0785
v  -21.5954 22.6977 -5.3277
v  -11.4977 22.3322 -6.5291
v  -14.7574 22.4161 -7.0839
v  -18.1713 22.4391 -6.8708
v  -9.0038 22.1607 -4.0709
v  -8.0720 22.1165 0.3008
v  -9.3029 21.7313 3.5432
v  -56.5463 87.6167 0.7743
v  -11.1979 21.4796 6.0868
v  -13.5585 21.3989 8.1148
v  -16.2971 21.2559 8.9464
v  -19.1765 21.0731 8.5985
v  -21.9311 20.7967 7.2129
v  -24.0593 20.2449 4.5168
v  -25.3010 20.2587 3.8953
v  -25.8752 20.9031 1.6678
v  -25.1958 21.4429 -1.8826
v  -57.9080 89.0892 1.4261
v  -25.0997 18.1278 3.5938
v  -23.9290 17.4674 4.0387
v  -25.4908 18.4587 1.6609
v  -24.6618 18.8915 -2.0802
v  -22.8900 19.2094 -4.3277
v  -21.4767 18.9620 -4.7082
v  -20.7362 19.3168 -5.3272
v  -17.8186 19.1684 -6.5958
v  -14.8767 19.1373 -6.7588
v  -12.1439 19.0637 -5.7039
v  -9.7308 18.9834 -4.0661
v  -8.9065 18.9403 -0.2379
v  -10.0232 18.5951 3.0392
v  -58.8169 90.4102 2.4617
v  -11.6355 18.4403 5.6397
v  -13.7469 18.4287 7.9724
v  -16.4025 18.3295 8.7424
v  -19.2925 18.2169 8.5974
v  -21.9241 17.9568 6.9936
v  -24.4426 17.7125 1.5781
v  -23.5479 18.1460 -2.2238
v  -19.6731 15.5100 10.1333
v  -22.3859 15.2598 7.5798
v  -16.5141 15.4189 9.7918
v  -24.0532 15.4343 3.9747
v  -24.4182 15.3693 1.4591
v  -23.8090 15.4679 -1.8803
v  -21.9786 15.7381 -4.2822
v  -20.1561 15.8876 -5.5540
v  -17.5916 15.8761 -6.4710
v  -14.9784 15.9278 -6.5138
v  -12.5665 15.8924 -5.5475
v  -10.6771 15.7800 -3.4827
v  -9.4294 15.8390 -0.3369
v  -10.3563 15.5543 2.9178
v  -60.2714 91.1784 2.2927
v  -11.7512 15.4890 5.6557
v  -13.9007 15.4506 8.0608
v  -23.9920 12.2400 10.8848
v  -20.3415 12.8068 12.5521
v  -16.3661 12.1918 12.3365
v  -24.2937 10.2726 14.9114
v  -21.1246 10.7530 15.7530
v  -17.9077 10.0616 15.8800
v  -27.0950 8.8708 13.2241
v  -26.9311 9.7014 9.1698
v  -29.0397 6.7554 12.4087
v  -28.5390 7.0676 8.6963
v  -13.9911 9.3082 12.7589
v  -15.4199 8.3497 16.0187
v  -13.6259 6.3215 16.1498
v  -12.9986 3.8847 15.9872
v  -12.6204 6.7059 12.7720
v  -12.5247 3.8213 12.0389
v  -13.4259 12.5386 8.9730
v  -11.7968 12.5368 5.4967
v  -12.1694 9.7751 9.5917
v  -11.6246 6.9452 9.4698
v  -11.3302 9.6736 5.9610
v  -10.7613 6.9160 6.2315
v  -12.0631 3.9634 8.4759
v  -11.3814 3.9192 5.9773
v  -24.6943 12.5550 5.0032
v  -24.7650 12.5969 1.4814
v  -24.2304 12.6470 -1.7346
v  -22.6770 12.7347 -4.1236
v  -20.4561 12.7758 -5.6381
v  -17.5714 12.7256 -6.5085
v  -15.0544 12.8085 -6.4334
v  -12.7673 12.8082 -5.4931
v  -10.8835 12.7294 -3.6155
v  -10.0722 12.7428 -0.7051
v  -10.6535 12.5406 2.5107
v  -26.1922 9.7865 5.0800
v  -25.6398 9.7857 1.3262
v  -24.6190 9.7741 -1.8227
v  -20.6127 9.7652 -5.9105
v  -22.9713 9.7813 -4.2695
v  -17.5074 9.7150 -6.6928
v  -15.0470 9.7644 -6.4661
v  -12.7869 9.8010 -5.4921
v  -10.8642 9.7282 -3.7339
v  -9.7641 9.8209 -0.7111
v  -10.2664 9.6679 2.5086
v  -9.9764 6.7036 2.7719
v  -9.5975 6.8641 -1.4524
v  -10.6930 6.7237 -3.8298
v  -12.6353 6.9111 -5.6665
v  -14.8795 6.7814 -6.8331
v  -17.3216 6.7706 -7.2747
v  -20.8314 6.8201 -6.4885
v  -23.0002 6.8417 -4.7133
v  -24.8233 6.8504 -2.1546
v  -26.2899 6.9239 0.9838
v  -27.4169 7.0660 4.8484
v  -28.3857 4.0350 8.2000
v  -29.1274 3.8415 12.1803
v  -27.6004 4.1514 4.6928
v  -26.0578 3.9408 0.8290
v  -24.1633 3.8238 -2.3871
v  -22.2774 3.7865 -4.8818
v  -20.1620 3.9152 -6.4823
v  -16.9644 3.8754 -7.0777
v  -14.7858 3.8662 -6.6701
v  -12.5350 3.8408 -5.3777
v  -10.7892 3.8201 -3.5932
v  -9.7652 4.0008 -1.2166
v  -10.1072 4.0139 3.0864
v  -15.0145 5.8536 19.2571
v  -13.8981 3.9116 19.5509
v  -16.8053 7.4805 18.9579
v  -16.1931 5.5775 22.4264
v  -15.3881 3.6989 23.0172
v  -17.3835 3.7325 25.4095
v  -17.8582 5.6305 24.7339
v  -18.9497 8.7161 18.6990
v  -21.6966 9.2445 18.4806
v  -24.4535 8.9688 17.5932
v  -26.8378 7.9025 16.4896
v  -28.8342 6.2390 15.9587
v  -29.7776 3.7949 15.8407
v  -28.6921 6.0126 18.9356
v  -29.5710 3.9118 19.2777
v  -28.3034 4.0684 22.4003
v  -26.7597 3.8981 24.5023
v  -26.3664 5.6384 24.1945
v  -27.5774 5.9017 22.1634
v  -23.5426 3.8197 26.6202
v  -23.0215 6.2422 25.8694
v  -20.2694 6.0632 25.9054
v  -19.9984 3.7216 26.8502
v  -17.7811 7.0258 21.9113
v  -18.7120 6.7643 23.7699
v  -20.2400 7.1985 24.0655
v  -22.5654 7.4513 23.8949
v  -25.0466 7.2458 22.7621
v  -26.3369 6.9990 21.6495
v  -26.7711 7.3397 19.2848
v  -19.7204 7.9908 21.5584
v  -22.1990 8.2526 21.5865
v  -24.5586 8.0902 20.3494
v  -20.0352 3.3705 27.3937
v  -23.5777 3.4230 27.2767
v  -27.3156 3.4001 24.8277
v  -28.9257 3.4422 22.5146
v  -30.1605 3.3629 19.2573
v  -30.3556 3.2120 15.6227
v  -29.6729 3.2641 11.9040
v  -28.8397 3.1970 8.1004
v  -27.9276 3.2691 4.4208
v  -26.4329 3.3245 0.6337
v  -24.6401 3.2300 -2.6847
v  -22.6703 3.2412 -5.2166
v  -20.5185 3.3261 -6.9668
v  -17.0762 3.3357 -7.6451
v  -14.6396 3.3129 -7.1997
v  -12.0093 3.2641 -5.6149
v  -10.3709 3.2901 -3.8408
v  -9.2855 3.3545 -1.3140
v  -9.6484 3.2764 3.2193
v  -10.9011 3.2067 6.2489
v  -11.6340 3.2297 8.6707
v  -12.0578 3.2669 12.0000
v  -12.5063 3.4684 16.2759
v  -13.3338 3.3405 19.7086
v  -14.9393 3.3133 23.2486
v  -16.9934 3.2736 25.7150
v  -20.3014 0.2853 27.0424
v  -17.3615 0.2409 25.3608
v  -23.6571 0.3518 26.9597
v  -27.2358 0.2621 24.6808
v  -28.8248 0.3178 22.3621
v  -29.6719 0.3660 19.4295
v  -29.6633 0.3306 15.6185
v  -28.7695 0.1929 12.0076
v  -27.8872 0.2581 8.3948
v  -26.7559 0.1484 4.4987
v  -25.3014 0.1785 0.6198
v  -23.5950 0.1029 -2.5988
v  -22.0795 0.1962 -4.8212
v  -19.9131 0.2710 -6.6882
v  -16.6583 0.3845 -7.2739
v  -14.3608 0.4646 -6.8856
v  -11.9512 0.5958 -5.3214
v  -10.3982 0.7023 -3.7419
v  -9.4858 0.3888 -1.0684
v  -9.9553 0.2328 3.0907
v  -19.0643 -0.1680 -2.8020
v  -15.7876 -0.1032 -1.3620
v  -16.6442 -0.0930 1.1063
v  -20.7010 -0.1868 -0.6404
v  -11.4777 0.2902 5.7831
v  -12.6475 0.3092 8.8856
v  -12.6072 0.2811 12.1130
v  -12.5739 0.3147 16.2930
v  -13.6378 0.3315 19.7250
v  -15.2637 0.3220 22.8764
v  -26.1629 -0.0168 20.8448
v  -26.6671 -0.0237 18.9247
v  -26.8152 -0.0353 15.8434
v  -26.0529 -0.0522 12.4610
v  -25.1604 -0.1097 9.0784
v  -24.2445 -0.2030 5.4036
v  -22.7967 -0.2190 2.1272
v  -17.8221 -0.1535 -4.2405
v  -16.5030 -0.1286 -4.6157
v  -14.8993 -0.1007 -4.2616
v  -13.4188 -0.0861 -3.6319
v  -12.2882 -0.0854 -2.5484
v  -12.3496 -0.0854 -0.6609
v  -12.8514 -0.0854 2.4309
v  -13.4921 -0.0854 5.4871
v  -14.4877 -0.0838 8.5107
v  -14.8938 -0.0723 11.7528
v  -14.9790 -0.0601 15.6432
v  -16.1153 -0.0451 19.1352
v  -17.2729 -0.0358 21.1167
v  -18.7912 -0.0261 23.1536
v  -20.8800 -0.0165 23.9814
v  -23.1328 -0.0109 23.9712
v  -24.8580 -0.0125 22.4920
v  -22.7567 -0.0183 21.3523
v  -22.2468 -0.0262 19.2185
v  -21.7376 -0.0357 16.7906
v  -21.0819 -0.0473 14.0682
v  -20.0751 -0.0639 10.4332
v  -19.3468 -0.0828 7.1959
v  -18.0455 -0.0923 3.7073
v  -15.1494 -0.1025 -3.0874
v  -61.5868 87.4163 4.4024
v  -59.8254 86.6449 4.3154
v  -59.2559 86.3201 3.6100
v  -58.2833 85.4641 3.0507
v  -55.8923 84.3023 3.0039
v  -53.8375 83.5867 4.3288
v  -51.9105 83.5675 6.0473
v  -50.4333 83.7991 8.0348
v  -49.7378 84.4294 10.7873
v  -49.4080 85.4943 12.8851
v  -49.3290 86.7555 15.0780
v  -50.2685 88.9626 16.7119
v  -53.1917 90.5580 17.0156
v  -55.6402 91.4013 16.0838
v  -59.9213 91.1376 12.4046
v  -61.1469 89.8264 9.4620
v  -61.1536 88.3303 7.1650
v  -58.0061 89.6966 15.9805
v  -60.4636 88.9888 13.6616
v  -61.9000 87.4514 10.6547
v  -61.7386 86.1861 8.2313
v  -60.6051 84.5112 5.6165
v  -59.5386 83.3742 4.5942
v  -57.7553 82.3062 4.4325
v  -55.4182 81.6166 5.6041
v  -53.5613 81.5861 7.4120
v  -52.2344 82.0998 9.2450
v  -51.6042 82.8991 11.8302
v  -51.2354 84.0021 13.5486
v  -50.3856 84.7880 15.9960
v  -50.5860 87.1994 17.5195
v  -53.2697 88.8225 18.1960
v  -56.2010 89.4815 17.2282
v  -50.8340 82.3871 16.6608
v  -52.2815 81.6533 15.0807
v  -54.0099 79.2342 14.9791
v  -53.5042 79.5934 15.5554
v  -52.9783 77.8935 14.6045
v  -51.2930 77.9391 15.7810
v  -50.7661 82.6698 20.8895
v  -51.0961 81.1783 18.7660
v  -50.4677 84.6475 19.3261
v  -52.6960 84.4675 22.4848
v  -52.7741 86.2600 20.8389
v  -55.2122 84.6622 23.0458
v  -56.0934 86.3051 20.7961
v  -57.7903 82.8126 22.9397
v  -58.7521 84.2309 20.9202
v  -60.1923 81.2440 20.9739
v  -58.8518 80.5677 22.2218
v  -59.3440 86.4473 17.7661
v  -62.0841 85.3506 15.2440
v  -63.1804 84.0813 11.7861
v  -62.8712 82.6351 9.1368
v  -61.7562 81.3336 6.7030
v  -60.9075 80.1794 5.8853
v  -59.0894 79.9146 5.3659
v  -56.6146 79.4578 6.1013
v  -54.8404 79.4371 7.8026
v  -52.9523 78.0924 13.9168
v  -54.6577 79.1191 13.9552
v  -53.5826 80.0594 10.1896
v  -53.0141 80.9104 13.2204
v  -51.3364 81.8010 21.0399
v  -52.0241 80.7844 19.7721
v  -52.8671 83.4672 22.5306
v  -55.1353 83.5729 23.1262
v  -57.2443 82.0872 23.0555
v  -57.7582 80.3875 22.3001
v  -60.7232 84.2015 18.7218
v  -61.9621 81.7546 19.5345
v  -63.0993 83.0511 16.2874
v  -64.1809 81.4267 12.8079
v  -63.7750 80.7491 17.3111
v  -64.8984 79.1225 13.5986
v  -63.6370 80.1866 9.9568
v  -62.6539 78.9843 7.5640
v  -63.4508 77.3161 8.2131
v  -64.5728 78.0001 11.0719
v  -61.2456 78.3340 6.2890
v  -62.1374 76.2500 6.9549
v  -59.4573 77.9005 6.1062
v  -59.7503 75.8355 6.9254
v  -57.2556 77.7138 6.8268
v  -57.9333 75.9651 8.1653
v  -57.1150 76.2144 9.5120
v  -56.2056 78.0184 9.1909
v  -53.9922 77.2356 9.4516
v  -54.8118 76.8445 8.8634
v  -55.7195 78.1630 9.5628
v  -55.2819 78.6009 9.9458
v  -54.2019 77.3035 11.6573
v  -54.9684 78.5138 11.5465
v  -53.0377 77.6532 12.3171
v  -54.9031 78.9223 13.0691
v  -53.1719 79.8496 16.3607
v  -51.1129 78.1673 16.8583
v  -53.8111 77.3100 10.5533
v  -55.0715 78.6360 10.9948
v  -61.2899 75.6988 21.8749
v  -62.0474 76.2161 21.8378
v  -62.1668 74.8879 20.5817
v  -62.7781 75.4816 20.6871
v  -64.0756 76.5317 20.6557
v  -63.2095 77.3135 22.1385
v  -63.3955 78.8020 21.3620
v  -64.3520 78.1826 19.8829
v  -62.4437 80.1600 20.3002
v  -63.5528 79.3928 18.7272
v  -61.2813 77.7521 22.2972
v  -60.1964 77.8108 22.4503
v  -61.5682 79.3466 21.6499
v  -60.3836 79.9008 21.6468
v  -58.7700 78.4806 21.3863
v  -57.1798 78.9091 21.0835
v  -62.8213 75.3649 19.3560
v  -62.3376 75.0102 19.3485
v  -63.8591 76.2049 19.2775
v  -64.3958 77.7136 18.6814
v  -64.2666 78.4223 18.2000
v  -63.7543 74.3386 18.8819
v  -62.9708 73.8086 18.7382
v  -65.0107 75.4231 18.6723
v  -65.3024 77.3369 17.9091
v  -64.6712 78.7812 17.1440
v  -65.8222 76.6192 16.0202
v  -65.1765 77.9813 15.1740
v  -65.4200 77.0875 14.7720
v  -65.7242 76.2425 15.1811
v  -65.4946 74.7310 17.1733
v  -65.2312 74.5258 15.7795
v  -64.1550 73.4926 17.2481
v  -64.0806 73.7817 15.7701
v  -63.3167 73.1245 17.3512
v  -63.0727 73.4371 15.9514
v  -65.9335 76.1626 14.2806
v  -65.3521 77.3672 13.6876
v  -65.3110 75.2376 11.8896
v  -65.8664 75.5861 12.6490
v  -65.0283 76.2610 11.5747
v  -65.1208 76.9989 12.2151
v  -65.7488 74.2421 14.9725
v  -65.6883 73.8971 13.0378
v  -65.1768 73.9010 12.2845
v  -65.0019 73.3024 15.1794
v  -65.1024 72.9251 13.3866
v  -64.4702 73.3624 12.2901
v  -65.3898 75.1675 10.7867
v  -64.7326 76.6709 10.6226
v  -65.1138 74.9967 9.0261
v  -64.1526 76.3274 8.8044
v  -64.1163 74.7211 8.2253
v  -63.6230 75.4428 8.0070
v  -65.1992 73.7254 11.3672
v  -64.9106 73.4726 9.3576
v  -63.9060 73.5323 8.5597
v  -64.7811 73.0867 11.6256
v  -64.4901 72.6486 9.5973
v  -63.4271 73.0811 8.7686
v  -63.7054 72.5404 15.1310
v  -63.9420 72.3270 13.5990
v  -63.2271 72.8936 12.3463
v  -63.5596 72.2701 11.3867
v  -63.2458 72.3203 9.8713
v  -62.4318 72.7578 8.6452
v  -62.1111 74.5467 7.3846
v  -62.0687 73.6648 7.8251
v  -60.1250 74.7607 7.9349
v  -58.1776 75.1029 9.3059
v  -57.3549 74.9275 9.8413
v  -60.6756 73.6493 7.8796
v  -61.4421 72.2431 8.5562
v  -62.2052 71.8263 9.9030
v  -62.6496 71.7457 11.3543
v  -62.3799 72.2900 12.3915
v  -62.8304 71.7148 13.5963
v  -62.7465 71.8512 15.1516
v  -62.2612 72.6280 16.0960
v  -62.4980 72.4096 17.5740
v  -61.9920 73.0860 19.0454
v  -61.3538 73.8708 19.6412
v  -61.2914 73.9320 20.5079
v  -60.3809 74.7957 21.9581
v  -59.3966 75.9679 22.6901
v  -58.1042 76.9483 22.3851
v  -56.1075 77.8634 20.9250
v  -58.4764 73.6279 22.1098
v  -59.1803 72.7011 20.9215
v  -57.7753 74.7761 22.6751
v  -59.3347 72.4257 20.1709
v  -59.5963 71.8299 19.5486
v  -59.9863 70.8609 17.7865
v  -60.0739 70.6791 16.6075
v  -60.1510 70.4165 15.6565
v  -56.7065 69.3186 15.7756
v  -56.8286 69.7056 16.7933
v  -60.2627 70.2504 13.7806
v  -56.8810 69.1163 13.9154
v  -60.2669 70.4308 12.4943
v  -57.1975 69.6675 12.6379
v  -60.2271 70.2911 11.5164
v  -57.0282 69.5396 11.7250
v  -60.0042 70.4485 9.9472
v  -57.0365 69.6501 9.8876
v  -59.5417 70.9593 8.7069
v  -57.0828 70.5912 8.8929
v  -56.7643 69.7223 17.8966
v  -56.6395 70.7315 19.7629
v  -56.6498 71.3008 20.3382
v  -56.5126 71.6992 21.1420
v  -56.1983 72.4585 22.0214
v  -55.9149 73.4450 22.5572
v  -58.7333 73.1525 8.0941
v  -57.3506 72.7331 8.6024
v  -54.9354 70.8531 12.2204
v  -54.8312 70.5488 11.3807
v  -54.6150 70.4264 13.4362
v  -54.3894 70.5641 15.5015
v  -54.4194 70.9906 16.1203
v  -54.0902 70.8654 17.1324
v  -53.8233 71.9200 18.9686
v  -53.8475 72.4622 19.6852
v  -53.7564 72.5611 20.2727
v  -53.6082 73.0792 21.0389
v  -53.4926 74.1875 21.7147
v  -57.1019 75.7735 22.5137
v  -55.9178 75.5694 22.2066
v  -54.2637 75.8345 21.9391
v  -55.2741 77.2614 21.5034
v  -54.4463 77.6481 21.6914
v  -55.0576 70.7787 9.7104
v  -55.4194 71.3024 8.7710
v  -55.5440 72.6946 8.4839
v  -56.0244 74.0146 9.4153
v  -52.4318 72.8674 14.6046
v  -52.7442 72.7990 12.9503
v  -52.4920 73.2947 15.3465
v  -52.2007 73.1516 16.0971
v  -51.9972 73.7797 18.0219
v  -51.8147 74.8794 18.9023
v  -51.9364 74.7830 19.5059
v  -50.9545 75.3211 17.6527
v  -51.2448 74.8153 15.9199
v  -51.4937 74.5558 14.2406
v  -51.9770 74.3476 12.5374
v  -51.6653 74.8264 15.0541
v  -54.0548 82.5205 23.7519
v  -55.8644 81.1862 24.0188
v  -52.4757 82.4574 23.1272
v  -51.1806 81.4191 21.5376
v  -56.4946 79.6412 23.2175
v  -54.7041 79.1317 23.6772
v  -54.0222 80.1898 24.2436
v  -56.4763 79.0136 22.2768
v  -54.8455 78.5010 22.8138
v  -52.8460 75.2433 9.4229
v  -53.8136 75.0963 8.8107
v  -53.2845 72.8550 11.8363
v  -52.5051 74.2244 11.6172
v  -53.0332 74.1102 9.3288
v  -52.2349 75.1674 10.5218
v  -52.5794 74.0028 10.7035
v  -53.6017 72.9090 9.4772
v  -53.2320 72.7364 10.9198
v  -54.0255 73.2283 8.7179
v  -53.8998 74.2136 8.7359
v  -54.7405 73.6572 8.5647
v  -54.8901 74.3178 8.8319
v  -55.0733 74.9244 8.7132
v  -52.5759 75.5739 11.5950
v  -55.8895 76.4895 8.8666
v  -51.3020 75.6829 18.5595
v  -52.3680 78.2142 23.6024
v  -51.3448 78.9875 23.3201
v  -52.8219 81.1787 24.1486
v  -52.0947 81.2045 23.7388
v  -50.9302 79.6721 22.6837
v  -51.0945 80.9624 22.1177
v  -50.9929 80.0023 21.6573
v  -52.5297 80.0805 20.3921
v  -51.5854 79.4011 20.2492
v  -53.2809 77.7865 23.1575
v  -52.4662 74.8433 20.2950
v  -52.8481 75.3026 20.8998
v  -53.5923 76.4251 21.5706
v  -52.6272 76.5181 22.2469
v  -51.4992 77.0086 22.3767
v  -50.7355 77.8512 22.1865
v  -50.4457 78.6729 21.6102
v  -52.1240 75.5573 21.2852
v  -51.1776 76.1392 21.3089
v  -50.3883 76.9859 20.9547
v  -50.1223 77.6620 20.4665
v  -50.6968 78.1500 19.6777
v  -51.6523 74.9927 20.6890
v  -51.3328 74.7850 19.7960
v  -50.7795 75.3797 20.6030
v  -50.0888 76.1480 20.2977
v  -49.8858 76.6621 19.8891
v  -50.9283 77.9009 18.9726
v  -50.5350 75.1221 19.8919
v  -50.0652 75.6727 19.6146
v  -49.9276 76.0932 19.4587
v  -50.4965 75.9162 18.8493
v  -50.8282 76.9612 18.6509
v  -51.7495 75.8354 12.4077
v  -51.1510 76.1260 13.8876
v  -51.5683 76.3167 14.8806
v  -50.8265 76.4348 15.9041
v  -50.6262 76.8152 17.1963
v  -51.1621 77.0911 18.1649
v  -51.8889 78.4275 17.9446
v  -52.7118 79.8564 17.4934
v  -51.9700 79.7144 19.1105
v  -0.2138 143.5748 18.3048
v  1.2074 143.7328 18.0273
v  -0.2138 144.5617 18.3621
v  1.1695 144.6420 18.2397
v  2.1804 144.7569 17.6498
v  2.3661 143.9857 17.4949
v  3.4626 144.3666 16.6573
v  3.2464 145.2176 16.9084
v  3.8779 144.9753 15.2978
v  3.6611 145.7863 15.5286
v  1.2781 142.7582 17.8961
v  -0.2138 142.6572 18.1545
v  2.5006 142.9854 17.3304
v  3.5228 143.4640 16.5197
v  3.9767 144.1362 15.0836
v  0.9708 144.7612 17.6911
v  -0.2138 144.7130 17.8181
v  1.8949 144.9041 17.2629
v  2.7521 145.2785 16.7287
v  3.1904 145.8458 15.4742
v  -1.5971 144.6420 18.2397
v  -1.6350 143.7328 18.0273
v  -2.6079 144.7569 17.6498
v  -2.7937 143.9857 17.4949
v  -3.6740 145.2176 16.9084
v  -3.8902 144.3666 16.6573
v  -4.0888 145.7852 15.5291
v  -4.3055 144.9751 15.2979
v  -1.7057 142.7585 17.8960
v  -2.9282 142.9854 17.3304
v  -3.9506 143.4629 16.5202
v  -4.4051 144.1313 15.0856
v  -1.3983 144.7637 17.6898
v  -2.3225 144.9044 17.2628
v  -3.1796 145.2788 16.7285
v  -3.6166 145.8564 15.4695
v  0.9907 143.5493 17.3960
v  -0.2138 143.4934 17.5464
v  1.9682 143.7495 16.8371
v  2.7883 144.2523 16.1080
v  3.1845 144.8324 14.8210
v  -1.4183 143.5482 17.3964
v  -2.3924 143.7934 16.8169
v  -3.2160 144.2518 16.1083
v  -3.6108 144.8425 14.8169
v  3.9914 144.7812 13.6573
v  3.8519 145.5702 13.9435
v  3.6340 146.3442 14.1532
v  3.1867 146.4024 14.2232
v  3.1386 145.4028 13.5359
v  -3.6133 146.4099 14.2201
v  -3.5689 145.3811 13.5439
v  -4.0647 146.3234 14.1616
v  -4.2825 145.5506 13.9511
v  -4.4226 144.7584 13.6655
# 3997 vertices

vn 0.2431 0.9433 0.2262
vn 0.5397 0.8288 0.1479
vn -0.2083 0.8649 0.4566
vn -0.0029 0.9893 0.1456
vn 0.5692 0.7939 0.2138
vn -0.0425 0.9970 0.0652
vn 0.5260 0.8356 0.1585
vn -0.0436 0.9775 -0.2065
vn 0.6083 0.7873 0.1011
vn 0.9993 0.0013 -0.0366
vn 0.8626 0.4538 -0.2236
vn 0.5314 0.6262 -0.5704
vn 0.1870 0.7536 -0.6301
vn 0.5776 0.8132 0.0718
vn 0.5856 -0.3231 -0.7434
vn 0.1024 0.1664 -0.9807
vn 0.4220 -0.2836 -0.8611
vn 0.0469 0.0581 -0.9972
vn -0.2825 0.4409 -0.8519
vn -0.3465 0.3595 -0.8664
vn -0.2820 -0.3964 -0.8737
vn -0.6064 -0.4733 -0.6390
vn 0.1019 -0.8024 -0.5880
vn -0.8887 0.1280 -0.4402
vn -0.6989 0.6035 -0.3839
vn -0.6125 0.6844 -0.3956
vn -0.6384 -0.7564 -0.1425
vn -0.5569 -0.7752 -0.2982
vn -0.5686 -0.7539 -0.3292
vn -0.8011 0.5945 -0.0698
vn -0.9796 -0.1652 -0.1148
vn -0.6941 0.7168 -0.0665
vn -0.7177 0.6923 0.0748
vn -0.8117 0.5808 0.0611
vn -0.9750 -0.2140 -0.0598
vn -0.6136 -0.7831 -0.1015
vn -0.6219 -0.7728 -0.1266
vn -0.6934 0.5884 0.4159
vn -0.7949 0.5023 0.3405
vn -0.8801 -0.2418 0.4086
vn -0.8301 -0.5573 0.0200
vn -0.6474 0.6343 0.4225
vn -0.7753 0.4768 0.4142
vn 0.1084 -0.9679 -0.2268
vn -0.2492 0.9658 0.0718
vn -0.7477 0.6603 0.0712
vn -0.7952 0.6031 0.0631
vn -0.9842 -0.1374 -0.1117
vn 0.6023 0.7981 0.0173
vn 0.9899 0.1383 0.0322
vn 0.5396 0.8284 0.1502
vn 0.9378 0.3284 0.1124
vn 0.5506 0.8247 0.1292
vn 0.9947 -0.0541 0.0880
vn 0.9831 0.1445 0.1122
vn 0.5379 0.8348 0.1173
vn 0.5427 0.8316 0.1178
vn 0.9516 0.2850 0.1152
vn 0.9844 -0.0548 0.1673
vn 0.5729 0.8005 0.1762
vn -0.1243 0.9822 0.1407
vn -0.7907 0.6085 0.0680
vn -0.9918 -0.1216 -0.0381
vn -0.7428 0.6597 0.1143
vn -0.1186 0.8992 0.4213
vn 0.5507 0.7191 0.4239
vn 0.8643 0.0975 0.4934
vn 0.5179 0.0695 0.8526
vn 0.2767 0.3060 0.9109
vn -0.1187 0.5182 0.8470
vn -0.6540 0.5174 0.5518
vn -0.7300 0.5229 0.4401
vn -0.9481 0.0247 0.3169
vn -0.4261 0.2866 0.8581
vn -0.5306 0.2990 0.7931
vn -0.6568 -0.1435 0.7402
vn -0.6067 -0.7828 -0.1387
vn -0.6239 -0.7696 -0.1358
vn -0.6159 -0.7768 -0.1311
vn -0.6365 -0.7629 -0.1132
vn -0.5724 -0.7832 -0.2427
vn 0.2884 -0.9488 -0.1286
vn -0.0259 -0.9959 -0.0870
vn -0.0891 -0.9926 -0.0831
vn 0.0798 -0.9923 -0.0949
vn 0.2556 -0.9638 -0.0758
vn 0.0790 -0.9965 -0.0257
vn -0.6014 -0.7911 -0.1118
vn 0.0525 -0.9761 0.2108
vn -0.6058 -0.7906 0.0894
vn -0.0064 -0.7908 0.6120
vn -0.3383 -0.5880 0.7347
vn -0.1060 0.0546 0.9929
vn -0.1759 -0.0780 0.9813
vn 0.2242 -0.2373 0.9452
vn 0.2342 -0.4257 0.8741
vn 0.6113 -0.6542 0.4454
vn 0.5801 -0.5251 0.6228
vn 0.7744 -0.6256 0.0949
vn 0.7164 -0.6903 0.1015
vn 0.7384 -0.6743 0.0019
vn 0.7911 -0.6116 0.0071
vn 0.7893 -0.6138 0.0143
vn 0.7354 -0.6776 -0.0118
vn 0.7302 -0.6831 0.0091
vn 0.7858 -0.6184 0.0133
vn 0.7449 -0.6672 0.0066
vn 0.7876 -0.6161 0.0101
vn 0.7500 -0.6613 -0.0127
vn 0.7908 -0.6120 -0.0064
vn 0.7880 -0.6050 -0.1141
vn 0.7482 -0.6377 -0.1831
vn 0.7249 0.6493 -0.2300
vn 0.1600 0.9261 -0.3416
vn 0.6858 0.6829 0.2517
vn 0.0569 0.9982 0.0184
vn -0.8621 -0.0195 0.5063
vn -0.8759 -0.0015 0.4825
vn -0.9981 0.0552 -0.0278
vn -0.9930 0.1075 -0.0497
vn -0.1179 0.7789 -0.6160
vn 0.0407 0.9932 0.1087
vn -0.4824 0.8401 -0.2481
vn -0.0149 0.9953 0.0955
vn 0.0425 0.9890 0.1419
vn -0.5464 0.8375 -0.0027
vn -0.6346 0.7200 0.2809
vn -0.4579 0.8472 0.2695
vn -0.9055 0.1358 0.4020
vn -0.9711 0.1149 0.2092
vn -0.9035 -0.0022 0.4286
vn -0.8730 -0.0238 0.4872
vn -0.8332 -0.1098 0.5420
vn -0.9754 -0.0826 0.2042
vn -0.7295 -0.6197 0.2895
vn -0.4326 -0.8999 -0.0547
vn -0.9778 0.1737 -0.1176
vn -0.9893 0.0718 -0.1268
vn -0.9923 -0.0153 -0.1231
vn -0.6226 -0.7585 -0.1926
vn -0.0597 -0.9924 -0.1078
vn -0.8771 0.2327 -0.4202
vn -0.8792 0.1270 -0.4593
vn -0.8922 0.0150 -0.4514
vn -0.5322 -0.7272 -0.4336
vn -0.0615 -0.9903 -0.1243
vn -0.1378 -0.5937 -0.7928
vn -0.0157 -0.9954 -0.0941
vn -0.4246 0.2209 -0.8780
vn -0.3982 0.1093 -0.9108
vn -0.4504 0.0435 -0.8917
vn 0.2165 0.1848 -0.9586
vn 0.2005 0.1085 -0.9737
vn 0.1563 0.0290 -0.9873
vn 0.0988 -0.8582 -0.5037
vn -0.0392 -0.9904 -0.1327
vn 0.4462 -0.7033 -0.5534
vn 0.7618 -0.6475 -0.0215
vn 0.8449 -0.0192 -0.5346
vn 0.8428 0.0221 -0.5377
vn 0.9000 0.0595 -0.4319
vn -0.9999 0.0037 -0.0140
vn -0.7422 -0.1392 0.6555
vn -0.7127 -0.6328 0.3026
vn -0.6131 -0.7867 -0.0714
vn -0.5372 0.8326 0.1347
vn -0.7777 0.3001 0.5523
vn -0.0086 0.9842 0.1768
vn 0.6541 0.6800 0.3312
vn -0.0113 0.9944 0.1049
vn 0.8145 0.5289 0.2383
vn -0.7413 0.6595 -0.1247
vn 0.9907 -0.0911 0.1014
vn 0.9899 -0.0671 0.1252
vn 0.9876 -0.0163 0.1559
vn -0.0462 -0.9632 -0.2649
vn 0.5488 -0.8350 -0.0406
vn -0.9684 0.1221 -0.2174
vn 0.6782 -0.7323 0.0611
vn -0.0838 -0.9891 -0.1211
vn -0.9745 0.0768 -0.2107
vn 0.6799 -0.7305 0.0637
vn -0.0646 -0.9909 -0.1180
vn -0.8679 -0.4152 -0.2725
vn -0.9752 0.0499 -0.2154
vn -0.0064 0.9983 -0.0582
vn 0.6089 0.7870 0.0993
vn -0.0681 0.9935 0.0911
vn 0.6862 0.6984 0.2033
vn 0.9825 -0.0346 0.1830
vn 0.6947 0.6906 0.2010
vn 0.9766 -0.0244 0.2136
vn -0.0383 0.9958 0.0832
vn 0.9801 -0.0748 0.1841
vn 0.9796 -0.0758 0.1860
vn 0.9799 -0.0998 0.1727
vn 0.9796 -0.0759 0.1862
vn 0.9809 -0.0173 0.1938
vn 0.9792 -0.0858 0.1841
vn 0.9796 -0.0759 0.1861
vn 0.9815 -0.0263 0.1895
vn 0.9767 -0.0962 0.1918
vn 0.9758 -0.1096 0.1891
vn -0.0545 -0.9906 -0.1257
vn 0.7769 -0.6211 0.1038
vn -0.0627 -0.9974 -0.0353
vn -0.1971 -0.7401 0.6430
vn 0.6814 -0.7042 0.1997
vn 0.3190 -0.7460 0.5846
vn 0.9484 -0.1381 0.2854
vn 0.9549 -0.0816 0.2855
vn 0.9486 -0.0153 0.3161
vn 0.7355 -0.2110 0.6439
vn 0.6453 -0.1086 0.7562
vn 0.5976 -0.0192 0.8015
vn 0.5054 0.5386 0.6742
vn -0.0980 0.6553 0.7490
vn -0.1177 0.0323 0.9925
vn -0.2499 -0.0953 0.9636
vn -0.0836 -0.2439 0.9662
vn -0.2107 0.9631 0.1672
vn 0.2463 0.9238 0.2930
vn -0.5318 0.8393 0.1130
vn 0.0082 0.9983 0.0583
vn -0.5638 0.8103 0.1598
vn 0.0473 0.9989 0.0029
vn -0.5184 0.8469 0.1186
vn 0.0746 0.9790 -0.1896
vn -0.5983 0.7973 0.0797
vn -0.4977 0.5553 -0.6663
vn -0.8623 0.4559 -0.2206
vn -0.9979 0.0084 0.0644
vn -0.2833 0.8358 -0.4703
vn -0.5547 0.8305 0.0511
vn -0.6716 -0.3724 -0.6405
vn -0.1374 0.1891 -0.9723
vn -0.0539 0.0203 -0.9983
vn -0.4885 -0.3762 -0.7873
vn 0.3815 0.5090 -0.7716
vn 0.3879 0.3375 -0.8577
vn 0.2975 -0.4629 -0.8350
vn 0.6293 -0.3806 -0.6776
vn -0.1211 -0.8755 -0.4677
vn 0.8993 -0.1545 -0.4092
vn 0.7287 0.5852 -0.3557
vn 0.6411 0.7018 -0.3105
vn 0.6324 -0.7648 -0.1229
vn 0.5796 -0.7866 -0.2130
vn 0.5721 -0.7847 -0.2387
vn 0.7938 0.5941 -0.1297
vn 0.9841 -0.0514 -0.1698
vn 0.6946 0.7077 -0.1294
vn 0.7198 0.6931 -0.0398
vn 0.8185 0.5722 -0.0516
vn 0.9051 -0.4051 -0.1295
vn 0.6143 -0.7834 -0.0946
vn 0.6027 -0.7907 -0.1075
vn 0.7356 0.6420 0.2162
vn 0.8226 0.4478 0.3504
vn 0.9732 -0.1487 0.1754
vn 0.9035 -0.4188 0.0907
vn 0.6802 0.6919 0.2419
vn 0.8274 0.5440 0.1396
vn 0.0633 -0.9873 -0.1457
vn 0.1072 0.9942 0.0118
vn 0.7470 0.6638 -0.0371
vn 0.7914 0.6087 -0.0563
vn 0.9771 -0.1473 -0.1533
vn -0.5928 0.8042 0.0434
vn -0.9945 -0.0468 0.0940
vn -0.5309 0.8394 0.1170
vn -0.9301 0.3396 0.1402
vn -0.5327 0.8403 0.1003
vn -0.9772 0.1513 0.1493
vn -0.9756 0.1568 0.1534
vn -0.5291 0.8434 0.0929
vn -0.5465 0.8320 0.0950
vn -0.9752 0.1636 0.1489
vn -0.9688 0.1564 0.1923
vn -0.5693 0.8109 0.1352
vn 0.1376 0.9894 0.0462
vn 0.7975 0.6019 -0.0405
vn 0.9857 -0.1296 -0.1075
vn 0.7500 0.6610 -0.0250
vn 0.3003 0.9119 0.2798
vn -0.5574 0.7797 0.2854
vn -0.8954 0.1191 0.4290
vn -0.6351 0.0924 0.7669
vn -0.3342 0.3943 0.8560
vn 0.1865 0.6846 0.7046
vn 0.7251 0.6013 0.3356
vn 0.7825 0.5765 0.2354
vn 0.9885 0.0461 0.1443
vn 0.5572 0.4287 0.7112
vn 0.6695 0.4198 0.6128
vn 0.7958 -0.1004 0.5971
vn 0.5981 -0.7932 -0.1145
vn 0.6153 -0.7799 -0.1147
vn 0.6286 -0.7692 -0.1148
vn 0.6125 -0.7844 -0.0980
vn 0.5688 -0.8026 -0.1800
vn -0.3873 -0.9219 -0.0022
vn -0.1017 -0.9948 -0.0036
vn 0.1856 -0.9817 -0.0426
vn -0.0860 -0.9961 -0.0184
vn -0.2605 -0.9654 0.0083
vn -0.0856 -0.9960 0.0262
vn 0.5922 -0.8000 -0.0964
vn -0.0677 -0.9807 0.1835
vn 0.6003 -0.7990 0.0351
vn -0.0345 -0.8545 0.5183
vn 0.3509 -0.6537 0.6705
vn 0.1414 0.1508 0.9784
vn 0.2502 -0.0573 0.9665
vn -0.3158 -0.2583 0.9130
vn -0.3060 -0.5026 0.8085
vn -0.6403 -0.6581 0.3962
vn -0.6422 -0.5389 0.5451
vn -0.7740 -0.6148 0.1516
vn -0.7173 -0.6798 0.1531
vn -0.7382 -0.6685 0.0904
vn -0.7902 -0.6052 0.0961
vn -0.7932 -0.6002 0.1023
vn -0.7394 -0.6681 0.0830
vn -0.7300 -0.6768 0.0946
vn -0.7848 -0.6116 0.0998
vn -0.7445 -0.6610 0.0938
vn -0.7867 -0.6096 0.0979
vn -0.7519 -0.6530 0.0907
vn -0.7858 -0.6122 0.0883
vn -0.7928 -0.6093 0.0159
vn -0.7568 -0.6532 -0.0243
vn -0.7249 0.6493 -0.2300
vn -0.6858 0.6829 0.2517
vn -0.1600 0.9261 -0.3416
vn -0.0569 0.9982 0.0184
vn 0.8621 -0.0195 0.5063
vn 0.9981 0.0552 -0.0278
vn 0.8759 -0.0014 0.4825
vn 0.9930 0.1075 -0.0497
vn 0.1179 0.7789 -0.6160
vn -0.0407 0.9932 0.1087
vn 0.0149 0.9953 0.0955
vn 0.4824 0.8401 -0.2481
vn -0.0425 0.9890 0.1419
vn 0.5464 0.8375 -0.0027
vn 0.6346 0.7200 0.2809
vn 0.4579 0.8472 0.2695
vn 0.9055 0.1358 0.4020
vn 0.9711 0.1149 0.2092
vn 0.9035 -0.0022 0.4286
vn 0.8730 -0.0238 0.4872
vn 0.8332 -0.1098 0.5420
vn 0.9754 -0.0826 0.2042
vn 0.7295 -0.6197 0.2895
vn 0.4326 -0.8999 -0.0547
vn 0.9778 0.1737 -0.1176
vn 0.9893 0.0718 -0.1268
vn 0.9923 -0.0153 -0.1231
vn 0.6226 -0.7585 -0.1926
vn 0.0597 -0.9924 -0.1078
vn 0.8771 0.2327 -0.4202
vn 0.8792 0.1270 -0.4593
vn 0.8922 0.0150 -0.4514
vn 0.5322 -0.7272 -0.4336
vn 0.0615 -0.9903 -0.1243
vn 0.0157 -0.9954 -0.0941
vn 0.1378 -0.5937 -0.7928
vn 0.4246 0.2209 -0.8780
vn 0.3982 0.1093 -0.9108
vn 0.4504 0.0435 -0.8917
vn -0.2165 0.1848 -0.9586
vn -0.2005 0.1085 -0.9737
vn -0.1563 0.0290 -0.9873
vn 0.0392 -0.9904 -0.1327
vn -0.0988 -0.8582 -0.5037
vn -0.4462 -0.7033 -0.5534
vn -0.7618 -0.6475 -0.0215
vn -0.8449 -0.0192 -0.5346
vn -0.8428 0.0221 -0.5377
vn -0.9000 0.0595 -0.4319
vn 0.9999 0.0037 -0.0140
vn 0.7422 -0.1392 0.6555
vn 0.7127 -0.6328 0.3026
vn 0.6131 -0.7867 -0.0714
vn 0.5372 0.8326 0.1347
vn 0.7777 0.3001 0.5523
vn 0.0086 0.9842 0.1768
vn 0.0113 0.9944 0.1049
vn -0.6541 0.6800 0.3312
vn -0.8145 0.5289 0.2383
vn 0.7413 0.6595 -0.1247
vn -0.9907 -0.0911 0.1014
vn -0.9899 -0.0671 0.1252
vn -0.9876 -0.0163 0.1559
vn 0.0462 -0.9632 -0.2649
vn -0.5488 -0.8350 -0.0406
vn 0.9684 0.1221 -0.2174
vn -0.6782 -0.7323 0.0611
vn 0.0838 -0.9891 -0.1211
vn 0.9745 0.0768 -0.2107
vn -0.6799 -0.7305 0.0637
vn 0.0646 -0.9909 -0.1180
vn 0.8679 -0.4152 -0.2725
vn 0.9752 0.0499 -0.2154
vn 0.0064 0.9983 -0.0582
vn -0.6089 0.7870 0.0993
vn 0.0681 0.9935 0.0911
vn -0.6862 0.6984 0.2033
vn -0.9825 -0.0346 0.1830
vn -0.9766 -0.0244 0.2136
vn -0.6947 0.6906 0.2010
vn 0.0383 0.9958 0.0832
vn -0.9801 -0.0748 0.1841
vn -0.9796 -0.0758 0.1860
vn -0.9799 -0.0998 0.1727
vn -0.9796 -0.0759 0.1862
vn -0.9809 -0.0173 0.1938
vn -0.9792 -0.0858 0.1841
vn -0.9796 -0.0759 0.1861
vn -0.9815 -0.0263 0.1895
vn -0.9767 -0.0962 0.1918
vn -0.9758 -0.1095 0.1891
vn 0.0545 -0.9906 -0.1257
vn -0.7769 -0.6211 0.1038
vn 0.0627 -0.9974 -0.0353
vn 0.1971 -0.7401 0.6430
vn -0.6814 -0.7042 0.1997
vn -0.3190 -0.7460 0.5846
vn -0.9484 -0.1381 0.2854
vn -0.9549 -0.0816 0.2855
vn -0.9486 -0.0153 0.3161
vn -0.7355 -0.2110 0.6439
vn -0.6453 -0.1086 0.7562
vn -0.5976 -0.0192 0.8015
vn -0.5054 0.5386 0.6742
vn 0.0980 0.6553 0.7490
vn 0.1177 0.0323 0.9925
vn 0.2499 -0.0953 0.9636
vn 0.0836 -0.2439 0.9662
vn 0.0162 0.7158 -0.6981
vn 0.0000 0.9777 0.2100
vn 0.1832 0.9039 -0.3865
vn 0.2330 0.9522 0.1975
vn 0.0000 0.7716 0.6361
vn 0.1886 0.4786 0.8575
vn 0.6433 0.7530 0.1383
vn 0.4582 0.8740 0.1616
vn 0.3709 0.7495 -0.5483
vn 0.4905 0.6510 -0.5793
vn 0.4201 0.1877 0.8879
vn 0.3239 0.5280 0.7850
vn 0.0504 0.1830 -0.9818
vn 0.0005 0.1938 -0.9810
vn 0.2108 0.1878 -0.9593
vn 0.1208 0.3757 -0.9188
vn -0.0000 -0.2630 0.9648
vn -0.0324 -0.2683 0.9628
vn 0.1497 -0.1937 0.9696
vn 0.0578 0.0591 0.9966
vn 0.1407 0.6744 -0.7248
vn 0.2386 0.9566 0.1675
vn 0.1786 0.7094 0.6818
vn -0.0853 -0.1104 0.9902
vn -0.0386 0.2899 -0.9563
vn 0.5750 0.8157 0.0639
vn 0.4910 0.6987 -0.5204
vn 0.2917 0.3034 0.9071
vn -0.0495 -0.1389 0.9891
vn 0.6530 0.3925 -0.6476
vn 0.8388 0.5443 -0.0072
vn 0.5978 0.3471 0.7226
vn 0.1320 -0.0987 0.9863
vn 0.5525 0.4795 0.6818
vn 0.7109 0.7029 0.0239
vn 0.5255 0.5905 -0.6125
vn 0.1844 0.2912 -0.9387
vn 0.1485 0.1234 -0.9812
vn 0.0518 0.1591 -0.9859
vn 0.1313 0.1031 0.9860
vn 0.3490 0.4728 0.8091
vn 0.5434 0.8394 0.0124
vn 0.1845 0.5737 -0.7980
vn -0.0377 0.2399 -0.9701
vn 0.0446 0.0695 0.9966
vn 0.7626 0.6435 -0.0658
vn 0.6401 0.4415 0.6287
vn 0.4880 0.5686 -0.6622
vn 0.1769 -0.0215 0.9840
vn 0.8762 0.4638 -0.1309
vn 0.4241 0.3676 -0.8276
vn 0.7519 0.2964 0.5889
vn 0.9646 0.2110 -0.1584
vn 0.4792 0.2360 -0.8453
vn 0.9219 0.1462 0.3587
vn 0.9776 -0.0101 -0.2103
vn 0.3361 0.1673 -0.9268
vn 0.8564 -0.1119 0.5041
vn 0.6096 -0.0124 -0.7926
vn 0.9344 -0.2521 -0.2518
vn 0.6737 -0.3244 0.6640
vn 0.7400 -0.6031 -0.2977
vn 0.3664 -0.1992 -0.9089
vn 0.6578 -0.6054 0.4481
vn 0.3923 -0.8594 -0.3280
vn 0.1812 -0.3498 -0.9192
vn 0.3527 -0.8551 0.3799
vn 0.1559 -0.9287 -0.3365
vn 0.0812 -0.4540 -0.8873
vn 0.1318 -0.9296 0.3442
vn 0.0526 -0.9438 -0.3262
vn 0.0294 -0.3901 -0.9203
vn 0.0535 -0.9784 0.1999
vn -0.0000 -0.7475 -0.6643
vn -0.0000 -0.9533 -0.3019
vn -0.0000 -0.9315 0.3637
vn 0.2282 -0.0560 0.9720
vn 0.2901 -0.1356 0.9473
vn 0.2680 -0.2046 0.9414
vn 0.2046 -0.1974 0.9587
vn 0.1680 -0.2793 0.9454
vn 0.1117 -0.3774 0.9193
vn 0.0312 -0.4731 0.8804
vn 0.0085 -0.4874 0.8731
vn -0.0000 -0.4984 0.8669
vn -0.1177 0.0462 -0.9920
vn -0.2829 0.0437 -0.9582
vn -0.3636 0.0767 -0.9284
vn -0.3313 0.1750 -0.9272
vn -0.3405 0.2753 -0.8990
vn -0.2426 0.3840 -0.8909
vn -0.1042 0.4477 -0.8881
vn -0.0118 0.3736 -0.9275
vn 0.0218 0.2033 -0.9789
vn 0.0000 0.0862 -0.9963
vn -0.1694 0.8104 -0.5609
vn -0.2330 0.9522 0.1975
vn -0.1886 0.4786 0.8575
vn -0.4905 0.6510 -0.5793
vn -0.3709 0.7495 -0.5483
vn -0.6433 0.7530 0.1383
vn -0.4582 0.8740 0.1616
vn -0.4201 0.1877 0.8879
vn -0.3239 0.5280 0.7850
vn -0.0671 0.1710 -0.9830
vn -0.2108 0.1878 -0.9593
vn -0.1208 0.3757 -0.9188
vn 0.0324 -0.2683 0.9628
vn -0.1497 -0.1937 0.9696
vn -0.0578 0.0591 0.9966
vn -0.2386 0.9566 0.1675
vn -0.1609 0.8033 -0.5734
vn -0.1786 0.7094 0.6818
vn 0.0853 -0.1104 0.9902
vn 0.0148 0.2574 -0.9662
vn -0.4416 0.6429 -0.6258
vn -0.5750 0.8157 0.0639
vn -0.2917 0.3034 0.9071
vn 0.0495 -0.1389 0.9891
vn -0.8388 0.5443 -0.0072
vn -0.6530 0.3925 -0.6476
vn -0.5978 0.3471 0.7226
vn -0.1320 -0.0987 0.9863
vn -0.7109 0.7029 0.0239
vn -0.5525 0.4795 0.6818
vn -0.5255 0.5905 -0.6125
vn -0.1485 0.1234 -0.9812
vn -0.1844 0.2912 -0.9387
vn -0.0511 0.1614 -0.9856
vn -0.1313 0.1031 0.9860
vn -0.5434 0.8394 0.0124
vn -0.3490 0.4728 0.8091
vn -0.1845 0.5737 -0.7980
vn 0.0377 0.2399 -0.9701
vn -0.0446 0.0695 0.9966
vn -0.6401 0.4415 0.6287
vn -0.7626 0.6435 -0.0658
vn -0.4880 0.5686 -0.6622
vn -0.1769 -0.0215 0.9840
vn -0.8762 0.4638 -0.1309
vn -0.4241 0.3676 -0.8276
vn -0.7519 0.2964 0.5889
vn -0.4792 0.2360 -0.8453
vn -0.9646 0.2110 -0.1584
vn -0.9219 0.1462 0.3587
vn -0.3361 0.1673 -0.9268
vn -0.9776 -0.0101 -0.2103
vn -0.8564 -0.1119 0.5041
vn -0.6096 -0.0124 -0.7926
vn -0.9344 -0.2521 -0.2518
vn -0.6737 -0.3244 0.6640
vn -0.7400 -0.6031 -0.2977
vn -0.3664 -0.1992 -0.9089
vn -0.6578 -0.6054 0.4481
vn -0.3923 -0.8594 -0.3280
vn -0.2161 -0.5225 -0.8248
vn -0.3527 -0.8551 0.3799
vn -0.1559 -0.9287 -0.3365
vn -0.0666 -0.3055 -0.9499
vn -0.1318 -0.9296 0.3442
vn -0.0526 -0.9438 -0.3262
vn -0.0294 -0.3901 -0.9203
vn -0.0535 -0.9784 0.1999
vn -0.2282 -0.0560 0.9720
vn -0.2901 -0.1356 0.9473
vn -0.2680 -0.2046 0.9414
vn -0.2046 -0.1974 0.9587
vn -0.1680 -0.2793 0.9454
vn -0.1117 -0.3774 0.9193
vn -0.0312 -0.4731 0.8804
vn -0.0085 -0.4874 0.8731
vn 0.1177 0.0462 -0.9920
vn 0.2829 0.0437 -0.9582
vn 0.3636 0.0767 -0.9284
vn 0.3313 0.1750 -0.9272
vn 0.3405 0.2753 -0.8990
vn 0.2426 0.3840 -0.8909
vn 0.0966 0.4125 -0.9058
vn -0.0349 0.3289 -0.9437
vn -0.0218 0.2033 -0.9789
vn 0.3047 0.3195 0.8973
vn 0.3882 0.8216 0.4174
vn 0.0001 0.3740 0.9274
vn 0.0001 0.9012 0.4334
vn -0.3266 -0.7925 0.5151
vn -0.0835 -0.9561 0.2808
vn 0.6294 0.6808 0.3746
vn 0.4629 0.2546 0.8491
vn 0.9080 0.3336 0.2536
vn 0.6806 -0.0180 0.7325
vn -0.4539 -0.6732 0.5837
vn -0.2182 -0.4033 0.8887
vn 0.3319 0.8606 0.3864
vn 0.0002 0.8921 0.4518
vn 0.5948 0.7337 0.3285
vn 0.8350 0.4811 0.2672
vn 0.9765 0.1322 0.1704
vn 0.9841 0.1588 0.0800
vn 0.9321 -0.0147 0.3618
vn -0.7948 -0.1544 0.5869
vn 0.4733 -0.2773 0.8362
vn -0.3881 0.8215 0.4177
vn -0.3057 0.3228 0.8957
vn 0.2531 -0.8314 0.4947
vn -0.6294 0.6807 0.3749
vn -0.4665 0.2604 0.8453
vn -0.9073 0.3345 0.2547
vn -0.6870 -0.0091 0.7266
vn 0.5100 -0.7321 0.4517
vn 0.2140 -0.3962 0.8929
vn -0.3317 0.8604 0.3869
vn -0.5948 0.7334 0.3292
vn -0.8346 0.4814 0.2678
vn -0.9837 0.1607 0.0810
vn -0.9758 0.1341 0.1729
vn -0.9323 -0.0105 0.3615
vn -0.4732 -0.2717 0.8380
vn 0.7972 -0.1532 0.5840
vn -0.3913 -0.8708 -0.2976
vn 0.0931 -0.9400 -0.3281
vn -0.6500 -0.7297 -0.2123
vn -0.9310 -0.3648 0.0147
vn -0.9820 -0.0152 0.1882
vn 0.4886 -0.8324 -0.2615
vn 0.6873 -0.7014 -0.1888
vn 0.9307 -0.3655 0.0144
vn 0.9820 -0.0151 0.1881
vn 0.5769 0.6012 0.5530
vn 0.5341 0.8422 -0.0739
vn 0.0122 0.9951 -0.0981
vn 0.0402 0.7807 0.6236
vn 0.0655 0.5782 0.8133
vn 0.6138 0.5346 0.5809
vn 0.3613 0.9093 0.2063
vn 0.0748 0.9659 0.2477
vn 0.4660 0.8847 -0.0114
vn 0.6512 0.6784 0.3401
vn 0.4987 0.8563 -0.1345
vn 0.5840 0.7419 0.3293
vn -0.9955 0.0920 0.0220
vn -0.0665 0.9872 -0.1452
vn -0.4400 0.6220 -0.6477
vn -0.9203 0.1332 -0.3678
vn 0.8513 0.5200 -0.0697
vn 0.7570 0.6534 -0.0041
vn 0.6514 0.6108 0.4501
vn 0.2115 0.6681 0.7134
vn 0.7941 0.6076 -0.0134
vn -0.8565 0.4996 0.1296
vn -0.2498 0.8561 -0.4525
vn 0.2864 0.6764 -0.6785
vn 0.8370 0.5252 -0.1538
vn 0.8772 0.4707 -0.0947
vn 0.2527 0.7172 -0.6494
vn 0.6673 0.7403 -0.0820
vn 0.4193 0.9051 -0.0703
vn 0.2762 0.7581 -0.5908
vn 0.3160 0.9224 -0.2221
vn 0.0803 0.8033 -0.5901
vn 0.0032 0.9604 -0.2785
vn -0.0619 0.8052 -0.5898
vn 0.6107 0.7109 0.3488
vn 0.8250 0.4891 0.2831
vn 0.5691 0.6148 0.5460
vn 0.5107 0.6530 0.5593
vn 0.6265 0.4896 0.6065
vn 0.6085 0.6783 0.4118
vn -0.6936 0.2119 -0.6885
vn -0.0226 0.6414 -0.7669
vn 0.7983 0.5614 0.2180
vn 0.8032 0.5684 0.1783
vn 0.8322 0.5505 -0.0672
vn 0.8517 0.5184 -0.0771
vn 0.8883 0.4587 -0.0203
vn 0.8117 0.5826 -0.0423
vn 0.5130 0.7927 -0.3294
vn 0.3259 0.7974 -0.5079
vn -0.0599 0.8810 -0.4693
vn 0.2540 0.9672 0.0076
vn -0.0291 0.9962 0.0826
vn 0.6205 0.7840 -0.0169
vn 0.8677 0.4815 0.1236
vn 0.8896 0.4328 0.1459
vn 0.8583 0.5122 -0.0323
vn 0.8131 0.5821 -0.0068
vn 0.7463 0.6396 0.1841
vn 0.6816 0.4537 0.5741
vn 0.5737 0.3842 0.7233
vn 0.5371 0.4096 0.7374
vn 0.6133 0.4130 0.6733
vn 0.6766 0.3499 0.6479
vn 0.2251 -0.0270 0.9740
vn 0.3542 0.6725 0.6499
vn 0.0982 -0.0160 0.9950
vn 0.0028 0.7894 0.6139
vn 0.4606 0.6998 0.5460
vn 0.2709 0.0356 0.9620
vn 0.5574 0.6918 0.4590
vn 0.3525 0.0172 0.9357
vn 0.0051 0.2183 -0.9759
vn 0.0966 0.6255 -0.7743
vn -0.0139 0.5185 -0.8550
vn -0.0600 0.2681 -0.9615
vn -0.7059 0.0366 0.7074
vn -0.0407 0.0216 0.9989
vn -0.2536 0.2275 -0.9402
vn 0.0029 0.2079 -0.9782
vn 0.2045 0.7949 0.5712
vn -0.0035 0.8318 0.5551
vn 0.5676 0.5822 0.5822
vn 0.7641 0.1820 0.6189
vn 0.7819 -0.0574 0.6208
vn 0.9403 0.2439 0.2372
vn 0.8208 0.0575 0.5683
vn 0.9234 0.3673 0.1119
vn 0.9024 0.4217 0.0887
vn 0.9877 0.0055 0.1561
vn 0.9726 -0.0729 0.2207
vn 0.1830 0.5999 -0.7789
vn 0.7260 0.3251 0.6060
vn -0.0025 0.4740 0.8805
vn 0.1394 0.3441 0.9285
vn 0.3810 0.2166 0.8988
vn 0.3660 -0.1201 0.9228
vn 0.4300 -0.2786 0.8588
vn 0.0056 -0.0298 0.9995
vn 0.0918 -0.0978 0.9910
vn 0.1319 -0.2687 0.9541
vn 0.0114 -0.2309 0.9729
vn 0.7764 -0.3039 0.5522
vn 0.7158 0.2922 0.6342
vn 0.3564 0.5769 0.7349
vn 0.0170 0.6226 0.7824
vn 0.8932 0.1661 0.4179
vn 0.8609 -0.1189 0.4947
vn 0.8712 -0.1692 0.4608
vn 0.8346 -0.2829 0.4727
vn 0.8854 -0.3187 0.3384
vn 0.7797 -0.5827 0.2291
vn 0.9132 -0.3568 0.1967
vn 0.6796 -0.7314 -0.0568
vn 0.3218 -0.8033 -0.5011
vn 0.7680 -0.6321 -0.1032
vn 0.6923 -0.7087 0.1357
vn 0.6256 -0.0961 -0.7742
vn -0.6971 -0.0235 -0.7166
vn 0.1338 0.5963 -0.7916
vn 0.9896 0.0349 -0.1394
vn 0.7348 0.5341 -0.4180
vn 0.9952 -0.0937 -0.0296
vn 0.9959 -0.0417 0.0800
vn 0.9972 0.0738 0.0118
vn -0.1587 0.0145 -0.9872
vn 0.4323 0.3831 -0.8163
vn -0.4336 0.6309 -0.6434
vn 0.6346 0.7687 -0.0799
vn 0.0235 0.9786 -0.2045
vn 0.1823 0.9832 -0.0139
vn 0.0092 0.9876 -0.1570
vn 0.4677 0.7242 0.5068
vn 0.8088 0.5880 0.0058
vn 0.8288 0.5583 -0.0360
vn 0.6681 0.4105 0.6206
vn 0.5855 0.6379 0.5002
vn 0.5274 0.2285 0.8183
vn 0.3903 0.5808 0.7144
vn 0.3340 0.4770 0.8130
vn 0.5527 0.3688 0.7473
vn 0.3600 0.9327 -0.0203
vn 0.0528 0.9834 0.1738
vn 0.5055 0.8612 0.0532
vn 0.6576 0.4500 0.6042
vn 0.5134 0.8555 0.0668
vn 0.6685 0.5117 0.5397
vn 0.2036 0.9613 -0.1855
vn -0.2080 -0.1158 -0.9713
vn -0.5989 0.6210 -0.5056
vn 0.8025 0.4654 -0.3734
vn 0.9722 0.1903 -0.1362
vn 0.9797 0.1588 -0.1223
vn 0.7408 0.3606 -0.5667
vn 0.8529 0.2923 -0.4326
vn 0.9724 0.1769 -0.1523
vn 0.6651 0.5274 -0.5286
vn 0.9711 0.1632 -0.1741
vn 0.5408 0.0159 0.8410
vn 0.5389 -0.0729 0.8392
vn 0.5978 0.2627 0.7574
vn 0.6782 0.3892 0.6233
vn 0.9675 0.2259 -0.1132
vn 0.8370 0.3015 -0.4567
vn 0.5543 -0.0349 0.8316
vn 0.5747 0.2130 0.7902
vn 0.7271 0.6638 0.1753
vn 0.7371 0.5503 0.3922
vn 0.3796 0.8155 -0.4368
vn 0.3173 0.9423 -0.1070
vn 0.3597 0.9248 -0.1235
vn 0.4403 0.8098 -0.3878
vn 0.4937 0.8108 -0.3144
vn 0.3125 0.7011 -0.6410
vn 0.3051 0.7582 -0.5762
vn 0.3940 0.7848 -0.4784
vn 0.3379 -0.0186 0.9410
vn 0.6567 0.6038 0.4519
vn 0.3423 0.8203 -0.4581
vn 0.3254 0.8195 -0.4718
vn 0.2477 0.8926 0.3767
vn 0.4292 0.8528 0.2976
vn 0.8417 0.5398 0.0165
vn 0.6281 0.7744 0.0760
vn 0.7060 0.5785 0.4085
vn 0.6378 0.5589 0.5298
vn 0.5807 0.8067 -0.1095
vn 0.6191 0.7696 0.1563
vn 0.5496 0.7207 0.4225
vn 0.6747 0.4732 0.5664
vn 0.6127 0.5873 0.5288
vn 0.4624 0.8862 -0.0303
vn 0.4525 0.8910 -0.0377
vn 0.5854 0.8087 -0.0571
vn 0.5969 0.8021 -0.0176
vn 0.6297 0.7531 0.1904
vn 0.9461 0.3153 -0.0735
vn 0.9649 0.2627 0.0042
vn 0.9831 0.1822 -0.0162
vn 0.7427 0.2928 -0.6022
vn 0.8165 0.2757 -0.5073
vn 0.8110 0.3722 -0.4514
vn 0.5998 0.5824 -0.5487
vn 0.7996 0.3782 -0.4665
vn 0.7125 0.5848 -0.3879
vn 0.4621 0.8111 -0.3585
vn 0.3052 0.8510 -0.4274
vn 0.8708 0.4665 0.1549
vn 0.7328 0.2767 -0.6217
vn 0.2503 0.9363 -0.2462
vn 0.2327 0.9420 -0.2419
vn 0.1848 0.9532 -0.2394
vn 0.1443 0.9444 -0.2954
vn 0.7106 0.7034 0.0140
vn -0.6849 0.4786 0.5494
vn 0.2849 0.6370 0.7163
vn 0.4831 0.5246 0.7010
vn 0.4647 0.5007 0.7303
vn 0.2894 0.5098 0.8101
vn 0.1834 0.5026 0.8449
vn 0.0423 0.1830 0.9822
vn 0.0001 0.9981 -0.0611
vn 0.2354 0.9670 -0.0975
vn 0.3981 0.9091 -0.1225
vn 0.5162 0.8415 -0.1596
vn 0.5714 0.8057 -0.1560
vn 0.9937 -0.0470 0.1015
vn 0.9827 -0.0671 0.1724
vn 0.9477 0.1546 0.2793
vn 0.9662 -0.1133 0.2317
vn 0.8358 0.5012 0.2240
vn 0.9839 0.0141 0.1784
vn 0.9794 0.2017 -0.0042
vn 0.8535 0.5183 0.0540
vn 0.7227 0.6908 0.0239
vn 0.6626 0.7395 -0.1185
vn 0.4929 0.7950 -0.3535
vn 0.5460 0.8158 -0.1908
vn 0.3473 0.9037 -0.2504
vn 0.1274 0.9632 -0.2365
vn 0.0008 0.9809 -0.1946
vn 0.9810 -0.1683 0.0965
vn 0.9964 -0.0456 0.0721
vn 0.9559 -0.2937 0.0056
vn 0.8610 -0.5008 -0.0884
vn 0.9280 -0.3711 0.0348
vn 0.8491 -0.5277 -0.0234
vn 0.9219 -0.1413 -0.3607
vn 0.8129 -0.2949 -0.5022
vn 0.9724 0.1981 -0.1234
vn 0.8719 0.1713 -0.4587
vn 0.7230 -0.0283 -0.6903
vn 0.8885 0.3761 -0.2629
vn 0.8258 0.5460 -0.1410
vn 0.7312 0.4737 -0.4909
vn 0.6046 0.2009 -0.7707
vn 0.5087 -0.2923 -0.8098
vn 0.5337 -0.3595 -0.7654
vn 0.7057 -0.3546 -0.6134
vn 0.7774 -0.5285 -0.3410
vn 0.5071 -0.6616 -0.5523
vn 0.4336 -0.8036 -0.4078
vn 0.0442 -0.8569 -0.5135
vn -0.0011 -0.8950 -0.4461
vn -0.0005 -0.9216 -0.3881
vn 0.7188 -0.6866 -0.1086
vn 0.3919 -0.8932 -0.2205
vn 0.0489 0.8730 -0.4852
vn 0.4159 0.5736 -0.7057
vn 0.3085 0.8082 -0.5016
vn 0.2675 0.8433 -0.4661
vn 0.0806 -0.8473 -0.5250
vn -0.0024 -0.8969 -0.4421
vn 0.4305 -0.6417 -0.6347
vn 0.0380 -0.7910 -0.6107
vn -0.0014 -0.8601 -0.5102
vn 0.3220 -0.6335 -0.7035
vn 0.6801 0.7121 -0.1743
vn 0.4878 0.7096 -0.5084
vn 0.5807 0.2722 -0.7673
vn 0.5037 -0.3630 -0.7839
vn 0.3304 -0.6615 -0.6732
vn 0.0197 -0.7757 -0.6308
vn 0.2194 -0.9392 -0.2642
vn 0.2335 -0.9625 -0.1385
vn -0.0086 -0.9613 -0.2752
vn 0.0141 -0.9887 -0.1491
vn 0.2456 -0.9671 -0.0664
vn 0.0629 -0.9965 -0.0558
vn 0.2718 -0.9508 -0.1485
vn 0.2487 -0.9653 -0.0790
vn 0.3074 -0.9093 -0.2805
vn 0.4456 0.8119 -0.3773
vn 0.3374 0.7332 -0.5904
vn 0.5761 0.2659 -0.7729
vn 0.5843 -0.2929 -0.7569
vn 0.4524 -0.5840 -0.6740
vn -0.0004 0.9255 -0.3788
vn 0.0114 0.8681 -0.4963
vn 0.1151 0.7497 -0.6517
vn 0.3462 0.6834 -0.6427
vn 0.2752 0.6481 -0.7101
vn 0.1846 0.7568 -0.6270
vn 0.1195 0.6758 -0.7273
vn 0.5202 -0.0798 -0.8503
vn 0.3946 0.4166 -0.8190
vn 0.4184 -0.5008 -0.7577
vn 0.3148 -0.6548 -0.6872
vn 0.3814 -0.6961 -0.6082
vn 0.2332 -0.7874 -0.5707
vn 0.2400 -0.8983 -0.3681
vn 0.2131 -0.9508 -0.2249
vn 0.3845 -0.0896 -0.9188
vn 0.3048 0.1542 -0.9398
vn 0.3878 0.6331 -0.6699
vn 0.5706 0.6677 -0.4781
vn 0.3675 0.8336 -0.4124
vn 0.1071 0.8841 -0.4549
vn 0.6452 0.7316 -0.2202
vn 0.3284 0.9218 -0.2060
vn 0.4869 0.8502 0.2000
vn 0.7574 0.6342 0.1551
vn 0.3955 0.8035 0.4451
vn 0.7198 0.3849 0.5776
vn 0.0000 0.9090 -0.4168
vn 0.0000 0.9656 -0.2599
vn -0.2284 0.9069 -0.3541
vn -0.1750 0.9845 -0.0107
vn 0.0092 0.9503 -0.3111
vn 0.0876 0.9817 0.1688
vn 0.2964 0.9353 0.1935
vn 0.1931 0.9500 -0.2454
vn 0.3860 0.9036 -0.1859
vn 0.4753 0.7789 0.4090
vn 0.4917 0.8529 -0.1756
vn 0.6060 0.7104 0.3579
vn 0.3163 0.6327 -0.7069
vn 0.3995 0.8154 -0.4189
vn 0.1829 0.5302 -0.8279
vn 0.2212 0.4830 -0.8472
vn 0.2160 0.7406 -0.6362
vn 0.1011 0.6155 -0.7816
vn 0.0936 0.8140 -0.5733
vn -0.0551 0.8115 -0.5818
vn -0.1384 0.6652 -0.7338
vn -0.3315 0.7414 -0.5835
vn -0.2698 0.6832 -0.6786
vn -0.0014 0.7546 -0.6562
vn -0.0014 0.8332 -0.5530
vn 0.2788 0.8635 -0.4203
vn 0.1439 0.9019 -0.4072
vn -0.0500 0.8931 -0.4470
vn -0.2710 0.8527 -0.4466
vn 0.0000 0.8553 -0.5182
vn 0.6724 0.5704 0.4716
vn 0.5305 0.7767 0.3395
vn 0.3561 0.8863 0.2960
vn 0.1368 0.9852 0.1029
vn -0.0651 0.9975 -0.0259
vn -0.0000 0.9990 -0.0436
vn 0.0470 0.6953 -0.7172
vn 0.0161 0.8109 -0.5849
vn 0.1108 0.5042 -0.8565
vn 0.4077 0.6153 0.6747
vn 0.7915 0.3956 0.4659
vn 0.6217 0.4491 0.6417
vn 0.8895 0.3890 0.2395
vn 0.9340 0.1617 0.3185
vn 0.6505 0.1061 0.7520
vn 0.9253 -0.0479 0.3762
vn 0.8447 -0.2203 0.4878
vn 0.6140 -0.2001 0.7635
vn 0.4538 -0.1063 0.8847
vn 0.7016 -0.4706 0.5350
vn 0.6354 -0.2905 0.7155
vn 0.4856 -0.7972 0.3586
vn 0.3623 -0.6324 0.6847
vn 0.1756 -0.9821 0.0686
vn 0.1741 -0.9840 -0.0391
vn 0.2550 -0.9638 -0.0779
vn 0.3777 -0.9157 -0.1375
vn 0.1631 -0.9487 -0.2709
vn 0.2575 -0.9645 -0.0592
vn 0.3466 -0.3706 -0.8617
vn 0.2823 -0.5518 -0.7847
vn 0.1931 -0.8700 -0.4536
vn 0.8658 0.4664 0.1810
vn 0.8242 0.5129 0.2402
vn 0.9223 -0.0877 0.3765
vn 0.7628 -0.3586 0.5380
vn 0.9224 0.2394 0.3030
vn 0.4981 -0.6176 0.6086
vn 0.5106 -0.5680 0.6455
vn 0.4016 -0.7545 0.5191
vn 0.3126 -0.9147 0.2562
vn 0.2979 -0.9539 0.0348
vn 0.2699 -0.9623 0.0330
vn 0.1803 -0.7460 0.6410
vn 0.1815 -0.7635 0.6198
vn -0.1329 -0.7849 0.6052
vn -0.0597 -0.8623 0.5028
vn 0.0000 -0.9203 0.3911
vn 0.0000 -0.8291 0.5591
vn -0.0000 -0.7942 0.6077
vn -0.0999 -0.8410 0.5317
vn 0.1489 -0.8500 0.5053
vn 0.1463 -0.9380 0.3143
vn -0.0362 -0.9468 0.3198
vn 0.0000 -0.8862 0.4632
vn -0.0397 -0.9912 0.1265
vn 0.0000 -0.9790 0.2040
vn 0.2212 -0.9733 0.0609
vn 0.0010 -0.8083 -0.5888
vn -0.0000 -0.9747 -0.2236
vn -0.0755 -0.8285 -0.5548
vn 0.0000 -0.9990 -0.0446
vn 0.0000 -0.9789 -0.2044
vn -0.0000 -0.9407 -0.3392
vn 0.0006 -0.8222 -0.5692
vn 0.0059 -0.9459 0.3245
vn 0.0000 -0.9682 0.2501
vn 0.2945 -0.8750 0.3843
vn 0.5864 -0.7828 0.2084
vn 0.8862 -0.4337 0.1632
vn 0.9474 0.2126 0.2393
vn 0.9826 -0.0869 0.1642
vn 0.8223 0.5102 0.2520
vn 0.8392 0.5046 0.2030
vn 0.6618 0.7158 0.2228
vn 0.6773 0.7115 0.1869
vn 0.4711 0.8659 0.1681
vn 0.4635 0.8625 0.2031
vn 0.7181 0.6888 0.1001
vn 0.6719 0.7334 0.1035
vn 0.5167 0.8510 -0.0942
vn 0.5834 0.8070 0.0918
vn 0.3742 0.9266 0.0384
vn 0.2900 0.9385 -0.1875
vn 0.0282 0.9787 -0.2034
vn -0.0000 0.9790 -0.2039
vn 0.0043 0.9993 -0.0376
vn 0.0842 0.9964 0.0021
vn 0.1868 0.9656 0.1811
vn -0.0096 0.9873 0.1587
vn 0.1801 0.9733 0.1425
vn -0.0000 0.9922 0.1246
vn 0.1716 0.9729 0.1553
vn 0.0000 0.9856 0.1692
vn 0.4817 0.8575 0.1806
vn 0.6530 0.7421 0.1513
vn 0.8389 0.5442 0.0083
vn 0.9670 0.2537 -0.0239
vn 0.9928 -0.0829 -0.0870
vn 0.8436 -0.5041 -0.1848
vn 0.0514 -0.9987 -0.0005
vn 0.0000 -0.9969 -0.0784
vn 0.2344 -0.9646 -0.1209
vn 0.4390 -0.8584 -0.2653
vn -0.0000 0.9904 0.1385
vn 0.2096 0.9645 0.1604
vn 0.4955 0.8653 0.0757
vn 0.5464 0.8366 -0.0383
vn 0.7110 0.6958 -0.1020
vn 0.9190 0.3207 -0.2293
vn 0.9744 -0.0829 -0.2091
vn 0.8026 -0.5488 -0.2336
vn 0.4997 -0.8134 -0.2978
vn 0.1522 -0.9090 -0.3881
vn 0.0596 -0.9327 -0.3556
vn 0.0000 -0.9294 -0.3690
vn 0.0396 0.9755 0.2163
vn 0.0560 0.9820 -0.1803
vn 0.2228 0.9745 0.0276
vn 0.2787 0.9199 -0.2757
vn 0.2430 0.8802 -0.4077
vn -0.0047 0.9486 -0.3165
vn 0.6080 0.6962 -0.3816
vn 0.6517 0.7503 -0.1108
vn 0.8270 0.2931 -0.4798
vn 0.8924 0.4297 -0.1378
vn 0.9709 0.0720 -0.2283
vn 0.8426 -0.0399 -0.5370
vn 0.7845 -0.3732 -0.4953
vn 0.8790 -0.4193 -0.2270
vn 0.6362 -0.7614 -0.1247
vn 0.6289 -0.6261 -0.4610
vn 0.3690 -0.8385 -0.4010
vn 0.2406 -0.7339 -0.6352
vn 0.2623 -0.8063 -0.5302
vn 0.2870 0.1476 -0.9465
vn 0.3513 -0.0757 -0.9332
vn 0.3899 0.0931 -0.9161
vn 0.4226 -0.0586 -0.9044
vn 0.4809 0.3551 -0.8017
vn 0.4020 0.2619 -0.8774
vn 0.2590 0.5920 -0.7632
vn 0.3205 0.3195 -0.8918
vn 0.7802 -0.0376 -0.6243
vn 0.7667 0.2332 -0.5981
vn 0.0488 0.8498 -0.5248
vn 0.1007 0.7498 -0.6539
vn 0.2141 0.4494 -0.8673
vn 0.1979 0.8034 -0.5616
vn 0.5784 0.6167 -0.5340
vn 0.4791 0.5759 -0.6624
vn 0.6859 0.2277 -0.6911
vn 0.7068 -0.0441 -0.7061
vn 0.5853 0.1041 -0.8041
vn 0.6031 -0.0609 -0.7954
vn 0.4870 0.0558 -0.8716
vn 0.4998 -0.0356 -0.8654
vn 0.5237 -0.1438 -0.8397
vn 0.4372 -0.2314 -0.8691
vn 0.3773 -0.2684 -0.8863
vn 0.5913 -0.1889 -0.7840
vn 0.4912 -0.3416 -0.8013
vn 0.3789 -0.4122 -0.8286
vn 0.4074 -0.6973 -0.5897
vn 0.0023 -0.9013 -0.4331
vn 0.2253 -0.8854 -0.4067
vn 0.6655 -0.2402 -0.7067
vn 0.7370 -0.2802 -0.6151
vn 0.6019 -0.5246 -0.6021
vn 0.3493 -0.8175 -0.4579
vn 0.3903 -0.5630 -0.7285
vn 0.5332 -0.4614 -0.7091
vn 0.0000 -0.8741 -0.4857
vn 0.0130 0.9692 0.2460
vn 0.0472 0.9429 0.3298
vn 0.4939 0.8695 0.0085
vn 0.8337 0.4889 -0.2568
vn 0.9127 0.0003 -0.4087
vn 0.7901 -0.4525 -0.4135
vn 0.5759 -0.7449 -0.3368
vn 0.2787 -0.9380 0.2059
vn 0.7002 0.5068 -0.5028
vn 0.7632 0.0597 -0.6434
vn 0.5809 -0.2939 -0.7591
vn 0.5056 0.1121 -0.8555
vn 0.7288 -0.1846 -0.6594
vn 0.6948 0.0799 -0.7148
vn 0.3981 -0.1619 -0.9030
vn 0.4861 -0.3127 -0.8161
vn -0.2071 -0.4135 0.8866
vn -0.3578 -0.6264 0.6925
vn -0.8231 -0.3781 0.4237
vn -0.5913 -0.7386 0.3238
vn 0.6065 0.7678 -0.2064
vn 0.5067 0.8017 -0.3170
vn 0.1854 0.9817 -0.0432
vn 0.3251 0.9434 0.0653
vn 0.4091 0.9104 0.0620
vn 0.1277 0.9284 0.3490
vn 0.3035 0.9516 0.0480
vn 0.1090 0.9253 0.3632
vn -0.1660 0.9803 0.1074
vn -0.2031 0.9573 0.2058
vn 0.0006 0.9949 -0.1007
vn 0.0171 0.9589 0.2833
vn -0.1737 0.9667 0.1877
vn -0.2812 0.9589 0.0391
vn 0.8983 0.3240 0.2967
vn 0.9767 -0.0547 0.2073
vn 0.9648 0.0412 0.2598
vn 0.9790 0.1458 0.1428
vn -0.2866 0.8416 0.4578
vn -0.5382 0.7779 0.3243
vn -0.3489 0.6337 0.6905
vn -0.7033 0.4886 0.5163
vn -0.6969 0.4803 0.5326
vn -0.5160 0.7572 0.4004
vn -0.3368 0.3366 0.8794
vn -0.7685 0.2610 0.5841
vn -0.7964 0.2586 0.5467
vn -0.7167 0.2916 0.6335
vn -0.5932 0.5030 0.6286
vn -0.3749 0.7663 0.5217
vn 0.7081 0.5150 -0.4832
vn 0.5960 0.7659 -0.2411
vn 0.8440 0.1029 -0.5263
vn 0.8456 -0.3058 -0.4375
vn 0.8757 -0.0907 -0.4743
vn 0.7776 -0.1765 -0.6034
vn 0.8019 -0.3342 -0.4953
vn -0.3769 -0.8503 0.3673
vn -0.7689 -0.4165 0.4852
vn 0.1296 -0.9726 0.1932
vn -0.3284 -0.7454 0.5801
vn -0.3330 -0.8097 0.4833
vn 0.1139 -0.9728 0.2019
vn 0.5155 -0.2927 -0.8053
vn 0.4230 -0.4072 -0.8095
vn 0.2149 -0.9172 -0.3354
vn 0.2317 -0.9321 -0.2783
vn 0.4858 -0.8556 -0.1789
vn 0.3530 0.5096 -0.7847
vn 0.3512 0.4249 -0.8343
vn 0.5895 -0.0217 -0.8075
vn 0.2506 -0.9665 0.0547
vn 0.3151 -0.9475 0.0541
vn -0.3202 -0.8452 0.4280
vn -0.0809 -0.9726 0.2181
vn -0.0592 -0.8975 0.4370
vn -0.3580 -0.7115 0.6047
vn 0.1995 -0.9398 -0.2774
vn 0.3967 -0.7981 -0.4535
vn -0.6535 -0.3619 0.6648
vn -0.6399 -0.3227 0.6974
vn -0.4792 -0.6996 0.5300
vn -0.7513 -0.3915 0.5313
vn -0.1062 -0.9782 0.1786
vn 0.4733 -0.4033 -0.7832
vn 0.0217 -0.9922 0.1231
vn -0.0088 -0.9999 -0.0080
vn -0.2465 0.7757 0.5809
vn -0.5309 0.5796 0.6182
vn -0.7151 0.3613 0.5984
vn 0.5187 -0.1339 -0.8444
vn 0.5152 -0.8245 -0.2342
vn 0.3518 -0.9278 -0.1241
vn 0.6430 -0.6728 -0.3659
vn 0.4960 -0.7176 -0.4889
vn 0.1620 -0.9839 -0.0751
vn -0.2220 -0.9610 0.1646
vn -0.3918 -0.8731 0.2900
vn -0.6062 -0.6780 0.4157
vn -0.7145 -0.3926 0.5791
vn 0.7490 -0.3634 -0.5540
vn 0.8421 0.1284 -0.5238
vn 0.3635 -0.6974 -0.6177
vn 0.5136 -0.8391 -0.1792
vn 0.4870 -0.8659 -0.1139
vn 0.4152 -0.8773 -0.2406
vn 0.3250 -0.8875 -0.3267
vn 0.6640 0.6263 -0.4083
vn 0.4618 0.8698 -0.1737
vn 0.1196 0.8677 -0.4825
vn -0.6554 -0.4375 0.6157
vn -0.4886 -0.6997 0.5212
vn -0.1593 -0.9611 0.2254
vn -0.1920 0.9715 -0.1390
vn -0.4171 0.9081 -0.0358
vn -0.1629 0.8148 0.5564
vn -0.5625 0.8260 0.0376
vn -0.4167 0.7083 0.5699
vn -0.7631 0.6426 0.0692
vn -0.7368 0.4554 0.4997
vn -0.5204 0.5226 0.6753
vn -0.6587 0.2597 0.7062
vn -0.8519 0.1468 0.5028
vn -0.8639 -0.1951 0.4644
vn -0.7473 -0.1186 0.6539
vn 0.7112 -0.3714 -0.5968
vn 0.3036 -0.4773 -0.8246
vn 0.5621 -0.7413 -0.3666
vn 0.3363 0.4842 -0.8078
vn 0.2237 0.2891 -0.9308
vn 0.4295 -0.7877 -0.4416
vn 0.5807 -0.8085 -0.0956
vn 0.7366 0.0727 -0.6724
vn 0.3091 0.6172 -0.7236
vn 0.0896 0.7707 -0.6308
vn 0.2647 0.7770 -0.5711
vn 0.0268 0.8394 -0.5428
vn 0.3607 0.8605 -0.3599
vn 0.6877 0.7245 0.0453
vn 0.7973 0.1380 -0.5876
vn 0.5976 -0.7982 -0.0758
vn 0.4451 -0.8920 0.0793
vn 0.3946 -0.9087 0.1361
vn 0.7214 -0.2812 0.6328
vn 0.6423 -0.7405 0.1977
vn 0.8970 0.4044 0.1784
vn 0.8516 0.4813 0.2077
vn 0.7776 -0.3423 -0.5274
vn 0.6905 -0.5645 -0.4522
vn 0.7309 -0.3839 -0.5643
vn 0.7127 -0.5691 -0.4101
vn 0.6176 -0.6137 -0.4919
vn -0.5665 -0.2095 0.7970
vn -0.8583 -0.1673 0.4850
vn -0.8022 -0.1031 0.5881
vn -0.7149 -0.0832 0.6943
vn -0.7579 -0.1333 0.6386
vn -0.4242 0.0442 0.9045
vn -0.8389 0.0572 0.5412
vn -0.7981 0.0817 0.5970
vn -0.7470 0.0654 0.6616
vn -0.8074 0.0589 0.5870
vn 0.0285 0.6915 -0.7218
vn -0.8149 -0.0669 0.5757
vn -0.7404 0.3665 0.5635
vn 0.2049 -0.9788 0.0026
vn 0.0033 -0.9107 0.4131
vn -0.3573 -0.7338 0.5779
vn -0.5740 -0.5062 0.6437
vn -0.8718 -0.2305 0.4322
vn -0.9739 0.1587 0.1624
vn -0.8252 0.5614 0.0622
vn -0.6778 0.6978 -0.2316
vn -0.6020 0.7297 -0.3242
vn -0.4642 0.7437 -0.4810
vn 0.1063 0.7893 -0.6047
vn -0.2882 0.8717 -0.3963
vn -0.5207 0.8328 -0.1880
vn -0.5773 0.8151 0.0493
vn -0.6247 0.6861 0.3728
vn -0.6767 0.3374 0.6544
vn -0.6588 -0.1205 0.7426
vn -0.4714 -0.4516 0.7575
vn -0.2851 -0.6939 0.6612
vn 0.0281 -0.8733 0.4863
vn 0.3358 -0.9210 0.1974
vn 0.5654 -0.8228 -0.0579
vn 0.6424 -0.7663 -0.0123
vn 0.4212 -0.8684 0.2616
vn 0.1479 -0.8421 0.5186
vn -0.2052 -0.6521 0.7298
vn -0.4288 -0.3673 0.8253
vn -0.5459 -0.0464 0.8366
vn -0.6365 0.3360 0.6943
vn -0.6664 0.6232 0.4094
vn -0.6356 0.7682 0.0770
vn -0.4727 0.8599 -0.1927
vn -0.2046 0.8943 -0.3980
vn 0.2052 0.7767 -0.5956
vn 0.0079 0.9955 -0.0948
vn 0.1293 0.9892 -0.0690
vn 0.3237 0.9367 -0.1336
vn 0.3472 0.9302 -0.1192
vn 0.3765 0.9175 -0.1283
vn 0.4587 0.8638 -0.2084
vn 0.5893 0.7342 -0.3372
vn 0.7714 0.4980 -0.3962
vn 0.8571 0.3146 -0.4078
vn 0.8814 0.1852 -0.4346
vn 0.8788 0.1529 -0.4521
vn 0.1445 0.9794 -0.1412
vn 0.0124 0.9920 -0.1253
vn 0.0002 0.9892 -0.1468
vn 0.2026 0.9668 -0.1560
vn 0.2214 0.9300 -0.2935
vn -0.0001 0.9430 -0.3328
vn 0.3655 0.8786 -0.3074
vn 0.4328 0.8385 -0.3311
vn 0.4673 0.7846 -0.4074
vn 0.5631 0.6316 -0.5328
vn 0.8382 0.1153 -0.5330
vn 0.8135 0.0061 -0.5816
vn 0.7992 -0.1770 -0.5744
vn 0.8370 -0.2900 -0.4641
vn 0.1984 0.8459 -0.4950
vn -0.0236 0.8441 -0.5357
vn 0.3660 0.8059 -0.4653
vn 0.3908 0.6875 -0.6121
vn 0.2291 0.7052 -0.6710
vn 0.0203 0.7376 -0.6750
vn -0.0000 0.5775 -0.8164
vn 0.2309 0.5447 -0.8062
vn 0.4136 0.5400 -0.7330
vn 0.6440 0.4647 -0.6078
vn -0.0439 0.9308 -0.3628
vn -0.0711 0.9361 -0.3445
vn 0.8384 -0.5199 -0.1634
vn 0.6622 -0.7005 -0.2660
vn 0.4023 -0.8379 -0.3689
vn -0.0000 -0.8854 -0.4648
vn 0.8040 -0.4697 -0.3647
vn 0.9060 -0.3266 -0.2692
vn 0.9430 -0.3213 -0.0866
vn 0.6208 -0.6108 -0.4915
vn 0.3815 -0.7017 -0.6017
vn -0.0000 -0.7095 -0.7047
vn 0.3325 0.7529 -0.5680
vn 0.1362 0.4106 -0.9016
vn 0.7227 -0.3900 -0.5707
vn 0.5329 -0.4736 -0.7012
vn 0.2855 -0.5088 -0.8121
vn -0.0280 -0.4841 -0.8746
vn 0.6321 -0.7590 -0.1564
vn 0.3420 -0.5420 -0.7676
vn 0.3946 -0.8574 -0.3304
vn 0.3413 -0.4983 -0.7970
vn 0.7192 -0.2536 -0.6469
vn 0.5190 -0.2893 -0.8043
vn 0.2989 -0.3429 -0.8906
vn 0.0268 -0.3183 -0.9476
vn 0.2656 -0.3572 -0.8955
vn 0.6621 -0.1920 -0.7244
vn 0.7106 0.2777 -0.6465
vn 0.7371 0.1430 -0.6605
vn 0.7070 0.0193 -0.7069
vn 0.6918 -0.1172 -0.7125
vn 0.5047 -0.1291 -0.8536
vn 0.2573 -0.1839 -0.9487
vn 0.0000 -0.1494 -0.9888
vn 0.3404 -0.1518 -0.9279
vn 0.2577 -0.1507 -0.9544
vn 0.4884 0.0149 -0.8725
vn 0.2308 0.0107 -0.9729
vn 0.0000 0.0569 -0.9984
vn 0.4882 0.1857 -0.8527
vn 0.4479 0.3816 -0.8086
vn 0.2128 0.4085 -0.8876
vn 0.2159 0.2246 -0.9502
vn 0.0000 0.2641 -0.9645
vn 0.0000 0.4240 -0.9056
vn 0.6846 -0.7273 0.0488
vn 0.4697 -0.8328 0.2928
vn 0.1583 -0.7913 0.5906
vn -0.1205 -0.5938 0.7955
vn -0.3531 -0.3369 0.8728
vn -0.5165 -0.0208 0.8561
vn -0.6242 0.3154 0.7148
vn -0.6947 0.5615 0.4496
vn -0.6375 0.7605 0.1237
vn -0.4185 0.8978 -0.1370
vn -0.4410 0.8805 -0.1737
vn -0.7094 0.6862 0.1608
vn -0.7408 0.4234 0.5214
vn -0.6310 0.2507 0.7342
vn -0.4937 0.0116 0.8696
vn -0.3302 -0.2280 0.9160
vn -0.1113 -0.4886 0.8654
vn 0.4909 -0.7995 0.3462
vn 0.1821 -0.7189 0.6708
vn 0.7038 -0.7048 0.0890
vn 0.7491 -0.6618 0.0288
vn 0.4340 -0.8613 0.2643
vn 0.8229 0.2662 -0.5019
vn 0.9290 -0.0400 -0.3679
vn 0.9237 -0.2585 -0.2828
vn 0.2863 0.9503 0.1227
vn 0.2257 0.9681 0.1087
vn -0.0000 0.9868 0.1619
vn 0.1220 0.9415 0.3141
vn 0.1184 0.8084 0.5766
vn 0.0000 0.8690 0.4948
vn 0.0000 0.5557 0.8314
vn 0.4608 0.8765 -0.1394
vn 0.5941 0.7805 -0.1948
vn 0.8842 0.3902 -0.2570
vn 0.9640 -0.1441 -0.2235
vn 0.8336 -0.5331 -0.1446
vn 0.0630 -0.9425 -0.3282
vn -0.0000 -0.9725 -0.2328
vn 0.2824 -0.9191 -0.2746
vn 0.5740 -0.7958 -0.1930
vn -0.3291 -0.5258 0.7844
vn -0.8022 -0.1362 0.5813
vn 0.0000 -0.0493 0.9988
vn 0.0000 0.1637 0.9865
vn -0.6144 -0.7302 0.2988
vn -0.9331 -0.3199 0.1645
vn -0.1845 -0.9118 0.3668
vn -0.0412 -0.8487 0.5273
vn 0.3076 -0.8942 0.3254
vn 0.2029 -0.9360 0.2877
vn 0.0447 0.9712 0.2338
vn -0.2711 0.6517 0.7083
vn 0.5709 -0.8043 0.1645
vn 0.5271 -0.8471 0.0679
vn 0.7892 -0.6102 -0.0698
vn 0.7530 -0.6505 -0.0992
vn 0.9486 -0.2045 -0.2414
vn 0.9618 -0.2067 -0.1797
vn 0.8960 0.3494 -0.2741
vn 0.9211 0.3490 -0.1725
vn 0.0000 0.1244 0.9922
vn 0.5963 0.7893 -0.1463
vn 0.6074 0.7605 -0.2294
vn 0.2194 0.9741 -0.0542
vn 0.3585 0.9291 -0.0910
vn -0.2241 0.9628 0.1508
vn -0.6510 0.7256 0.2230
vn 0.0000 -0.6157 0.7880
vn -0.0976 -0.7791 0.6193
vn -0.0298 -0.9359 0.3510
vn 0.0000 -0.9372 0.3487
vn 0.0285 -0.9995 0.0143
vn 0.0000 -0.9986 0.0523
vn 0.2627 -0.9605 -0.0915
vn 0.5871 -0.8066 -0.0681
vn 0.1823 -0.9620 0.2032
vn 0.4676 -0.8772 0.1086
vn -0.9789 0.1420 0.1470
vn -0.9593 -0.0047 0.2825
vn 0.9348 0.3407 0.1003
vn 0.9491 0.1224 0.2901
vn 0.9339 0.0195 -0.3569
vn 0.9470 -0.2288 -0.2255
vn -0.8805 0.4521 0.1424
vn -0.8588 0.2471 0.4487
vn 0.0000 -0.2144 0.9767
vn 0.0000 -0.0708 0.9975
vn 0.8340 0.3212 -0.4486
vn 0.7842 0.5650 0.2566
vn 0.2623 0.9430 0.2047
vn 0.2946 0.9208 0.2557
vn 0.6113 0.7773 0.1486
vn 0.6245 0.7517 0.2121
vn 0.1746 0.9809 0.0853
vn -0.2749 0.9524 0.1317
vn 0.9279 0.3692 -0.0521
vn 0.6090 0.7928 0.0243
vn 0.9758 -0.1937 -0.1019
vn 0.7947 -0.6021 -0.0770
vn 0.4606 -0.8876 0.0046
vn 0.0849 -0.9938 0.0713
vn -0.2308 -0.9717 0.0492
vn -0.6115 -0.7870 0.0817
vn -0.9259 -0.3396 0.1655
vn -0.9652 0.1142 0.2351
vn 0.4929 0.8681 -0.0584
vn 0.3495 0.7845 -0.5123
vn -0.8647 0.4456 0.2317
vn -0.6178 0.7625 0.1922
vn -0.1681 0.9568 0.2373
vn -0.5604 0.7742 0.2941
vn -0.8326 0.4556 0.3149
vn -0.9484 0.1484 0.2803
vn -0.9306 -0.2861 0.2282
vn 0.0722 0.8833 -0.4632
vn 0.3790 0.8691 -0.3178
vn -0.6079 -0.7874 0.1028
vn -0.1891 -0.9814 0.0329
vn 0.1247 -0.9921 0.0142
vn 0.4437 -0.8962 -0.0043
vn 0.7789 -0.6265 -0.0288
vn 0.9870 -0.1582 -0.0273
vn 0.8909 0.4491 0.0677
vn -0.0878 0.9448 0.3155
vn -0.4906 0.7873 0.3734
vn -0.7901 0.4815 0.3794
vn -0.9200 0.1906 0.3426
vn -0.8992 -0.2478 0.3605
vn 0.2182 0.8385 -0.4993
vn -0.5900 -0.7715 0.2380
vn -0.1378 -0.9830 0.1213
vn 0.1720 -0.9825 0.0713
vn 0.4317 -0.9012 0.0389
vn 0.7831 -0.6218 0.0037
vn 0.9896 -0.1411 0.0281
vn 0.9123 0.3859 0.1368
vn 0.4886 -0.8725 0.0082
vn 0.1709 -0.9830 0.0665
vn 0.4081 -0.9026 -0.1370
vn 0.3351 -0.8985 -0.2834
vn 0.0852 -0.9955 -0.0414
vn -0.0346 -0.9822 -0.1848
vn -0.1086 -0.9425 -0.3161
vn 0.2668 -0.8920 -0.3650
vn 0.0315 -0.5266 -0.8495
vn 0.1011 -0.4677 -0.8781
vn -0.1140 -0.5036 -0.8564
vn -0.1318 -0.6748 -0.7261
vn -0.1476 0.9455 0.2901
vn 0.3082 0.9429 0.1262
vn -0.2686 0.9334 0.2379
vn 0.3552 0.9244 0.1392
vn -0.1751 0.8582 0.4825
vn 0.3937 0.8349 0.3846
vn -0.1205 0.8446 0.5216
vn 0.3814 0.8259 0.4152
vn -0.0182 0.9617 -0.2735
vn 0.2791 0.8697 -0.4071
vn 0.6736 0.7296 0.1180
vn 0.9264 0.3423 0.1570
vn 0.9820 -0.1848 0.0392
vn 0.7952 -0.6043 -0.0493
vn -0.1463 -0.9709 0.1896
vn -0.5881 -0.7265 0.3553
vn -0.8635 -0.2232 0.4522
vn -0.8636 0.2256 0.4509
vn -0.0963 0.8963 -0.4328
vn -0.7381 0.4768 0.4774
vn -0.4937 0.7384 0.4593
vn 0.7634 0.6388 0.0955
vn 0.9501 0.2846 0.1275
vn 0.9909 -0.1341 -0.0079
vn 0.7727 -0.6176 -0.1467
vn -0.2540 -0.9569 0.1408
vn -0.6593 -0.6875 0.3046
vn -0.9079 -0.1887 0.3744
vn -0.8631 0.2303 0.4495
vn -0.5190 0.8296 -0.2058
vn -0.7029 0.5232 0.4819
vn -0.5891 0.7178 0.3710
vn -0.5811 0.6923 0.4278
vn -0.7197 0.5691 0.3977
vn -0.8667 0.3202 0.3824
vn -0.9721 -0.1056 0.2096
vn -0.7586 0.6000 0.2541
vn -0.7710 -0.6342 0.0576
vn -0.3750 -0.9250 -0.0618
vn 0.7691 -0.5732 -0.2829
vn 0.9929 -0.0725 -0.0942
vn 0.9495 0.3041 0.0766
vn 0.8148 0.5439 0.2007
vn -0.5210 0.7185 0.4608
vn -0.7575 0.5515 0.3494
vn -0.9122 0.2761 0.3029
vn -0.9926 -0.0143 0.1204
vn -0.7138 0.3395 0.6126
vn -0.8393 -0.5332 -0.1060
vn -0.4334 -0.8649 -0.2530
vn 0.7450 -0.5606 -0.3615
vn 0.9773 -0.0227 -0.2106
vn 0.9298 0.3623 -0.0651
vn 0.7752 0.6178 0.1318
vn -0.3246 -0.5112 -0.7958
vn -0.6533 -0.1736 -0.7370
vn -0.8248 0.2161 -0.5224
vn -0.8934 0.4473 -0.0428
vn -0.6330 0.1812 0.7527
vn -0.6373 0.7615 -0.1180
vn -0.3393 0.9303 -0.1394
vn 0.3354 0.7396 -0.5835
vn 0.6648 0.5228 -0.5336
vn 0.6365 0.1139 -0.7628
vn 0.3010 -0.2883 -0.9090
vn 0.5002 -0.3754 -0.7803
vn 0.5982 0.0701 -0.7983
vn 0.6379 0.4643 -0.6144
vn 0.4018 0.7367 -0.5440
vn 0.1679 0.8971 -0.4087
vn -0.1304 0.8574 -0.4979
vn -0.3510 0.8301 -0.4333
vn -0.5335 0.7649 -0.3611
vn -0.6739 0.5419 -0.5022
vn -0.6513 0.2104 -0.7291
vn -0.5221 -0.0184 0.8527
vn -0.7051 -0.2541 -0.6620
vn -0.2821 -0.3602 -0.8892
vn 0.9351 0.0103 -0.3542
vn 0.7444 -0.4646 -0.4796
vn 0.7737 0.1525 -0.6149
vn 0.8071 -0.4383 -0.3955
vn 0.5097 0.8499 0.1339
vn 0.7837 0.5367 0.3127
vn 0.6674 0.5210 0.5321
vn 0.7830 0.6113 0.1148
vn 0.8958 0.0523 0.4414
vn 0.7906 -0.0861 0.6063
vn 0.8364 -0.5476 0.0236
vn 0.6991 -0.6115 0.3707
vn 0.6147 -0.7885 -0.0184
vn 0.6943 -0.6652 0.2746
vn 0.9826 0.1724 0.0691
vn 0.7353 0.4148 -0.5360
vn 0.7044 0.6984 -0.1264
vn 0.6945 0.6888 -0.2080
vn 0.8643 0.2942 -0.4079
vn 0.8277 -0.2301 0.5118
vn 0.9890 -0.1246 0.0794
vn 0.7624 -0.3792 0.5243
vn 0.5509 0.8321 0.0634
vn 0.2152 0.9654 0.1470
vn 0.6579 -0.7115 -0.2469
vn 0.2419 -0.9170 -0.3172
vn -0.1766 -0.9273 -0.3302
vn -0.5396 -0.7520 -0.3787
vn -0.9006 -0.3539 -0.2525
vn -0.9544 0.1826 -0.2362
vn -0.8021 0.5939 -0.0628
vn -0.3636 -0.2190 0.9055
vn -0.6515 0.7585 -0.0137
vn -0.4976 0.8671 -0.0224
vn -0.1376 0.9868 0.0850
vn 0.6373 -0.7675 0.0699
vn 0.5761 -0.7874 0.2191
vn 0.2455 -0.9474 0.2052
vn 0.2308 -0.9713 -0.0569
vn -0.1230 -0.9923 -0.0127
vn -0.1163 -0.9747 0.1910
vn -0.5033 -0.8481 0.1657
vn -0.5460 -0.8315 -0.1022
vn -0.8775 -0.4457 0.1771
vn -0.8971 -0.4405 -0.0341
vn -0.9787 0.1152 0.1699
vn -0.9871 0.1591 0.0189
vn -0.8320 0.5504 0.0688
vn -0.8556 0.4857 0.1789
vn -0.1647 -0.4546 0.8753
vn -0.6961 0.7176 0.0209
vn -0.6999 0.6876 0.1931
vn -0.4308 0.8977 0.0925
vn -0.4214 0.8862 0.1926
vn -0.0561 0.9865 0.1540
vn -0.0328 0.9854 0.1669
vn 0.2885 0.9409 0.1777
vn 0.3260 0.9263 0.1892
vn 0.5738 0.8076 0.1363
vn 0.5592 0.8148 0.1528
vn 0.9089 0.1642 -0.3834
vn 0.7707 0.6366 0.0261
vn 0.9241 -0.2547 -0.2849
vn 0.7444 -0.6675 0.0185
vn 0.5770 0.8022 0.1532
vn 0.2937 0.9441 0.1497
vn -0.0214 0.9746 0.2231
vn -0.4081 0.8805 0.2410
vn -0.6847 0.6817 0.2579
vn -0.8525 0.4574 0.2531
vn -0.9692 0.0723 0.2355
vn 0.1227 -0.6703 0.7319
vn -0.8576 -0.4628 0.2245
vn -0.4650 -0.8595 0.2122
vn -0.0473 -0.9773 0.2063
vn 0.3193 -0.9224 0.2174
vn 0.6099 -0.7666 0.2008
vn 0.8018 0.5752 -0.1618
vn 0.9793 0.0346 -0.1995
vn 0.8839 -0.2226 -0.4112
vn 0.6654 -0.7192 -0.2001
vn 0.6089 -0.7876 0.0939
vn 0.4709 -0.8789 0.0757
vn 0.5327 -0.8286 0.1722
vn -0.0830 -0.9852 0.1498
vn -0.4173 -0.8841 0.2103
vn 0.2390 -0.9604 0.1430
vn -0.8568 -0.4750 0.2008
vn -0.9646 0.0550 0.2579
vn -0.8541 0.4370 0.2821
vn 0.4308 -0.7657 0.4776
vn -0.7424 0.6223 0.2482
vn -0.5095 0.8369 0.2000
vn -0.0705 0.9889 0.1308
vn 0.2642 0.9623 0.0653
vn 0.6231 0.7752 0.1040
vn 0.5939 0.7910 0.1472
vn 0.8382 0.5165 0.1752
vn 0.9832 -0.0117 0.1823
vn 0.8986 -0.3989 0.1827
vn 0.7101 -0.6832 0.1699
vn 0.7125 0.4713 0.5198
vn 0.8505 0.5013 0.1589
vn 0.8952 -0.0195 0.4452
vn 0.7980 -0.4036 0.4476
vn 0.4696 -0.8027 0.3676
vn 0.5617 -0.8096 0.1704
vn 0.5283 -0.8437 0.0952
vn 0.2217 -0.9726 0.0700
vn -0.1627 -0.9831 0.0842
vn -0.4536 -0.8671 0.2060
vn -0.8018 -0.5392 0.2578
vn -0.9731 0.0475 0.2255
vn -0.8919 0.4109 0.1889
vn 0.5160 -0.8169 0.2576
vn -0.7924 0.6001 0.1091
vn -0.5332 0.8449 0.0433
vn -0.1502 0.9850 -0.0845
vn 0.3250 0.9180 -0.2272
vn 0.7128 0.6993 -0.0546
vn 0.8866 -0.0714 0.4570
vn 0.7470 -0.5152 0.4202
vn 0.7611 0.5084 -0.4027
vn 0.2087 0.7362 -0.6438
vn -0.3192 0.8368 -0.4448
vn 0.9649 0.2285 -0.1294
vn 0.9962 -0.0469 -0.0737
vn 0.9156 -0.3946 -0.0773
vn 0.6877 -0.7237 -0.0567
vn 0.4525 -0.8917 -0.0001
vn 0.1232 -0.9919 0.0305
vn -0.2223 -0.9736 0.0524
vn -0.5578 -0.8268 0.0726
vn -0.8245 -0.5400 0.1691
vn -0.9821 0.0105 0.1878
vn -0.9174 0.3863 0.0953
vn 0.5643 -0.7927 0.2307
vn -0.8094 0.5864 0.0327
vn -0.6449 0.7507 -0.1433
vn 0.5855 0.3211 -0.7443
vn 0.0891 0.5869 -0.8048
vn -0.3792 0.6668 -0.6415
vn 0.4147 0.3781 -0.8277
vn 0.0475 0.4865 -0.8724
vn -0.3528 0.5220 -0.7766
vn 0.6692 0.2052 -0.7142
vn 0.8085 -0.0385 -0.5873
vn 0.9560 -0.1875 -0.2257
vn 0.9169 0.0215 -0.3985
vn -0.6774 0.4880 -0.5504
vn -0.5745 0.4445 -0.6873
vn -0.9287 0.3086 -0.2054
vn -0.9477 0.1477 -0.2829
vn -0.8657 0.1625 -0.4734
vn -0.8189 0.3603 -0.4467
vn -0.7549 0.5122 -0.4096
vn -0.8999 0.4278 -0.0846
vn -0.8760 0.3469 -0.3351
vn -0.9703 0.2410 -0.0197
vn -0.9364 0.2670 -0.2278
vn -0.9624 0.2685 0.0414
vn -0.9576 0.2181 -0.1883
vn -0.8982 0.3324 -0.2876
vn 0.8887 0.0627 -0.4543
vn 0.9764 -0.0731 -0.2032
vn 0.9238 -0.3623 -0.1243
vn 0.7053 -0.7003 -0.1100
vn 0.4599 -0.8838 -0.0856
vn 0.1457 -0.9884 -0.0440
vn -0.2036 -0.9790 0.0047
vn -0.5180 -0.8549 0.0284
vn -0.8375 -0.5465 -0.0026
vn -0.9923 -0.1151 0.0448
vn -0.9683 0.2489 0.0217
vn 0.8857 -0.1406 -0.4425
vn 0.9245 -0.1876 -0.3319
vn 0.9053 -0.3867 -0.1760
vn 0.4480 -0.8848 -0.1285
vn 0.7489 -0.6526 -0.1149
vn 0.1047 -0.9844 -0.1412
vn -0.2355 -0.9676 -0.0904
vn -0.5464 -0.8369 -0.0326
vn -0.8229 -0.5641 -0.0681
vn -0.9942 -0.0532 -0.0937
vn -0.9580 0.2515 -0.1374
vn -0.9852 0.1631 -0.0529
vn -0.9783 -0.2064 -0.0203
vn -0.8188 -0.5735 0.0253
vn -0.5572 -0.8298 -0.0298
vn -0.2943 -0.9553 -0.0274
vn 0.0299 -0.9981 -0.0543
vn 0.4337 -0.8998 -0.0481
vn 0.7183 -0.6957 -0.0045
vn 0.8583 -0.5132 0.0003
vn 0.9322 -0.3489 -0.0966
vn 0.9385 -0.2307 -0.2570
vn 0.9138 -0.1129 -0.3901
vn 0.9318 -0.2006 -0.3024
vn 0.9312 -0.2755 -0.2388
vn 0.8793 -0.4178 -0.2284
vn 0.7765 -0.5274 -0.3447
vn 0.6545 -0.6878 -0.3139
vn 0.3211 -0.8810 -0.3474
vn -0.0611 -0.9298 -0.3630
vn -0.3609 -0.8914 -0.2742
vn -0.5812 -0.7426 -0.3328
vn -0.7408 -0.5007 -0.4478
vn -0.9641 -0.1330 -0.2297
vn -0.9564 0.2372 -0.1702
vn -0.7389 0.2924 -0.6070
vn -0.6861 0.3853 -0.6171
vn -0.5172 0.3878 -0.7630
vn -0.6712 0.3755 -0.6392
vn -0.6457 0.4425 -0.6224
vn -0.5656 0.6247 -0.5384
vn -0.5217 0.6314 -0.5738
vn -0.2812 0.4007 -0.8720
vn 0.0394 0.3558 -0.9337
vn 0.3482 0.3268 -0.8786
vn 0.5760 0.2241 -0.7861
vn 0.8625 0.0810 -0.4995
vn 0.8292 -0.0226 -0.5584
vn 0.7981 0.1841 -0.5737
vn 0.7771 0.1753 -0.6045
vn 0.6888 0.3465 -0.6368
vn 0.5902 0.6043 -0.5352
vn 0.7376 0.4142 -0.5332
vn 0.5567 0.6231 -0.5494
vn 0.2323 0.7550 -0.6132
vn 0.2340 0.7028 -0.6719
vn -0.1890 0.7306 -0.6561
vn -0.2636 0.7456 -0.6120
vn -0.4713 0.3225 -0.8209
vn -0.4239 0.4128 -0.8062
vn -0.1776 0.4106 -0.8943
vn 0.0628 0.4350 -0.8983
vn 0.3315 0.3671 -0.8691
vn 0.5104 0.2127 -0.8332
vn 0.4791 0.2960 -0.8263
vn -0.2411 0.3189 -0.9166
vn 0.0582 0.3065 -0.9501
vn 0.3022 0.2588 -0.9174
vn 0.2231 0.9159 -0.3337
vn -0.2491 0.8727 -0.4200
vn 0.5869 0.6650 -0.4618
vn 0.8614 0.4201 -0.2856
vn 0.9426 0.1289 -0.3082
vn 0.9205 -0.0774 -0.3830
vn 0.9713 -0.2006 -0.1281
vn 0.9628 -0.2199 -0.1572
vn 0.9480 -0.3107 -0.0686
vn 0.8922 -0.4212 -0.1630
vn 0.8421 -0.5266 -0.1167
vn 0.7248 -0.6396 -0.2559
vn 0.4822 -0.8247 -0.2955
vn 0.0582 -0.9430 -0.3278
vn -0.3005 -0.8676 -0.3962
vn -0.5941 -0.7340 -0.3290
vn -0.7812 -0.5644 -0.2668
vn -0.9247 -0.2259 -0.3065
vn -0.9375 0.2522 -0.2399
vn -0.9088 0.3085 -0.2809
vn -0.9612 0.2238 -0.1610
vn -0.9620 0.0802 -0.2609
vn -0.9119 0.1314 -0.3889
vn -0.9108 0.3130 -0.2693
vn -0.8123 0.5098 -0.2833
vn -0.5486 0.6619 -0.5108
vn -0.4802 0.5853 0.6533
vn -0.1149 0.7871 0.6061
vn 0.2593 0.6605 0.7046
vn 0.5258 0.4863 0.6979
vn 0.5395 0.2506 0.8038
vn 0.6913 0.1477 0.7073
vn 0.7358 -0.0545 0.6750
vn 0.5169 -0.1194 0.8476
vn 0.6151 -0.1466 0.7747
vn 0.5953 -0.2056 0.7767
vn 0.6645 -0.3107 0.6796
vn 0.5359 -0.3580 0.7647
vn 0.4600 -0.4766 0.7492
vn 0.2408 -0.6453 0.7250
vn -0.0442 -0.7277 0.6845
vn -0.3199 -0.6798 0.6600
vn -0.4798 -0.5345 0.6957
vn -0.7505 -0.4412 0.4920
vn -0.7402 -0.0758 0.6682
vn -0.5619 0.1703 0.8095
vn 0.0204 -0.0292 0.9994
vn -0.0103 0.0056 0.9999
vn 0.0283 -0.0396 0.9988
vn -0.0108 0.0046 0.9999
vn -0.6957 0.2868 0.6585
vn -0.5981 0.1018 0.7949
vn -0.7149 0.0192 0.6990
vn -0.8266 0.1481 0.5430
vn -0.6630 0.2784 0.6949
vn -0.4222 0.2748 0.8638
vn 0.0544 0.0223 0.9983
vn 0.0635 0.0110 0.9979
vn 0.0577 0.0024 0.9983
vn 0.0496 -0.0072 0.9987
vn 0.0473 0.0059 0.9989
vn 0.0710 -0.0050 0.9975
vn 0.0529 -0.0250 0.9983
vn 0.0122 -0.0739 0.9972
vn -0.0258 -0.1159 0.9929
vn -0.0767 -0.1302 0.9885
vn -0.0874 -0.1243 0.9884
vn -0.1327 -0.0883 0.9872
vn -0.0737 0.0016 0.9973
vn -0.0636 0.0216 0.9977
vn -0.1103 0.0351 0.9933
vn -0.0662 0.0177 0.9977
vn -0.0839 0.0058 0.9965
vn -0.0823 0.0173 0.9965
vn -0.0632 0.0328 0.9975
vn -0.0532 0.0399 0.9978
vn -0.0386 0.0406 0.9984
vn -0.0067 0.0696 0.9976
vn 0.0217 0.0606 0.9979
vn 0.0453 0.0350 0.9984
vn 0.0021 0.0030 1.0000
vn 0.0021 0.0032 1.0000
vn 0.0019 0.0036 1.0000
vn 0.0017 0.0040 1.0000
vn -0.0007 0.0071 1.0000
vn -0.0102 0.0115 0.9999
vn -0.0099 0.0047 0.9999
vn -0.0125 0.0006 0.9999
vn 0.7776 -0.3955 0.4889
vn 0.7737 -0.5632 0.2901
vn 0.7257 -0.6708 0.1531
vn 0.4676 -0.8050 0.3652
vn 0.0399 -0.7458 0.6650
vn -0.3177 -0.5435 0.7769
vn -0.4370 -0.3369 0.8340
vn -0.5369 -0.0929 0.8385
vn -0.6596 0.1708 0.7320
vn -0.7219 0.2190 0.6565
vn -0.8284 0.4510 0.3322
vn -0.6039 0.7733 -0.1934
vn -0.1044 0.8536 -0.5104
vn 0.2477 0.8095 -0.5323
vn 0.7833 0.6049 0.1434
vn 0.8678 0.3893 0.3087
vn 0.9528 -0.0138 0.3032
vn 0.5494 0.6532 -0.5211
vn 0.7952 0.3763 -0.4754
vn 0.9430 0.0043 -0.3326
vn 0.9348 -0.3047 -0.1826
vn 0.8363 -0.5477 -0.0265
vn 0.5358 -0.8241 0.1837
vn 0.0201 -0.8934 0.4487
vn -0.4150 -0.7012 0.5797
vn -0.6290 -0.4327 0.6459
vn -0.6895 -0.1480 0.7090
vn -0.7987 0.0517 0.5995
vn -0.8084 -0.0068 0.5886
vn -0.9459 0.0881 0.3124
vn -0.8064 0.5407 -0.2393
vn -0.1943 0.7630 -0.6165
vn 0.2885 0.7362 -0.6122
vn -0.8064 -0.1967 0.5577
vn -0.8799 -0.2125 0.4250
vn -0.6791 -0.4092 -0.6094
vn -0.7404 -0.4891 -0.4611
vn -0.8509 -0.5252 -0.0108
vn -0.8926 -0.4237 -0.1543
vn -0.9562 0.2642 -0.1260
vn -0.8752 0.0613 0.4798
vn -0.8362 0.5293 0.1436
vn -0.3752 0.6409 -0.6696
vn -0.4981 0.8221 -0.2758
vn 0.2600 0.6411 -0.7221
vn 0.1056 0.8419 -0.5291
vn 0.5812 0.6076 -0.5414
vn 0.4299 0.8822 -0.1922
vn 0.5356 0.7347 -0.4164
vn 0.3469 0.9290 0.1292
vn 0.5789 0.5569 -0.5956
vn 0.8044 0.3169 -0.5025
vn 0.9385 -0.0567 -0.3406
vn 0.9115 -0.3654 -0.1888
vn 0.7949 -0.6020 -0.0759
vn 0.4871 -0.8638 0.1286
vn 0.0360 -0.9368 0.3480
vn -0.3883 -0.8006 0.4564
vn -0.6657 -0.3830 0.6405
vn -0.9042 -0.4186 -0.0845
vn -0.6553 -0.0877 -0.7502
vn -0.7583 -0.1028 0.6437
vn -0.7430 -0.1126 0.6598
vn -0.9469 0.3030 0.1076
vn -0.8691 0.1727 0.4636
vn -0.5169 0.8129 -0.2682
vn -0.0063 0.9665 -0.2566
vn 0.3837 0.9222 0.0492
vn 0.3571 0.7902 0.4980
vn 0.6533 0.5520 -0.5182
vn 0.6914 0.5532 -0.4646
vn 0.9524 -0.0947 -0.2897
vn 0.8446 0.2923 -0.4485
vn 0.9535 -0.0469 -0.2977
vn 0.8784 0.2960 -0.3753
vn 0.7533 -0.6534 -0.0751
vn 0.9003 -0.3899 -0.1934
vn 0.8096 -0.5518 -0.2002
vn 0.9259 -0.3027 -0.2258
vn 0.3637 -0.9160 0.1692
vn 0.3709 -0.9100 0.1852
vn 0.0219 -0.9458 0.3240
vn -0.1418 -0.8339 0.5334
vn -0.6268 -0.4529 0.6340
vn -0.4890 -0.6712 0.5571
vn -0.6060 -0.6308 0.4847
vn -0.2832 -0.8779 0.3862
vn -0.9222 -0.3828 0.0551
vn -0.4925 -0.8674 -0.0717
vn -0.5420 -0.6563 -0.5249
vn -0.1334 -0.9451 -0.2982
vn -0.5502 -0.5614 -0.6181
vn -0.9363 -0.2903 -0.1979
vn -0.7151 -0.2405 -0.6563
vn -0.9877 -0.1182 0.1021
vn -0.8220 0.0783 -0.5640
vn -0.8895 -0.3761 -0.2594
vn -0.9912 -0.0904 -0.0970
vn -0.7695 -0.0469 -0.6369
vn 0.6353 0.3412 0.6928
vn 0.6063 0.3352 0.7211
vn 0.3530 0.7898 0.5016
vn 0.3813 0.8564 0.3480
vn 0.4630 0.8794 0.1108
vn 0.8204 0.4265 0.3809
vn 0.9729 0.1392 -0.1846
vn 0.6296 0.6065 -0.4856
vn 0.8081 0.3166 -0.4967
vn 0.5860 0.5430 -0.6015
vn 0.0004 0.9701 -0.2429
vn 0.1556 0.9848 -0.0769
vn 0.2649 0.8400 -0.4736
vn 0.1301 0.9526 -0.2751
vn -0.1412 0.9889 -0.0454
vn 0.1437 0.9513 0.2726
vn 0.5590 0.4943 0.6658
vn 0.5068 0.6601 0.5544
vn 0.7639 0.5529 0.3328
vn 0.9111 0.3938 -0.1215
vn 0.8388 0.3056 -0.4506
vn 0.3854 0.7907 0.4757
vn 0.4741 0.6892 0.5479
vn 0.6914 0.7011 0.1746
vn 0.8294 0.4907 -0.2669
vn 0.8727 0.2432 -0.4234
vn 0.9900 -0.0198 -0.1396
vn 0.9432 -0.0036 -0.3322
vn 0.9386 -0.0303 -0.3436
vn 0.9851 0.1589 -0.0664
vn 0.8742 0.2528 0.4145
vn 0.8218 0.2715 0.5009
vn 0.5058 0.1211 0.8541
vn 0.4036 0.4931 0.7707
vn 0.5811 0.0431 0.8127
vn 0.5166 0.2078 0.8307
vn 0.9395 -0.0895 -0.3305
vn 0.9833 0.0487 -0.1751
vn 0.9296 -0.2885 -0.2293
vn 0.9269 -0.2805 -0.2494
vn 0.9268 -0.3496 -0.1370
vn 0.9621 -0.2668 0.0572
vn 0.9129 0.2813 0.2958
vn 0.9153 -0.2618 0.3060
vn 0.8328 -0.1685 0.5274
vn 0.5445 0.5098 0.6661
vn 0.6605 -0.1972 0.7244
vn 0.4650 0.0076 0.8853
vn 0.9050 -0.2784 -0.3217
vn 0.9917 -0.0734 -0.1052
vn 0.8600 -0.4820 -0.1675
vn 0.7439 -0.5859 -0.3216
vn 0.5314 -0.8386 0.1195
vn 0.5959 -0.8009 -0.0589
vn 0.9462 0.0085 0.3234
vn 0.8285 -0.4513 0.3317
vn 0.3904 -0.7701 0.5045
vn 0.6637 0.2628 0.7003
vn 0.5508 -0.3251 0.7687
vn 0.2552 -0.6259 0.7370
vn 0.4711 0.5527 0.6874
vn 0.4396 -0.1785 0.8803
vn 0.4721 -0.1013 0.8757
vn 0.4385 0.3147 0.8418
vn 0.3314 -0.3369 0.8813
vn 0.3429 -0.6308 0.6961
vn 0.1181 -0.9597 0.2550
vn 0.2164 -0.8556 0.4703
vn -0.3156 -0.8872 0.3365
vn -0.6170 -0.7801 0.1038
vn 0.0426 -0.9989 -0.0176
vn -0.0889 -0.9528 0.2902
vn 0.2702 -0.7572 0.5946
vn 0.4542 -0.3419 0.8226
vn 0.5155 0.1033 0.8506
vn 0.5907 0.1280 0.7967
vn 0.5239 -0.1988 0.8283
vn 0.5187 0.3592 0.7758
vn 0.6388 0.2799 0.7166
vn 0.6187 0.2112 0.7567
vn 0.4999 0.6643 0.5557
vn 0.6255 0.5582 0.5452
vn 0.5911 0.4471 0.6714
vn 0.4233 0.7769 0.4661
vn 0.1776 0.9776 0.1126
vn -0.2050 0.9134 -0.3518
vn 0.1935 0.9757 0.1032
vn 0.4126 0.5561 0.7215
vn 0.2767 0.8307 0.4831
vn -0.0292 0.9988 0.0386
vn 0.4860 0.4770 0.7323
vn 0.3954 0.6743 0.6237
vn 0.4050 0.3440 0.8471
vn 0.4985 0.1338 0.8565
vn -0.0149 0.1407 0.9899
vn 0.4205 0.2766 0.8641
vn -0.1858 0.3027 0.9348
vn -0.0817 -0.0882 0.9928
vn 0.3951 -0.0444 0.9176
vn -0.0357 -0.1352 0.9902
vn 0.4688 -0.0098 0.8833
vn 0.3798 -0.0280 0.9246
vn -0.1113 0.0747 0.9910
vn 0.3710 -0.3013 0.8784
vn -0.1198 -0.3816 0.9165
vn 0.1029 -0.8230 0.5586
vn -0.1313 -0.8377 0.5302
vn -0.0563 0.2478 0.9672
vn -0.0743 0.5599 0.8252
vn 0.0047 0.5913 0.8064
vn -0.0353 0.5140 0.8571
vn -0.1472 0.7128 0.6857
vn -0.1659 0.9489 0.2684
vn -0.2106 -0.9763 0.0492
vn -0.1646 -0.9759 -0.1435
vn -0.6440 0.0612 0.7625
vn -0.6174 -0.0520 0.7849
vn -0.5967 -0.2401 0.7657
vn -0.6196 0.1933 0.7608
vn -0.6590 0.1109 0.7439
vn -0.5603 0.0804 0.8244
vn -0.6215 0.4046 0.6708
vn -0.6349 0.2882 0.7168
vn -0.6174 0.3152 0.7208
vn -0.6140 0.5479 0.5682
vn -0.5737 0.8111 0.1143
vn -0.1848 0.9344 -0.3046
vn -0.2119 0.9661 -0.1477
vn -0.2742 0.9551 -0.1122
vn 0.0684 0.9322 -0.3555
vn 0.3531 0.8828 0.3098
vn -0.5797 -0.4173 0.6998
vn -0.3213 -0.8460 0.4255
vn 0.0315 -0.9927 -0.1165
vn 0.3096 -0.9258 -0.2169
vn -0.7797 -0.2870 0.5565
vn -0.8213 0.1305 0.5553
vn -0.8432 -0.0308 0.5368
vn -0.7792 -0.1143 0.6163
vn -0.8049 0.2532 0.5366
vn -0.7359 0.1476 0.6608
vn -0.5319 0.1110 0.8395
vn -0.8829 -0.2640 0.3883
vn -0.9315 0.2325 0.2798
vn -0.8704 -0.4159 0.2635
vn -0.9344 -0.0025 0.3563
vn -0.9659 0.0300 0.2570
vn 0.3061 0.9511 -0.0413
vn -0.1080 0.8894 -0.4441
vn -0.6383 0.5339 -0.5546
vn -0.9941 -0.1073 0.0157
vn 0.0643 0.9935 0.0939
vn 0.2920 0.8097 0.5091
vn 0.5341 0.6929 0.4844
vn 0.4003 0.5209 0.7539
vn 0.5522 0.4618 0.6941
vn -0.3183 -0.9441 -0.0858
vn -0.7607 -0.5924 -0.2652
vn -0.8308 -0.0318 0.5556
vn -0.9377 -0.1731 0.3014
vn -0.9004 -0.1287 0.4155
vn -0.9819 -0.1649 -0.0936
vn -0.7500 -0.6307 0.1993
vn -0.8347 -0.1017 0.5413
vn -0.7599 -0.4288 0.4887
vn -0.4471 -0.8685 0.2139
vn -0.2523 -0.9638 -0.0862
vn 0.1252 -0.9715 -0.2011
vn 0.1927 -0.9800 -0.0501
vn 0.1930 -0.9745 0.1149
vn -0.8649 -0.3754 -0.3331
vn 0.1800 -0.9785 -0.1007
vn -0.7768 -0.3978 0.4882
vn -0.2993 0.9385 -0.1722
vn -0.1329 0.9041 0.4061
vn -0.6219 0.7701 0.1419
vn -0.9191 0.3634 -0.1522
vn -0.6888 0.6636 -0.2920
vn -0.9608 0.0037 -0.2773
vn -0.8259 -0.3611 -0.4330
vn -0.7026 -0.3153 -0.6380
vn -0.9408 -0.3037 -0.1504
vn 0.2963 0.6902 0.6601
vn -0.5471 0.4412 0.7114
vn -0.3260 0.8366 0.4404
vn 0.1301 0.8591 0.4950
vn 0.0026 0.7306 0.6828
vn -0.4307 0.7145 0.5514
vn -0.8256 0.5213 0.2162
vn -0.9630 0.0286 -0.2681
vn -0.0081 0.7375 0.6753
vn -0.4732 0.7212 0.5059
vn -0.8411 0.4940 0.2201
vn -0.9643 -0.0535 -0.2593
vn -0.7614 -0.3429 -0.5501
vn -0.1602 0.5886 0.7924
vn -0.2980 -0.0064 0.9546
vn -0.5151 0.5634 0.6459
vn -0.8384 0.4490 0.3090
vn -0.9872 -0.0717 -0.1425
vn -0.8012 -0.4349 -0.4111
vn -0.6153 -0.0716 0.7850
vn -0.8401 -0.1373 0.5248
vn -0.9444 -0.3112 0.1063
vn -0.5895 -0.7022 0.3992
vn -0.7423 -0.6603 -0.1138
vn -0.8547 -0.5153 -0.0628
vn -0.9624 -0.0234 -0.2707
vn -0.9257 -0.2707 -0.2644
vn -0.9439 -0.3266 0.0495
vn -0.9868 0.0710 -0.1452
vn -0.9795 -0.0015 -0.2016
vn -0.8623 -0.1223 -0.4914
vn -0.9494 -0.2830 0.1365
vn -0.9793 -0.0579 -0.1939
vn -0.4856 0.6579 0.5757
vn -0.5354 0.8387 -0.0993
vn -0.5280 0.5868 0.6139
vn -0.2996 0.9236 0.2391
vn -0.4583 0.8874 0.0504
vn -0.6207 0.7123 0.3277
vn -0.5148 0.8550 -0.0630
vn -0.5280 0.8031 0.2760
vn 0.8121 0.2437 -0.5302
vn 0.2874 0.6934 -0.6608
vn 0.9834 0.1484 -0.1040
vn 0.3215 0.9243 -0.2055
vn -0.0091 0.6488 0.7609
vn -0.5447 0.5857 0.6003
vn -0.8710 0.4904 0.0298
vn -0.7672 0.6400 0.0433
vn 0.8564 0.5158 -0.0206
vn -0.7902 0.6040 0.1038
vn -0.8562 0.5165 0.0099
vn -0.8863 0.4627 0.0186
vn -0.4566 0.6751 -0.5795
vn 0.1271 0.8667 -0.4823
vn -0.6683 0.7439 0.0011
vn -0.4160 0.7437 -0.5233
vn -0.3743 0.7946 -0.4779
vn -0.4782 0.8702 -0.1185
vn -0.3057 0.9122 -0.2728
vn -0.1762 0.8185 -0.5469
vn -0.5820 0.7671 0.2698
vn -0.7937 0.5400 0.2800
vn -0.6470 0.6137 0.4525
vn -0.5278 0.7156 0.4575
vn -0.5686 0.6851 0.4554
vn -0.4485 0.8204 0.3546
vn -0.1077 0.6879 -0.7178
vn 0.4674 0.3395 -0.8162
vn -0.8542 0.4877 0.1804
vn -0.8693 0.4766 0.1309
vn -0.8704 0.4922 -0.0103
vn -0.8310 0.5543 0.0457
vn -0.8674 0.4975 0.0001
vn -0.7954 0.6057 -0.0212
vn -0.5657 0.7687 -0.2984
vn -0.3964 0.8200 -0.4130
vn -0.3249 0.9457 -0.0065
vn -0.6361 0.7703 -0.0449
vn -0.8509 0.5211 0.0672
vn -0.8721 0.4724 0.1277
vn -0.8577 0.5142 0.0028
vn -0.8200 0.5708 0.0412
vn -0.7865 0.5853 0.1970
vn -0.7896 0.3522 0.5025
vn -0.7450 0.4391 0.5022
vn -0.7307 0.3618 0.5789
vn -0.6795 0.5465 0.4895
vn -0.7398 0.2545 0.6229
vn -0.2015 0.5542 0.8076
vn -0.0569 -0.0669 0.9961
vn -0.3413 0.6873 0.6412
vn -0.0885 -0.0369 0.9954
vn -0.1519 -0.0924 0.9841
vn -0.4533 0.6729 0.5846
vn -0.1017 0.2839 -0.9535
vn -0.1155 0.6460 -0.7546
vn 0.3043 -0.1399 0.9423
vn 0.8273 -0.0495 0.5595
vn -0.0283 0.3271 -0.9446
vn -0.1747 0.3068 -0.9356
vn -0.2378 0.7718 0.5897
vn -0.5893 0.6049 0.5356
vn -0.7853 0.2002 0.5859
vn -0.8013 -0.0323 0.5974
vn -0.9294 0.2679 0.2540
vn -0.9383 0.3361 0.0816
vn -0.8757 0.0592 0.4793
vn -0.9144 0.3865 0.1206
vn -0.9754 0.0855 0.2034
vn -0.9704 -0.1283 0.2046
vn -0.2473 0.6256 -0.7399
vn -0.7801 0.3789 0.4979
vn -0.1380 0.3522 0.9257
vn -0.4039 0.2094 0.8905
vn -0.3937 -0.0983 0.9140
vn -0.4587 -0.2405 0.8554
vn -0.1052 -0.0936 0.9900
vn -0.1335 -0.2480 0.9595
vn -0.7892 -0.2753 0.5490
vn -0.7358 0.3076 0.6034
vn -0.3387 0.5843 0.7375
vn -0.8615 -0.1167 0.4941
vn -0.8723 -0.1656 0.4601
vn -0.8533 0.1256 0.5061
vn -0.8359 -0.2808 0.4716
vn -0.8861 -0.3169 0.3382
vn -0.9006 -0.3763 0.2175
vn -0.7800 -0.5825 0.2285
vn -0.7573 -0.6399 0.1305
vn -0.7680 -0.6321 -0.1032
vn -0.6796 -0.7314 -0.0569
vn -0.3218 -0.8033 -0.5011
vn -0.6256 -0.0961 -0.7742
vn 0.6971 -0.0235 -0.7166
vn -0.2562 0.6316 -0.7317
vn -0.7348 0.5341 -0.4181
vn -0.9896 0.0349 -0.1395
vn -0.9966 -0.0648 -0.0510
vn -0.9928 -0.0866 0.0829
vn -0.9971 0.0748 0.0115
vn 0.4336 0.6309 -0.6434
vn -0.4324 0.3831 -0.8163
vn 0.1587 0.0144 -0.9872
vn -0.5352 0.8260 -0.1769
vn -0.1402 0.9895 -0.0342
vn -0.4959 0.7536 0.4313
vn -0.7641 0.6312 -0.1329
vn -0.7870 0.6011 -0.1387
vn -0.5024 0.2714 0.8209
vn -0.3835 0.5923 0.7086
vn -0.5867 0.6537 0.4779
vn -0.6550 0.4658 0.5950
vn -0.0738 0.9807 0.1809
vn -0.3563 0.9337 -0.0337
vn -0.3806 0.5023 0.7764
vn -0.5680 0.4063 0.7157
vn -0.6258 0.4796 0.6151
vn -0.5013 0.8635 0.0553
vn -0.6306 0.5393 0.5581
vn -0.5094 0.8577 0.0691
vn -0.2056 0.9570 -0.2046
vn 0.5989 0.6210 -0.5056
vn 0.2080 -0.1158 -0.9712
vn -0.8025 0.4654 -0.3734
vn -0.8529 0.2924 -0.4325
vn -0.7407 0.3608 -0.5667
vn -0.9721 0.1912 -0.1360
vn -0.9796 0.1592 -0.1225
vn -0.6651 0.5274 -0.5287
vn -0.9723 0.1769 -0.1525
vn -0.9711 0.1632 -0.1742
vn -0.6563 0.4647 0.5944
vn -0.5744 0.3479 0.7409
vn -0.5005 0.0920 0.8609
vn -0.5178 -0.0018 0.8555
vn -0.8369 0.3015 -0.4569
vn -0.9675 0.2260 -0.1132
vn -0.5569 0.2919 0.7776
vn -0.5621 0.0194 0.8268
vn -0.7551 0.5622 0.3373
vn -0.7229 0.6725 0.1587
vn -0.4531 0.7970 -0.3994
vn -0.3641 0.9180 -0.1576
vn -0.3580 0.7979 -0.4850
vn -0.3324 0.9361 -0.1148
vn -0.4143 0.7508 -0.5144
vn -0.4870 0.7732 -0.4062
vn -0.4982 0.8233 -0.2720
vn -0.3767 0.7371 -0.5611
vn -0.0904 -0.1689 0.9815
vn -0.5491 0.5678 0.6132
vn -0.3732 0.8196 -0.4347
vn -0.3800 0.8155 -0.4364
vn -0.4359 0.8570 0.2751
vn -0.2507 0.8957 0.3673
vn -0.7038 0.5814 0.4083
vn -0.6207 0.5733 0.5348
vn -0.6265 0.7757 0.0762
vn -0.8416 0.5398 0.0154
vn -0.5927 0.8042 -0.0434
vn -0.5494 0.7232 0.4185
vn -0.6239 0.7706 0.1304
vn -0.7058 0.5244 0.4763
vn -0.6480 0.6388 0.4147
vn -0.4461 0.8906 -0.0888
vn -0.6047 0.7937 -0.0663
vn -0.4614 0.8839 -0.0762
vn -0.6355 0.7676 -0.0834
vn -0.6197 0.7739 0.1307
vn -0.9830 0.1831 -0.0163
vn -0.9650 0.2624 0.0038
vn -0.9461 0.3152 -0.0740
vn -0.8164 0.2757 -0.5074
vn -0.7426 0.2927 -0.6024
vn -0.7993 0.3782 -0.4670
vn -0.7122 0.5846 -0.3885
vn -0.6000 0.5824 -0.5484
vn -0.8111 0.3722 -0.4511
vn -0.4637 0.8091 -0.3610
vn -0.3069 0.8478 -0.4324
vn -0.8719 0.4675 0.1454
vn -0.7328 0.2767 -0.6216
vn -0.2537 0.9322 -0.2582
vn -0.2341 0.9365 -0.2613
vn -0.1811 0.9475 -0.2635
vn -0.1278 0.9455 -0.2996
vn -0.6996 0.7091 -0.0880
vn 0.5021 0.7335 0.4580
vn -0.0157 0.4368 0.8994
vn -0.3944 0.4761 0.7860
vn -0.3985 0.4480 0.8003
vn -0.2276 0.4715 0.8520
vn -0.1307 0.4751 0.8702
vn -0.2351 0.9672 -0.0966
vn -0.4007 0.9085 -0.1185
vn -0.5166 0.8429 -0.1506
vn -0.5667 0.8143 -0.1255
vn -0.9941 -0.0551 0.0930
vn -0.9795 -0.0936 0.1783
vn -0.9669 0.0196 0.2542
vn -0.9662 0.1441 0.2138
vn -0.8595 0.4293 0.2774
vn -0.9839 0.0144 0.1781
vn -0.9805 0.1967 0.0002
vn -0.8618 0.5034 0.0621
vn -0.7422 0.6700 0.0136
vn -0.6742 0.7334 -0.0869
vn -0.5486 0.8123 -0.1979
vn -0.4826 0.7917 -0.3746
vn -0.3469 0.9034 -0.2519
vn -0.1252 0.9630 -0.2385
vn -0.9961 -0.0477 0.0748
vn -0.9811 -0.1682 0.0954
vn -0.9280 -0.3710 0.0338
vn -0.8464 -0.5318 -0.0278
vn -0.8734 -0.4785 -0.0903
vn -0.9556 -0.2945 0.0088
vn -0.9198 -0.1381 -0.3673
vn -0.8045 -0.2880 -0.5195
vn -0.9738 0.1921 -0.1214
vn -0.7044 -0.0029 -0.7098
vn -0.8689 0.1767 -0.4623
vn -0.8906 0.3691 -0.2656
vn -0.8100 0.5700 -0.1376
vn -0.7290 0.4952 -0.4726
vn -0.6136 0.2498 -0.7490
vn -0.5206 -0.3801 -0.7645
vn -0.5231 -0.2896 -0.8016
vn -0.7058 -0.2888 -0.6469
vn -0.7844 -0.5503 -0.2863
vn -0.5010 -0.6479 -0.5737
vn -0.4363 -0.8043 -0.4033
vn -0.0502 -0.8578 -0.5115
vn -0.6988 -0.7028 -0.1334
vn -0.3919 -0.8932 -0.2205
vn -0.2675 0.8433 -0.4661
vn -0.3085 0.8082 -0.5016
vn -0.0489 0.8730 -0.4852
vn -0.4159 0.5736 -0.7057
vn -0.0826 -0.8460 -0.5267
vn -0.3623 -0.6861 -0.6309
vn -0.0285 -0.7888 -0.6140
vn -0.2985 -0.6544 -0.6948
vn -0.6672 0.7145 -0.2105
vn -0.4795 0.7298 -0.4872
vn -0.5804 0.3146 -0.7511
vn -0.5173 -0.3706 -0.7714
vn -0.3347 -0.6674 -0.6652
vn -0.0163 -0.7775 -0.6287
vn 0.0086 -0.9613 -0.2752
vn -0.0141 -0.9887 -0.1491
vn -0.2335 -0.9625 -0.1385
vn -0.2194 -0.9392 -0.2642
vn -0.0629 -0.9965 -0.0558
vn -0.2456 -0.9671 -0.0664
vn -0.2487 -0.9653 -0.0790
vn -0.2717 -0.9508 -0.1485
vn -0.3074 -0.9093 -0.2805
vn -0.4321 0.8120 -0.3923
vn -0.3122 0.7410 -0.5945
vn -0.5735 0.2764 -0.7712
vn -0.5904 -0.3075 -0.7462
vn -0.4530 -0.5892 -0.6690
vn -0.0117 0.8686 -0.4953
vn -0.1153 0.7498 -0.6515
vn -0.3471 0.6781 -0.6479
vn -0.2687 0.6406 -0.7193
vn -0.1735 0.7538 -0.6337
vn -0.1179 0.6762 -0.7272
vn -0.3976 0.3803 -0.8350
vn -0.5466 -0.1211 -0.8286
vn -0.4136 -0.5043 -0.7580
vn -0.3834 -0.6936 -0.6098
vn -0.3122 -0.6537 -0.6893
vn -0.2333 -0.7881 -0.5696
vn -0.2131 -0.9508 -0.2249
vn -0.2400 -0.8983 -0.3681
vn -0.2923 0.1542 -0.9438
vn -0.3813 -0.0516 -0.9230
vn -0.1071 0.8841 -0.4549
vn -0.3675 0.8336 -0.4124
vn -0.3878 0.6331 -0.6699
vn -0.5706 0.6677 -0.4781
vn -0.3284 0.9218 -0.2060
vn -0.6452 0.7316 -0.2202
vn -0.7574 0.6342 0.1551
vn -0.4869 0.8502 0.2000
vn -0.3955 0.8035 0.4451
vn -0.7198 0.3849 0.5776
vn 0.2284 0.9069 -0.3541
vn 0.1750 0.9845 -0.0107
vn -0.0876 0.9817 0.1688
vn -0.0092 0.9503 -0.3111
vn -0.1931 0.9500 -0.2454
vn -0.2964 0.9353 0.1935
vn -0.3860 0.9036 -0.1859
vn -0.4753 0.7789 0.4090
vn -0.6060 0.7104 0.3579
vn -0.4917 0.8529 -0.1756
vn -0.3163 0.6327 -0.7069
vn -0.3995 0.8154 -0.4189
vn -0.2160 0.7406 -0.6362
vn -0.2208 0.4833 -0.8472
vn -0.1831 0.5303 -0.8278
vn -0.0936 0.8140 -0.5733
vn -0.1025 0.6154 -0.7815
vn 0.0551 0.8115 -0.5818
vn 0.1413 0.6657 -0.7327
vn 0.3322 0.7403 -0.5845
vn 0.2701 0.6847 -0.6769
vn -0.2788 0.8635 -0.4203
vn -0.1439 0.9019 -0.4072
vn 0.0500 0.8931 -0.4470
vn 0.2710 0.8527 -0.4466
vn -0.6724 0.5704 0.4716
vn -0.5305 0.7767 0.3395
vn -0.3561 0.8863 0.2960
vn -0.1368 0.9852 0.1029
vn 0.0651 0.9975 -0.0259
vn -0.0471 0.6954 -0.7171
vn -0.0161 0.8109 -0.5849
vn -0.1117 0.5047 -0.8561
vn -0.4077 0.6153 0.6747
vn -0.7915 0.3956 0.4659
vn -0.8895 0.3890 0.2395
vn -0.6217 0.4491 0.6417
vn -0.6505 0.1061 0.7520
vn -0.9340 0.1617 0.3185
vn -0.4538 -0.1063 0.8847
vn -0.6140 -0.2001 0.7635
vn -0.9253 -0.0479 0.3762
vn -0.8447 -0.2203 0.4878
vn -0.6354 -0.2905 0.7155
vn -0.7016 -0.4706 0.5350
vn -0.3623 -0.6324 0.6847
vn -0.4856 -0.7972 0.3586
vn -0.2550 -0.9638 -0.0779
vn -0.3777 -0.9157 -0.1375
vn -0.1741 -0.9840 -0.0391
vn -0.1756 -0.9821 0.0686
vn -0.2575 -0.9645 -0.0592
vn -0.1631 -0.9487 -0.2709
vn -0.3462 -0.3698 -0.8622
vn -0.2823 -0.5518 -0.7847
vn -0.1931 -0.8700 -0.4536
vn -0.8242 0.5129 0.2402
vn -0.8658 0.4664 0.1810
vn -0.7628 -0.3586 0.5380
vn -0.9223 -0.0877 0.3765
vn -0.9224 0.2394 0.3030
vn -0.5106 -0.5680 0.6455
vn -0.4981 -0.6176 0.6086
vn -0.4016 -0.7545 0.5191
vn -0.3126 -0.9147 0.2562
vn -0.2699 -0.9623 0.0330
vn -0.2979 -0.9539 0.0348
vn -0.1803 -0.7460 0.6410
vn -0.1815 -0.7635 0.6198
vn 0.1329 -0.7849 0.6052
vn 0.0597 -0.8623 0.5028
vn 0.0999 -0.8410 0.5317
vn -0.1489 -0.8500 0.5053
vn -0.1463 -0.9380 0.3143
vn 0.0362 -0.9468 0.3198
vn 0.0397 -0.9912 0.1265
vn -0.2212 -0.9733 0.0609
vn 0.0756 -0.8293 -0.5536
vn -0.0059 -0.9459 0.3245
vn -0.2945 -0.8750 0.3843
vn -0.5864 -0.7828 0.2084
vn -0.8862 -0.4337 0.1632
vn -0.9826 -0.0869 0.1642
vn -0.9474 0.2126 0.2393
vn -0.8392 0.5046 0.2030
vn -0.8052 0.5402 0.2446
vn -0.7027 0.6856 0.1901
vn -0.6480 0.7323 0.2093
vn -0.4217 0.8866 0.1899
vn -0.5104 0.8406 0.1813
vn -0.6719 0.7334 0.1035
vn -0.7178 0.6913 0.0828
vn -0.6086 0.7849 0.1168
vn -0.5167 0.8510 -0.0942
vn -0.3742 0.9266 0.0384
vn -0.2900 0.9385 -0.1875
vn -0.0282 0.9787 -0.2034
vn -0.1072 0.9937 -0.0328
vn -0.1965 0.9692 0.1485
vn -0.1171 0.9766 0.1803
vn -0.1716 0.9729 0.1553
vn -0.5030 0.8442 0.1852
vn -0.6578 0.7396 0.1424
vn -0.8389 0.5442 0.0083
vn -0.9670 0.2537 -0.0239
vn -0.9928 -0.0829 -0.0870
vn -0.8436 -0.5041 -0.1848
vn -0.0514 -0.9987 -0.0005
vn -0.2344 -0.9646 -0.1209
vn -0.4390 -0.8584 -0.2653
vn -0.2096 0.9645 0.1604
vn -0.4726 0.8797 0.0524
vn -0.5612 0.8277 0.0032
vn -0.7110 0.6958 -0.1020
vn -0.9190 0.3207 -0.2293
vn -0.9744 -0.0829 -0.2091
vn -0.7914 -0.5642 -0.2355
vn -0.4424 -0.8346 -0.3283
vn -0.1522 -0.9090 -0.3881
vn -0.0596 -0.9327 -0.3556
vn -0.0560 0.9820 -0.1803
vn -0.0396 0.9755 0.2163
vn -0.2787 0.9199 -0.2757
vn -0.2228 0.9745 0.0276
vn 0.0047 0.9486 -0.3165
vn -0.2430 0.8802 -0.4077
vn -0.8270 0.2931 -0.4798
vn -0.8924 0.4297 -0.1378
vn -0.6517 0.7503 -0.1108
vn -0.6080 0.6962 -0.3816
vn -0.8426 -0.0399 -0.5370
vn -0.9709 0.0720 -0.2283
vn -0.8790 -0.4193 -0.2270
vn -0.7845 -0.3732 -0.4953
vn -0.6289 -0.6261 -0.4610
vn -0.6362 -0.7614 -0.1247
vn -0.3690 -0.8385 -0.4010
vn -0.2623 -0.8063 -0.5302
vn -0.2406 -0.7339 -0.6352
vn -0.3513 -0.0757 -0.9332
vn -0.2870 0.1476 -0.9465
vn -0.4226 -0.0586 -0.9044
vn -0.3899 0.0931 -0.9161
vn -0.2455 0.6177 -0.7471
vn -0.3178 0.3281 -0.8896
vn -0.4651 0.3635 -0.8072
vn -0.4194 0.2122 -0.8826
vn -0.7802 -0.0376 -0.6243
vn -0.7667 0.2332 -0.5981
vn -0.0488 0.8498 -0.5248
vn -0.1007 0.7498 -0.6539
vn -0.2141 0.4494 -0.8673
vn -0.1979 0.8034 -0.5616
vn -0.5784 0.6167 -0.5340
vn -0.4791 0.5759 -0.6624
vn -0.7068 -0.0441 -0.7061
vn -0.6859 0.2277 -0.6911
vn -0.6031 -0.0609 -0.7954
vn -0.5853 0.1041 -0.8041
vn -0.4870 0.0558 -0.8716
vn -0.4998 -0.0356 -0.8654
vn -0.5237 -0.1438 -0.8397
vn -0.4459 -0.2120 -0.8696
vn -0.3773 -0.2759 -0.8840
vn -0.5913 -0.1889 -0.7840
vn -0.4794 -0.3396 -0.8092
vn -0.3753 -0.4324 -0.8198
vn -0.4074 -0.6973 -0.5897
vn -0.2253 -0.8854 -0.4067
vn -0.0023 -0.9013 -0.4331
vn -0.6655 -0.2402 -0.7067
vn -0.7370 -0.2802 -0.6151
vn -0.6019 -0.5246 -0.6021
vn -0.3493 -0.8175 -0.4579
vn -0.3903 -0.5630 -0.7285
vn -0.5332 -0.4614 -0.7091
vn -0.0130 0.9692 0.2460
vn -0.0472 0.9429 0.3298
vn -0.4939 0.8695 0.0085
vn -0.8337 0.4889 -0.2568
vn -0.9127 0.0003 -0.4087
vn -0.7901 -0.4525 -0.4135
vn -0.5759 -0.7449 -0.3368
vn -0.2787 -0.9380 0.2059
vn -0.7002 0.5068 -0.5028
vn -0.7632 0.0597 -0.6434
vn -0.7219 -0.1919 -0.6648
vn -0.7035 0.0369 -0.7098
vn -0.6084 -0.2692 -0.7466
vn -0.4476 0.1610 -0.8796
vn -0.4861 -0.3127 -0.8161
vn -0.3981 -0.1619 -0.9030
vn 0.8231 -0.3781 0.4237
vn 0.5913 -0.7386 0.3238
vn 0.3578 -0.6264 0.6925
vn 0.2071 -0.4135 0.8866
vn -0.6065 0.7678 -0.2064
vn -0.5067 0.8017 -0.3170
vn -0.3251 0.9434 0.0653
vn -0.1854 0.9817 -0.0432
vn -0.3035 0.9516 0.0480
vn -0.1090 0.9253 0.3632
vn -0.1277 0.9284 0.3490
vn -0.4091 0.9104 0.0620
vn 0.1660 0.9803 0.1074
vn 0.2031 0.9573 0.2058
vn -0.0006 0.9949 -0.1007
vn 0.1737 0.9667 0.1877
vn -0.0171 0.9589 0.2833
vn 0.2812 0.9589 0.0391
vn -0.9264 0.2257 0.3015
vn -0.9648 0.0412 0.2598
vn -0.9520 0.2580 0.1649
vn -0.9767 -0.0547 0.2073
vn 0.2866 0.8416 0.4578
vn 0.5382 0.7779 0.3243
vn 0.3489 0.6337 0.6905
vn 0.7033 0.4886 0.5163
vn 0.5160 0.7572 0.4004
vn 0.6969 0.4803 0.5326
vn 0.3368 0.3366 0.8794
vn 0.7964 0.2586 0.5467
vn 0.7685 0.2610 0.5841
vn 0.5932 0.5030 0.6286
vn 0.7167 0.2916 0.6335
vn 0.3749 0.7663 0.5217
vn -0.5960 0.7659 -0.2411
vn -0.7081 0.5150 -0.4832
vn -0.8440 0.1029 -0.5263
vn -0.8718 -0.1282 -0.4727
vn -0.8472 -0.3053 -0.4348
vn -0.7647 -0.1533 -0.6259
vn -0.8070 -0.3304 -0.4895
vn 0.7689 -0.4165 0.4852
vn 0.3769 -0.8503 0.3673
vn -0.1139 -0.9728 0.2019
vn 0.3330 -0.8097 0.4833
vn -0.1296 -0.9726 0.1932
vn 0.3284 -0.7454 0.5801
vn -0.5155 -0.2927 -0.8053
vn -0.4230 -0.4072 -0.8095
vn -0.4858 -0.8556 -0.1789
vn -0.2317 -0.9321 -0.2783
vn -0.2149 -0.9172 -0.3354
vn -0.5895 -0.0217 -0.8075
vn -0.3530 0.5096 -0.7847
vn -0.3512 0.4249 -0.8343
vn -0.3151 -0.9475 0.0541
vn -0.2506 -0.9665 0.0547
vn 0.3580 -0.7115 0.6047
vn 0.0592 -0.8975 0.4370
vn 0.3202 -0.8452 0.4280
vn 0.0809 -0.9726 0.2181
vn -0.1995 -0.9398 -0.2774
vn -0.3967 -0.7981 -0.4535
vn 0.6399 -0.3227 0.6974
vn 0.6535 -0.3619 0.6648
vn 0.4792 -0.6996 0.5300
vn 0.7513 -0.3915 0.5313
vn 0.1062 -0.9782 0.1787
vn -0.4733 -0.4033 -0.7832
vn -0.0217 -0.9922 0.1231
vn 0.0088 -0.9999 -0.0080
vn 0.2465 0.7757 0.5809
vn 0.5309 0.5796 0.6182
vn 0.7151 0.3613 0.5984
vn -0.5187 -0.1339 -0.8444
vn -0.4960 -0.7176 -0.4889
vn -0.6430 -0.6728 -0.3659
vn -0.5152 -0.8245 -0.2342
vn -0.3518 -0.9278 -0.1241
vn 0.2220 -0.9610 0.1646
vn -0.1620 -0.9839 -0.0751
vn 0.3918 -0.8731 0.2900
vn 0.6062 -0.6780 0.4157
vn 0.7145 -0.3926 0.5791
vn -0.7490 -0.3634 -0.5540
vn -0.8421 0.1284 -0.5238
vn -0.3635 -0.6974 -0.6177
vn -0.5136 -0.8391 -0.1792
vn -0.4870 -0.8659 -0.1139
vn -0.4152 -0.8773 -0.2406
vn -0.3250 -0.8875 -0.3267
vn -0.6640 0.6263 -0.4083
vn -0.1196 0.8677 -0.4825
vn -0.4618 0.8698 -0.1737
vn 0.4886 -0.6998 0.5212
vn 0.6554 -0.4375 0.6157
vn 0.1593 -0.9611 0.2254
vn 0.1920 0.9715 -0.1390
vn 0.4171 0.9081 -0.0358
vn 0.5625 0.8260 0.0376
vn 0.1629 0.8148 0.5564
vn 0.7631 0.6426 0.0692
vn 0.4167 0.7083 0.5699
vn 0.5204 0.5226 0.6753
vn 0.7368 0.4554 0.4997
vn 0.6587 0.2597 0.7062
vn 0.8519 0.1468 0.5028
vn 0.7473 -0.1186 0.6539
vn 0.8639 -0.1951 0.4644
vn -0.7112 -0.3714 -0.5968
vn -0.5622 -0.7413 -0.3666
vn -0.3036 -0.4773 -0.8246
vn -0.3363 0.4842 -0.8078
vn -0.2237 0.2891 -0.9308
vn -0.4295 -0.7877 -0.4416
vn -0.5807 -0.8085 -0.0956
vn -0.7414 0.0954 -0.6643
vn -0.1869 0.6918 -0.6975
vn -0.0896 0.7707 -0.6308
vn -0.0268 0.8394 -0.5428
vn -0.3785 0.6888 -0.6183
vn -0.6877 0.7245 0.0453
vn -0.3607 0.8605 -0.3599
vn -0.8014 0.1325 -0.5832
vn -0.5976 -0.7982 -0.0758
vn -0.4451 -0.8920 0.0793
vn -0.3946 -0.9087 0.1361
vn -0.6423 -0.7405 0.1977
vn -0.7214 -0.2812 0.6328
vn -0.9363 0.3499 -0.0303
vn -0.7815 0.5203 0.3443
vn -0.7776 -0.3423 -0.5274
vn -0.6905 -0.5645 -0.4522
vn -0.7309 -0.3839 -0.5643
vn -0.7127 -0.5691 -0.4101
vn -0.6176 -0.6137 -0.4919
vn 0.5665 -0.2095 0.7970
vn 0.8583 -0.1673 0.4850
vn 0.8022 -0.1031 0.5881
vn 0.7149 -0.0832 0.6943
vn 0.7579 -0.1333 0.6386
vn 0.4242 0.0442 0.9045
vn 0.8389 0.0572 0.5412
vn 0.7981 0.0817 0.5970
vn 0.7470 0.0654 0.6616
vn 0.8074 0.0588 0.5870
vn -0.0285 0.6915 -0.7218
vn 0.7246 -0.0369 0.6882
vn 0.8151 0.2919 0.5004
vn -0.2049 -0.9788 0.0026
vn -0.0033 -0.9107 0.4131
vn 0.3573 -0.7338 0.5779
vn 0.5740 -0.5062 0.6437
vn 0.9202 -0.1770 0.3491
vn 0.9665 0.1753 0.1873
vn 0.8252 0.5614 0.0622
vn 0.6778 0.6978 -0.2316
vn 0.6020 0.7297 -0.3242
vn 0.4642 0.7437 -0.4810
vn -0.1063 0.7893 -0.6047
vn 0.2882 0.8717 -0.3963
vn 0.5207 0.8328 -0.1880
vn 0.5773 0.8151 0.0493
vn 0.6247 0.6861 0.3728
vn 0.6767 0.3374 0.6544
vn 0.6588 -0.1205 0.7426
vn 0.4714 -0.4516 0.7575
vn 0.2851 -0.6939 0.6612
vn -0.0281 -0.8733 0.4863
vn -0.3358 -0.9210 0.1974
vn -0.5654 -0.8228 -0.0579
vn -0.6424 -0.7663 -0.0123
vn -0.4212 -0.8684 0.2616
vn -0.1479 -0.8421 0.5186
vn 0.2052 -0.6521 0.7298
vn 0.4288 -0.3673 0.8253
vn 0.5459 -0.0464 0.8366
vn 0.6365 0.3360 0.6943
vn 0.6664 0.6232 0.4094
vn 0.6356 0.7682 0.0770
vn 0.4727 0.8599 -0.1927
vn 0.2046 0.8943 -0.3980
vn -0.2052 0.7767 -0.5956
vn -0.1225 0.9893 -0.0796
vn -0.3148 0.9375 -0.1485
vn -0.3428 0.9299 -0.1330
vn -0.3765 0.9172 -0.1301
vn -0.4586 0.8638 -0.2086
vn -0.5894 0.7344 -0.3365
vn -0.7715 0.4981 -0.3958
vn -0.8573 0.3146 -0.4076
vn -0.8814 0.1853 -0.4345
vn -0.8788 0.1529 -0.4521
vn -0.1657 0.9742 -0.1531
vn -0.2024 0.9665 -0.1578
vn -0.2218 0.9300 -0.2930
vn -0.3659 0.8786 -0.3069
vn -0.4329 0.8388 -0.3302
vn -0.4673 0.7849 -0.4069
vn -0.5631 0.6317 -0.5328
vn -0.8383 0.1153 -0.5330
vn -0.8135 0.0061 -0.5815
vn -0.7992 -0.1770 -0.5743
vn -0.8370 -0.2900 -0.4641
vn -0.2122 0.8528 -0.4771
vn -0.3660 0.8061 -0.4650
vn -0.3908 0.6875 -0.6121
vn -0.2109 0.7196 -0.6616
vn -0.2309 0.5447 -0.8062
vn -0.4136 0.5400 -0.7330
vn -0.6440 0.4647 -0.6078
vn 0.0711 0.9361 -0.3445
vn 0.0439 0.9308 -0.3628
vn -0.6622 -0.7005 -0.2660
vn -0.8384 -0.5199 -0.1636
vn -0.4023 -0.8379 -0.3688
vn -0.9430 -0.3213 -0.0870
vn -0.9060 -0.3266 -0.2693
vn -0.8040 -0.4697 -0.3647
vn -0.6208 -0.6108 -0.4914
vn -0.3815 -0.7017 -0.6017
vn -0.1362 0.4106 -0.9016
vn -0.3325 0.7529 -0.5680
vn -0.7429 -0.3977 -0.5385
vn -0.5711 -0.4719 -0.6717
vn -0.3296 -0.5144 -0.7917
vn -0.3946 -0.8574 -0.3304
vn -0.3413 -0.4983 -0.7970
vn -0.3420 -0.5420 -0.7676
vn -0.6321 -0.7590 -0.1564
vn -0.7097 -0.2634 -0.6534
vn -0.5112 -0.2957 -0.8070
vn -0.2622 -0.3198 -0.9105
vn -0.4584 -0.3165 -0.8305
vn -0.3459 -0.3447 -0.8727
vn -0.7106 0.2777 -0.6464
vn -0.7371 0.1430 -0.6605
vn -0.7070 0.0193 -0.7069
vn -0.6918 -0.1172 -0.7125
vn -0.4838 -0.1447 -0.8631
vn -0.2376 -0.1718 -0.9560
vn -0.2510 -0.1973 -0.9477
vn -0.5237 -0.0067 -0.8518
vn -0.4885 0.0149 -0.8725
vn -0.2308 0.0107 -0.9729
vn -0.4883 0.1858 -0.8527
vn -0.4479 0.3816 -0.8086
vn -0.2128 0.4086 -0.8876
vn -0.2159 0.2246 -0.9502
vn -0.6846 -0.7273 0.0488
vn -0.4697 -0.8328 0.2928
vn -0.1583 -0.7913 0.5906
vn 0.1205 -0.5938 0.7955
vn 0.3531 -0.3369 0.8728
vn 0.5165 -0.0208 0.8561
vn 0.6242 0.3154 0.7148
vn 0.6947 0.5615 0.4496
vn 0.6375 0.7605 0.1237
vn 0.4185 0.8978 -0.1370
vn 0.4410 0.8805 -0.1737
vn 0.7094 0.6862 0.1608
vn 0.7408 0.4234 0.5214
vn 0.6310 0.2507 0.7342
vn 0.4937 0.0116 0.8696
vn 0.3302 -0.2280 0.9160
vn 0.1113 -0.4886 0.8654
vn -0.4909 -0.7995 0.3462
vn -0.1821 -0.7189 0.6708
vn -0.7038 -0.7048 0.0890
vn -0.4340 -0.8613 0.2643
vn -0.7491 -0.6618 0.0288
vn -0.8186 0.2785 -0.5024
vn -0.9193 -0.0040 -0.3935
vn -0.9237 -0.2585 -0.2828
vn -0.2257 0.9681 0.1087
vn -0.2863 0.9503 0.1227
vn -0.1184 0.8084 0.5766
vn -0.1220 0.9415 0.3141
vn -0.4608 0.8765 -0.1394
vn -0.5941 0.7805 -0.1948
vn -0.8842 0.3902 -0.2570
vn -0.9640 -0.1441 -0.2235
vn -0.8574 -0.4983 -0.1285
vn -0.0579 -0.9356 -0.3484
vn -0.2558 -0.9313 -0.2592
vn -0.5926 -0.7836 -0.1863
vn 0.8022 -0.1362 0.5813
vn 0.3291 -0.5258 0.7844
vn 0.6144 -0.7302 0.2988
vn 0.9331 -0.3199 0.1645
vn 0.0412 -0.8487 0.5273
vn 0.1845 -0.9118 0.3668
vn -0.2029 -0.9360 0.2877
vn -0.3076 -0.8942 0.3254
vn -0.0447 0.9712 0.2338
vn 0.2711 0.6517 0.7083
vn -0.5271 -0.8471 0.0679
vn -0.5709 -0.8043 0.1645
vn -0.7892 -0.6102 -0.0698
vn -0.7530 -0.6505 -0.0992
vn -0.9618 -0.2067 -0.1797
vn -0.9486 -0.2045 -0.2414
vn -0.9211 0.3490 -0.1725
vn -0.8960 0.3494 -0.2741
vn -0.5963 0.7893 -0.1463
vn -0.6074 0.7605 -0.2294
vn -0.2194 0.9741 -0.0542
vn -0.3585 0.9291 -0.0910
vn 0.2241 0.9628 0.1508
vn 0.6510 0.7256 0.2230
vn 0.0976 -0.7791 0.6193
vn 0.0298 -0.9359 0.3510
vn -0.0417 -0.9990 -0.0139
vn -0.2875 -0.9547 -0.0771
vn -0.5871 -0.8066 -0.0681
vn -0.1823 -0.9620 0.2032
vn -0.4676 -0.8772 0.1086
vn 0.9593 -0.0047 0.2825
vn 0.9789 0.1420 0.1470
vn -0.9339 0.0195 -0.3569
vn -0.9470 -0.2288 -0.2255
vn -0.9491 0.1224 0.2901
vn -0.9348 0.3407 0.1003
vn 0.8588 0.2471 0.4487
vn 0.8805 0.4521 0.1423
vn -0.7842 0.5650 0.2566
vn -0.8340 0.3212 -0.4486
vn -0.6113 0.7773 0.1486
vn -0.6245 0.7517 0.2121
vn -0.2946 0.9208 0.2557
vn -0.2623 0.9430 0.2047
vn 0.2749 0.9524 0.1317
vn -0.1746 0.9809 0.0853
vn -0.6090 0.7928 0.0243
vn -0.9279 0.3692 -0.0521
vn -0.9758 -0.1937 -0.1019
vn -0.7947 -0.6021 -0.0770
vn -0.4606 -0.8876 0.0046
vn -0.0849 -0.9938 0.0713
vn 0.2308 -0.9717 0.0492
vn 0.6115 -0.7870 0.0817
vn 0.9259 -0.3396 0.1655
vn 0.9652 0.1142 0.2351
vn -0.3495 0.7845 -0.5123
vn -0.4929 0.8681 -0.0584
vn 0.8647 0.4456 0.2317
vn 0.6178 0.7625 0.1922
vn 0.1681 0.9568 0.2373
vn 0.5604 0.7742 0.2941
vn 0.8326 0.4556 0.3149
vn 0.9484 0.1484 0.2803
vn 0.9306 -0.2861 0.2282
vn -0.3790 0.8691 -0.3178
vn -0.0722 0.8833 -0.4632
vn 0.6079 -0.7874 0.1028
vn 0.1891 -0.9814 0.0329
vn -0.1247 -0.9921 0.0142
vn -0.4437 -0.8962 -0.0043
vn -0.7789 -0.6265 -0.0288
vn -0.9870 -0.1582 -0.0273
vn -0.8909 0.4491 0.0677
vn 0.0878 0.9448 0.3155
vn 0.4906 0.7873 0.3734
vn 0.7901 0.4815 0.3794
vn 0.9200 0.1906 0.3426
vn 0.8992 -0.2478 0.3605
vn -0.2182 0.8385 -0.4993
vn 0.5900 -0.7715 0.2380
vn 0.1378 -0.9830 0.1213
vn -0.1720 -0.9825 0.0713
vn -0.4317 -0.9012 0.0389
vn -0.7831 -0.6218 0.0037
vn -0.9896 -0.1411 0.0281
vn -0.9123 0.3859 0.1368
vn -0.4705 -0.8820 0.0284
vn -0.1709 -0.9830 0.0665
vn -0.0852 -0.9955 -0.0414
vn 0.0346 -0.9822 -0.1848
vn -0.3351 -0.8985 -0.2834
vn -0.4427 -0.8865 -0.1348
vn -0.2668 -0.8920 -0.3650
vn 0.1086 -0.9425 -0.3161
vn 0.1318 -0.6748 -0.7261
vn 0.1140 -0.5036 -0.8564
vn -0.0315 -0.5266 -0.8495
vn -0.1011 -0.4677 -0.8781
vn 0.1476 0.9455 0.2901
vn -0.3082 0.9429 0.1262
vn -0.3552 0.9244 0.1392
vn 0.2686 0.9334 0.2379
vn 0.1751 0.8582 0.4825
vn -0.3937 0.8349 0.3846
vn 0.1205 0.8446 0.5216
vn -0.4054 0.8312 0.3804
vn 0.0182 0.9617 -0.2735
vn -0.1739 0.8385 -0.5165
vn -0.6736 0.7296 0.1180
vn -0.9264 0.3423 0.1570
vn -0.9820 -0.1848 0.0392
vn -0.7654 -0.6415 -0.0509
vn 0.1463 -0.9709 0.1896
vn 0.5881 -0.7265 0.3553
vn 0.8635 -0.2232 0.4522
vn 0.8636 0.2256 0.4509
vn 0.0963 0.8963 -0.4328
vn 0.7381 0.4768 0.4774
vn 0.4937 0.7384 0.4593
vn -0.7634 0.6388 0.0955
vn -0.9501 0.2846 0.1275
vn -0.9909 -0.1341 -0.0079
vn -0.7965 -0.5816 -0.1654
vn 0.2540 -0.9569 0.1408
vn 0.6593 -0.6875 0.3046
vn 0.9079 -0.1887 0.3744
vn 0.8631 0.2303 0.4495
vn 0.5190 0.8296 -0.2059
vn 0.7029 0.5232 0.4819
vn 0.5891 0.7178 0.3710
vn 0.5811 0.6923 0.4278
vn 0.7197 0.5691 0.3977
vn 0.9721 -0.1056 0.2096
vn 0.8667 0.3202 0.3824
vn 0.7586 0.6000 0.2541
vn 0.7710 -0.6342 0.0576
vn 0.3750 -0.9250 -0.0618
vn -0.7691 -0.5732 -0.2829
vn -0.9929 -0.0725 -0.0942
vn -0.9495 0.3041 0.0766
vn -0.8148 0.5439 0.2007
vn 0.5210 0.7185 0.4608
vn 0.7575 0.5515 0.3494
vn 0.9122 0.2761 0.3029
vn 0.9926 -0.0143 0.1204
vn 0.7138 0.3395 0.6126
vn 0.8393 -0.5332 -0.1060
vn 0.4334 -0.8649 -0.2530
vn -0.7450 -0.5606 -0.3615
vn -0.9773 -0.0227 -0.2106
vn -0.9298 0.3623 -0.0651
vn -0.8091 0.5769 0.1118
vn 0.3246 -0.5112 -0.7958
vn 0.6533 -0.1736 -0.7370
vn 0.8248 0.2161 -0.5224
vn 0.8934 0.4473 -0.0428
vn 0.6330 0.1812 0.7527
vn 0.6373 0.7615 -0.1180
vn 0.3393 0.9303 -0.1394
vn -0.4236 0.7870 -0.4486
vn -0.6648 0.5228 -0.5336
vn -0.6365 0.1139 -0.7628
vn -0.3010 -0.2883 -0.9090
vn -0.5002 -0.3754 -0.7803
vn -0.5982 0.0701 -0.7983
vn -0.6379 0.4643 -0.6144
vn -0.4018 0.7367 -0.5440
vn -0.1679 0.8971 -0.4087
vn 0.1304 0.8574 -0.4979
vn 0.3510 0.8301 -0.4333
vn 0.5335 0.7649 -0.3611
vn 0.6739 0.5419 -0.5022
vn 0.6513 0.2104 -0.7291
vn 0.5221 -0.0184 0.8527
vn 0.7051 -0.2541 -0.6620
vn 0.2821 -0.3602 -0.8892
vn -0.7737 0.1525 -0.6149
vn -0.8071 -0.4383 -0.3955
vn -0.7444 -0.4646 -0.4796
vn -0.9351 0.0103 -0.3542
vn -0.7830 0.6113 0.1148
vn -0.6674 0.5210 0.5321
vn -0.5097 0.8499 0.1339
vn -0.7837 0.5367 0.3127
vn -0.7906 -0.0861 0.6063
vn -0.8958 0.0523 0.4414
vn -0.6147 -0.7885 -0.0184
vn -0.6943 -0.6652 0.2746
vn -0.6991 -0.6115 0.3707
vn -0.8364 -0.5476 0.0236
vn -0.9826 0.1724 0.0691
vn -0.8643 0.2942 -0.4079
vn -0.6945 0.6888 -0.2080
vn -0.7353 0.4148 -0.5360
vn -0.7044 0.6984 -0.1264
vn -0.9890 -0.1246 0.0794
vn -0.8277 -0.2301 0.5118
vn -0.7624 -0.3792 0.5243
vn -0.5509 0.8321 0.0634
vn -0.2152 0.9654 0.1470
vn -0.6579 -0.7115 -0.2469
vn -0.2419 -0.9170 -0.3172
vn 0.1766 -0.9273 -0.3302
vn 0.5396 -0.7520 -0.3787
vn 0.9006 -0.3539 -0.2525
vn 0.9544 0.1826 -0.2362
vn 0.8021 0.5939 -0.0628
vn 0.3636 -0.2190 0.9055
vn 0.6515 0.7585 -0.0137
vn 0.4976 0.8671 -0.0224
vn 0.1376 0.9868 0.0850
vn -0.6373 -0.7675 0.0699
vn -0.5761 -0.7874 0.2191
vn -0.2308 -0.9713 -0.0569
vn -0.2455 -0.9474 0.2052
vn 0.1230 -0.9923 -0.0127
vn 0.1163 -0.9747 0.1910
vn 0.5460 -0.8315 -0.1022
vn 0.5033 -0.8481 0.1657
vn 0.8971 -0.4405 -0.0341
vn 0.8532 -0.4923 0.1725
vn 0.9871 0.1591 0.0189
vn 0.9812 0.0681 0.1804
vn 0.8320 0.5504 0.0688
vn 0.8556 0.4857 0.1789
vn 0.1647 -0.4546 0.8753
vn 0.6961 0.7176 0.0209
vn 0.6999 0.6876 0.1931
vn 0.4308 0.8977 0.0925
vn 0.4214 0.8862 0.1926
vn 0.0561 0.9865 0.1540
vn 0.0328 0.9854 0.1669
vn -0.2885 0.9409 0.1777
vn -0.3260 0.9263 0.1892
vn -0.5738 0.8076 0.1363
vn -0.5592 0.8148 0.1528
vn -0.7707 0.6366 0.0261
vn -0.9089 0.1642 -0.3834
vn -0.9241 -0.2547 -0.2849
vn -0.7444 -0.6675 0.0185
vn -0.5770 0.8022 0.1532
vn -0.2937 0.9441 0.1497
vn 0.0214 0.9746 0.2231
vn 0.4081 0.8805 0.2410
vn 0.6847 0.6817 0.2579
vn 0.8525 0.4574 0.2531
vn 0.9649 0.1226 0.2321
vn -0.1227 -0.6703 0.7319
vn 0.8792 -0.4226 0.2201
vn 0.4650 -0.8595 0.2122
vn 0.0473 -0.9773 0.2063
vn -0.3193 -0.9224 0.2174
vn -0.6099 -0.7666 0.2008
vn -0.9793 0.0346 -0.1995
vn -0.8018 0.5752 -0.1618
vn -0.8839 -0.2226 -0.4112
vn -0.6654 -0.7192 -0.2001
vn -0.4709 -0.8789 0.0757
vn -0.6089 -0.7876 0.0939
vn -0.5327 -0.8286 0.1722
vn 0.4173 -0.8841 0.2103
vn 0.0830 -0.9852 0.1498
vn -0.2390 -0.9604 0.1430
vn 0.8568 -0.4750 0.2008
vn 0.9646 0.0550 0.2579
vn 0.8541 0.4370 0.2821
vn -0.4308 -0.7657 0.4776
vn 0.7424 0.6223 0.2482
vn 0.5095 0.8369 0.2000
vn 0.0705 0.9889 0.1308
vn -0.2642 0.9623 0.0653
vn -0.6231 0.7752 0.1040
vn -0.5939 0.7910 0.1472
vn -0.8382 0.5165 0.1752
vn -0.9832 -0.0117 0.1823
vn -0.8986 -0.3989 0.1827
vn -0.7102 -0.6832 0.1699
vn -0.7125 0.4713 0.5198
vn -0.8505 0.5013 0.1589
vn -0.8952 -0.0195 0.4452
vn -0.7980 -0.4036 0.4476
vn -0.4696 -0.8027 0.3676
vn -0.5617 -0.8096 0.1704
vn -0.5283 -0.8437 0.0952
vn -0.2217 -0.9726 0.0700
vn 0.1627 -0.9831 0.0842
vn 0.4536 -0.8671 0.2060
vn 0.7705 -0.5751 0.2749
vn 0.9710 -0.0120 0.2390
vn 0.8919 0.4109 0.1889
vn -0.5160 -0.8169 0.2576
vn 0.7924 0.6001 0.1091
vn 0.5332 0.8449 0.0433
vn 0.1502 0.9850 -0.0845
vn -0.3250 0.9180 -0.2272
vn -0.7128 0.6993 -0.0546
vn -0.8866 -0.0714 0.4570
vn -0.7470 -0.5152 0.4201
vn -0.2087 0.7362 -0.6438
vn -0.7611 0.5084 -0.4027
vn 0.3192 0.8368 -0.4448
vn -0.9649 0.2285 -0.1294
vn -0.9962 -0.0469 -0.0737
vn -0.9156 -0.3946 -0.0773
vn -0.6877 -0.7237 -0.0567
vn -0.4525 -0.8917 -0.0001
vn -0.1232 -0.9919 0.0305
vn 0.2223 -0.9736 0.0524
vn 0.5578 -0.8268 0.0726
vn 0.8520 -0.4968 0.1649
vn 0.9859 0.0455 0.1610
vn 0.9174 0.3863 0.0953
vn -0.5643 -0.7927 0.2307
vn 0.8094 0.5864 0.0327
vn 0.6449 0.7507 -0.1433
vn -0.5855 0.3211 -0.7443
vn -0.0891 0.5869 -0.8048
vn 0.3792 0.6668 -0.6415
vn -0.4147 0.3781 -0.8277
vn -0.0475 0.4865 -0.8724
vn 0.3528 0.5220 -0.7766
vn -0.6692 0.2052 -0.7142
vn -0.7915 -0.0024 -0.6112
vn -0.9169 0.0215 -0.3985
vn -0.9485 -0.1830 -0.2586
vn 0.6774 0.4880 -0.5504
vn 0.5745 0.4445 -0.6873
vn 0.8189 0.3603 -0.4467
vn 0.8657 0.1625 -0.4734
vn 0.9287 0.3086 -0.2054
vn 0.9477 0.1477 -0.2829
vn 0.7549 0.5122 -0.4096
vn 0.8999 0.4278 -0.0846
vn 0.8760 0.3469 -0.3351
vn 0.9703 0.2410 -0.0197
vn 0.9364 0.2670 -0.2278
vn 0.9624 0.2685 0.0414
vn 0.9576 0.2181 -0.1883
vn 0.8982 0.3324 -0.2876
vn -0.8887 0.0628 -0.4543
vn -0.9764 -0.0731 -0.2032
vn -0.9238 -0.3622 -0.1243
vn -0.7053 -0.7003 -0.1100
vn -0.4599 -0.8838 -0.0856
vn -0.1457 -0.9884 -0.0440
vn 0.2036 -0.9790 0.0047
vn 0.5180 -0.8549 0.0284
vn 0.8375 -0.5465 -0.0026
vn 0.9923 -0.1151 0.0448
vn 0.9683 0.2489 0.0217
vn -0.8724 -0.1610 -0.4614
vn -0.9245 -0.1876 -0.3319
vn -0.9053 -0.3867 -0.1760
vn -0.4480 -0.8848 -0.1285
vn -0.7489 -0.6526 -0.1149
vn -0.1047 -0.9844 -0.1412
vn 0.2355 -0.9676 -0.0904
vn 0.5464 -0.8369 -0.0326
vn 0.8229 -0.5641 -0.0681
vn 0.9942 -0.0532 -0.0937
vn 0.9580 0.2515 -0.1374
vn 0.9852 0.1631 -0.0529
vn 0.9783 -0.2064 -0.0203
vn 0.8188 -0.5735 0.0253
vn 0.5572 -0.8298 -0.0298
vn 0.2943 -0.9553 -0.0274
vn -0.0299 -0.9981 -0.0543
vn -0.4337 -0.8998 -0.0481
vn -0.7183 -0.6957 -0.0045
vn -0.8583 -0.5132 0.0003
vn -0.9322 -0.3489 -0.0966
vn -0.9473 -0.2447 -0.2068
vn -0.9318 -0.2006 -0.3024
vn -0.9138 -0.1129 -0.3901
vn -0.9312 -0.2755 -0.2388
vn -0.8793 -0.4178 -0.2284
vn -0.7765 -0.5274 -0.3447
vn -0.6545 -0.6878 -0.3139
vn -0.3211 -0.8810 -0.3474
vn 0.0611 -0.9298 -0.3630
vn 0.3609 -0.8914 -0.2742
vn 0.5812 -0.7426 -0.3328
vn 0.7408 -0.5007 -0.4478
vn 0.9641 -0.1330 -0.2297
vn 0.9564 0.2372 -0.1702
vn 0.6710 0.3730 -0.6408
vn 0.7389 0.2924 -0.6070
vn 0.5014 0.4072 -0.7634
vn 0.6810 0.3852 -0.6228
vn 0.6457 0.4425 -0.6224
vn 0.5217 0.6314 -0.5738
vn 0.5656 0.6247 -0.5384
vn 0.2812 0.4007 -0.8720
vn -0.0394 0.3558 -0.9337
vn -0.3482 0.3268 -0.8786
vn -0.5760 0.2241 -0.7861
vn -0.8625 0.0810 -0.4995
vn -0.8292 -0.0226 -0.5584
vn -0.7981 0.1841 -0.5738
vn -0.7771 0.1753 -0.6045
vn -0.7376 0.4142 -0.5332
vn -0.5567 0.6231 -0.5494
vn -0.5902 0.6043 -0.5352
vn -0.6888 0.3465 -0.6368
vn -0.2640 0.7779 -0.5703
vn -0.2340 0.7028 -0.6719
vn 0.1890 0.7306 -0.6561
vn 0.2262 0.7198 -0.6563
vn 0.4969 0.3179 -0.8074
vn 0.4239 0.4128 -0.8062
vn 0.1776 0.4106 -0.8943
vn -0.0628 0.4350 -0.8983
vn -0.3315 0.3671 -0.8691
vn -0.4791 0.2960 -0.8263
vn -0.5104 0.2127 -0.8332
vn 0.2411 0.3189 -0.9166
vn -0.0582 0.3065 -0.9501
vn -0.3022 0.2588 -0.9174
vn 0.2974 0.9090 -0.2919
vn -0.1886 0.8742 -0.4474
vn -0.5869 0.6650 -0.4618
vn -0.8614 0.4201 -0.2856
vn -0.9426 0.1289 -0.3082
vn -0.9205 -0.0774 -0.3830
vn -0.9590 -0.1906 -0.2097
vn -0.9709 -0.2256 -0.0799
vn -0.9480 -0.3107 -0.0686
vn -0.8922 -0.4212 -0.1630
vn -0.8421 -0.5266 -0.1167
vn -0.7248 -0.6396 -0.2559
vn -0.4822 -0.8247 -0.2955
vn -0.0582 -0.9430 -0.3278
vn 0.3005 -0.8676 -0.3962
vn 0.5941 -0.7340 -0.3290
vn 0.7812 -0.5644 -0.2668
vn 0.9247 -0.2259 -0.3065
vn 0.9375 0.2522 -0.2399
vn 0.9088 0.3085 -0.2809
vn 0.9612 0.2238 -0.1610
vn 0.9741 0.0659 -0.2164
vn 0.8543 0.1549 -0.4961
vn 0.9183 0.3433 -0.1973
vn 0.7598 0.4633 -0.4561
vn 0.6022 0.6804 -0.4176
vn 0.1149 0.7871 0.6061
vn 0.4014 0.5519 0.7310
vn -0.2593 0.6605 0.7046
vn -0.4611 0.4246 0.7792
vn -0.6605 0.2979 0.6892
vn -0.6913 0.1477 0.7073
vn -0.7358 -0.0545 0.6750
vn -0.6178 -0.1396 0.7738
vn -0.5399 -0.1327 0.8312
vn -0.5953 -0.2056 0.7767
vn -0.5731 -0.2756 0.7718
vn -0.6152 -0.4083 0.6744
vn -0.4600 -0.4766 0.7492
vn -0.2408 -0.6453 0.7250
vn 0.0442 -0.7277 0.6845
vn 0.3199 -0.6798 0.6600
vn 0.4798 -0.5345 0.6957
vn 0.7505 -0.4412 0.4920
vn 0.7402 -0.0758 0.6682
vn 0.5619 0.1703 0.8095
vn -0.0283 -0.0396 0.9988
vn 0.0117 0.0055 0.9999
vn 0.0103 0.0056 0.9999
vn -0.0357 -0.0328 0.9988
vn 0.6957 0.2868 0.6585
vn 0.5981 0.1018 0.7949
vn 0.5890 -0.0043 0.8081
vn 0.8686 0.1415 0.4749
vn 0.5659 0.2304 0.7917
vn 0.5914 0.3779 0.7123
vn -0.0580 0.0232 0.9980
vn -0.0635 0.0110 0.9979
vn -0.0577 0.0024 0.9983
vn -0.0496 -0.0072 0.9987
vn -0.0473 0.0059 0.9989
vn -0.0710 -0.0050 0.9975
vn -0.0472 -0.0269 0.9985
vn -0.0122 -0.0739 0.9972
vn 0.0258 -0.1159 0.9929
vn 0.0767 -0.1302 0.9885
vn 0.0874 -0.1243 0.9884
vn 0.1539 -0.1032 0.9827
vn 0.0640 0.0016 0.9979
vn 0.0636 0.0216 0.9977
vn 0.1103 0.0351 0.9933
vn 0.0662 0.0177 0.9977
vn 0.0839 0.0058 0.9965
vn 0.0823 0.0173 0.9965
vn 0.0632 0.0328 0.9975
vn 0.0532 0.0399 0.9978
vn 0.0386 0.0406 0.9984
vn 0.0067 0.0696 0.9976
vn -0.0217 0.0606 0.9979
vn -0.0306 0.0314 0.9990
vn -0.0021 0.0030 1.0000
vn -0.0021 0.0032 1.0000
vn -0.0019 0.0036 1.0000
vn -0.0017 0.0040 1.0000
vn 0.0007 0.0071 1.0000
vn 0.0102 0.0115 0.9999
vn 0.0099 0.0047 0.9999
vn 0.0115 0.0005 0.9999
vn -0.7776 -0.3955 0.4889
vn -0.7737 -0.5632 0.2901
vn -0.7257 -0.6708 0.1531
vn -0.4676 -0.8050 0.3652
vn -0.0399 -0.7458 0.6650
vn 0.3177 -0.5435 0.7769
vn 0.4370 -0.3369 0.8340
vn 0.5369 -0.0929 0.8385
vn 0.6596 0.1708 0.7320
vn 0.7219 0.2190 0.6565
vn 0.8284 0.4510 0.3322
vn 0.6039 0.7733 -0.1934
vn 0.1044 0.8536 -0.5104
vn -0.2477 0.8095 -0.5323
vn -0.7833 0.6049 0.1434
vn -0.8678 0.3893 0.3087
vn -0.9528 -0.0138 0.3032
vn -0.5494 0.6532 -0.5211
vn -0.7952 0.3763 -0.4754
vn -0.9430 0.0043 -0.3326
vn -0.9348 -0.3047 -0.1826
vn -0.8363 -0.5477 -0.0265
vn -0.5358 -0.8241 0.1837
vn -0.0201 -0.8934 0.4487
vn 0.4150 -0.7012 0.5797
vn 0.6290 -0.4327 0.6459
vn 0.6895 -0.1480 0.7090
vn 0.7987 0.0517 0.5995
vn 0.8084 -0.0068 0.5886
vn 0.9459 0.0881 0.3124
vn 0.8064 0.5407 -0.2393
vn 0.1943 0.7630 -0.6165
vn -0.2885 0.7362 -0.6122
vn 0.8799 -0.2125 0.4250
vn 0.8064 -0.1967 0.5577
vn 0.8926 -0.4237 -0.1543
vn 0.8509 -0.5252 -0.0108
vn 0.6791 -0.4092 -0.6094
vn 0.7404 -0.4891 -0.4611
vn 0.8362 0.5293 0.1436
vn 0.8752 0.0613 0.4798
vn 0.9562 0.2642 -0.1260
vn 0.5428 0.7789 -0.3142
vn 0.3752 0.6409 -0.6696
vn -0.0512 0.8861 -0.4607
vn -0.2600 0.6411 -0.7221
vn -0.4299 0.8822 -0.1922
vn -0.5812 0.6076 -0.5414
vn -0.5356 0.7347 -0.4164
vn -0.3469 0.9290 0.1292
vn -0.5789 0.5569 -0.5956
vn -0.8044 0.3169 -0.5025
vn -0.9385 -0.0567 -0.3406
vn -0.9115 -0.3654 -0.1888
vn -0.7949 -0.6020 -0.0759
vn -0.4871 -0.8638 0.1286
vn -0.0360 -0.9368 0.3480
vn 0.3883 -0.8006 0.4564
vn 0.6657 -0.3830 0.6405
vn 0.6553 -0.0877 -0.7502
vn 0.9042 -0.4186 -0.0845
vn 0.7430 -0.1126 0.6598
vn 0.7583 -0.1028 0.6437
vn 0.9469 0.3030 0.1076
vn 0.8691 0.1727 0.4636
vn 0.4747 0.8458 -0.2433
vn -0.0314 0.9538 -0.2988
vn -0.3837 0.9222 0.0492
vn -0.3571 0.7902 0.4980
vn -0.6533 0.5520 -0.5182
vn -0.6914 0.5532 -0.4646
vn -0.8446 0.2923 -0.4485
vn -0.9524 -0.0947 -0.2897
vn -0.8784 0.2960 -0.3753
vn -0.9535 -0.0469 -0.2977
vn -0.9003 -0.3899 -0.1934
vn -0.7533 -0.6534 -0.0751
vn -0.8096 -0.5518 -0.2002
vn -0.9260 -0.3027 -0.2258
vn -0.3637 -0.9160 0.1692
vn -0.3709 -0.9100 0.1852
vn -0.0219 -0.9458 0.3240
vn 0.1418 -0.8339 0.5334
vn 0.4890 -0.6712 0.5571
vn 0.6268 -0.4529 0.6340
vn 0.2832 -0.8779 0.3862
vn 0.6060 -0.6308 0.4847
vn 0.5420 -0.6563 -0.5249
vn 0.1334 -0.9451 -0.2982
vn 0.4925 -0.8674 -0.0717
vn 0.9222 -0.3828 0.0551
vn 0.7560 -0.3037 -0.5798
vn 0.9201 -0.3867 -0.0618
vn 0.5889 -0.5524 -0.5900
vn 0.9733 -0.1812 -0.1408
vn 0.8895 -0.3761 -0.2594
vn 0.8220 0.0783 -0.5640
vn 0.7695 -0.0469 -0.6369
vn 0.9912 -0.0904 -0.0970
vn -0.3813 0.8564 0.3480
vn -0.3158 0.8200 0.4774
vn -0.6353 0.3412 0.6928
vn -0.5825 0.3857 0.7155
vn -0.8800 0.3569 0.3135
vn -0.4751 0.8506 0.2252
vn -0.6296 0.6065 -0.4856
vn -0.9729 0.1392 -0.1846
vn -0.5860 0.5430 -0.6015
vn -0.8081 0.3166 -0.4967
vn -0.1556 0.9848 -0.0769
vn -0.0004 0.9701 -0.2429
vn -0.2649 0.8400 -0.4736
vn -0.1301 0.9526 -0.2751
vn 0.1412 0.9889 -0.0454
vn -0.1437 0.9513 0.2726
vn -0.5590 0.4943 0.6658
vn -0.5068 0.6601 0.5544
vn -0.7639 0.5529 0.3328
vn -0.9111 0.3938 -0.1215
vn -0.8388 0.3056 -0.4506
vn -0.3854 0.7907 0.4757
vn -0.4741 0.6892 0.5479
vn -0.6914 0.7011 0.1746
vn -0.8294 0.4907 -0.2669
vn -0.8727 0.2432 -0.4234
vn -0.9900 -0.0198 -0.1396
vn -0.9432 -0.0036 -0.3322
vn -0.9386 -0.0303 -0.3436
vn -0.9851 0.1589 -0.0664
vn -0.8742 0.2528 0.4145
vn -0.8218 0.2715 0.5009
vn -0.5058 0.1211 0.8541
vn -0.4036 0.4931 0.7707
vn -0.5811 0.0431 0.8127
vn -0.5166 0.2078 0.8307
vn -0.9833 0.0487 -0.1751
vn -0.9395 -0.0895 -0.3305
vn -0.9621 -0.2668 0.0572
vn -0.9268 -0.3496 -0.1370
vn -0.9296 -0.2885 -0.2293
vn -0.9269 -0.2805 -0.2494
vn -0.9129 0.2813 0.2958
vn -0.9153 -0.2618 0.3060
vn -0.8328 -0.1685 0.5274
vn -0.5445 0.5098 0.6661
vn -0.6605 -0.1972 0.7245
vn -0.4650 0.0076 0.8853
vn -0.9917 -0.0734 -0.1053
vn -0.9050 -0.2784 -0.3217
vn -0.8600 -0.4820 -0.1675
vn -0.7439 -0.5859 -0.3216
vn -0.5314 -0.8386 0.1195
vn -0.5959 -0.8009 -0.0589
vn -0.9462 0.0085 0.3234
vn -0.8285 -0.4513 0.3317
vn -0.3904 -0.7701 0.5045
vn -0.6637 0.2628 0.7003
vn -0.5508 -0.3251 0.7687
vn -0.2552 -0.6259 0.7369
vn -0.4711 0.5527 0.6875
vn -0.4396 -0.1785 0.8803
vn -0.4721 -0.1013 0.8757
vn -0.4385 0.3147 0.8418
vn -0.3314 -0.3369 0.8813
vn -0.3429 -0.6308 0.6961
vn -0.1181 -0.9597 0.2550
vn -0.2164 -0.8556 0.4703
vn 0.3156 -0.8872 0.3365
vn 0.6170 -0.7801 0.1038
vn -0.0426 -0.9989 -0.0176
vn 0.0889 -0.9528 0.2902
vn -0.2702 -0.7572 0.5946
vn -0.4542 -0.3419 0.8226
vn -0.5155 0.1033 0.8506
vn -0.5907 0.1280 0.7967
vn -0.5239 -0.1988 0.8283
vn -0.5187 0.3592 0.7758
vn -0.6388 0.2799 0.7166
vn -0.6187 0.2112 0.7567
vn -0.4999 0.6643 0.5557
vn -0.6255 0.5582 0.5452
vn -0.5911 0.4471 0.6714
vn -0.4233 0.7769 0.4661
vn -0.1776 0.9776 0.1126
vn 0.2050 0.9134 -0.3518
vn -0.1935 0.9757 0.1032
vn -0.2767 0.8307 0.4831
vn -0.4126 0.5561 0.7215
vn 0.0292 0.9988 0.0386
vn -0.4860 0.4770 0.7323
vn -0.3849 0.6476 0.6576
vn -0.4156 0.3220 0.8506
vn -0.4985 0.1338 0.8565
vn -0.4205 0.2766 0.8641
vn 0.1858 0.3027 0.9348
vn 0.0149 0.1407 0.9899
vn -0.3951 -0.0444 0.9176
vn 0.0816 -0.0882 0.9928
vn -0.4688 -0.0098 0.8833
vn 0.0357 -0.1352 0.9902
vn -0.3798 -0.0280 0.9246
vn 0.1113 0.0747 0.9910
vn -0.3710 -0.3013 0.8784
vn 0.1198 -0.3816 0.9165
vn -0.1029 -0.8230 0.5586
vn 0.1313 -0.8377 0.5302
vn -0.0285 0.3106 0.9501
vn 0.1552 0.5594 0.8142
vn -0.0047 0.5913 0.8064
vn 0.0353 0.5140 0.8571
vn 0.1472 0.7128 0.6857
vn 0.1659 0.9489 0.2684
vn 0.2106 -0.9763 0.0492
vn 0.1646 -0.9759 -0.1435
vn 0.6174 -0.0520 0.7849
vn 0.6440 0.0612 0.7625
vn 0.5967 -0.2401 0.7657
vn 0.6196 0.1933 0.7608
vn 0.6590 0.1109 0.7439
vn 0.5603 0.0804 0.8244
vn 0.6215 0.4046 0.6708
vn 0.6349 0.2882 0.7168
vn 0.6174 0.3152 0.7208
vn 0.6140 0.5479 0.5682
vn 0.5737 0.8111 0.1143
vn 0.1848 0.9344 -0.3046
vn 0.2119 0.9661 -0.1477
vn 0.2742 0.9551 -0.1122
vn -0.0684 0.9322 -0.3555
vn -0.3531 0.8828 0.3098
vn 0.5797 -0.4173 0.6998
vn 0.3213 -0.8460 0.4255
vn -0.0315 -0.9927 -0.1165
vn -0.3096 -0.9258 -0.2169
vn 0.8213 0.1305 0.5553
vn 0.7797 -0.2870 0.5565
vn 0.8418 0.0461 0.5378
vn 0.7835 -0.1553 0.6017
vn 0.8049 0.2532 0.5366
vn 0.7359 0.1476 0.6608
vn 0.4505 0.1462 0.8807
vn 0.9315 0.2325 0.2798
vn 0.8981 -0.2402 0.3685
vn 0.9344 -0.0025 0.3563
vn 0.8704 -0.4159 0.2635
vn 0.9512 -0.0475 0.3049
vn 0.1080 0.8894 -0.4441
vn -0.3061 0.9511 -0.0413
vn 0.6383 0.5339 -0.5546
vn 0.9941 -0.1073 0.0157
vn -0.5341 0.6929 0.4844
vn -0.2920 0.8097 0.5091
vn -0.0643 0.9935 0.0939
vn -0.5522 0.4618 0.6941
vn -0.4003 0.5209 0.7539
vn 0.7607 -0.5924 -0.2652
vn 0.3183 -0.9441 -0.0858
vn 0.8308 -0.0318 0.5556
vn 0.9377 -0.1731 0.3014
vn 0.7500 -0.6307 0.1993
vn 0.9819 -0.1649 -0.0936
vn 0.9004 -0.1287 0.4155
vn 0.7599 -0.4288 0.4887
vn 0.8347 -0.1017 0.5413
vn 0.4471 -0.8685 0.2139
vn 0.2523 -0.9638 -0.0862
vn -0.1252 -0.9715 -0.2011
vn -0.1928 -0.9800 -0.0501
vn -0.1930 -0.9745 0.1149
vn 0.8649 -0.3754 -0.3331
vn -0.1800 -0.9785 -0.1007
vn 0.7768 -0.3978 0.4882
vn 0.2045 0.8892 0.4093
vn 0.6274 0.7725 0.0982
vn 0.2993 0.9385 -0.1722
vn 0.6888 0.6636 -0.2920
vn 0.9191 0.3634 -0.1522
vn 0.9608 0.0037 -0.2773
vn 0.8259 -0.3611 -0.4330
vn 0.9408 -0.3037 -0.1504
vn 0.7026 -0.3153 -0.6380
vn -0.2963 0.6902 0.6601
vn 0.6349 0.4693 0.6137
vn 0.3260 0.8366 0.4404
vn -0.1301 0.8591 0.4950
vn -0.0026 0.7306 0.6828
vn 0.4100 0.7120 0.5701
vn 0.7811 0.5713 0.2519
vn 0.9630 0.0286 -0.2681
vn 0.0081 0.7375 0.6753
vn 0.4732 0.7212 0.5059
vn 0.8411 0.4940 0.2201
vn 0.9731 0.0512 -0.2246
vn 0.7732 -0.3481 -0.5301
vn 0.1330 0.5260 0.8400
vn 0.3293 -0.0284 0.9438
vn 0.5151 0.5634 0.6459
vn 0.8384 0.4490 0.3090
vn 0.9752 -0.1241 -0.1833
vn 0.7935 -0.4437 -0.4165
vn 0.6153 -0.0716 0.7850
vn 0.8401 -0.1373 0.5248
vn 0.9444 -0.3112 0.1063
vn 0.5895 -0.7022 0.3992
vn 0.7423 -0.6603 -0.1138
vn 0.8547 -0.5153 -0.0628
vn 0.9624 -0.0234 -0.2707
vn 0.9257 -0.2707 -0.2644
vn 0.9439 -0.3266 0.0495
vn 0.9868 0.0710 -0.1452
vn 0.9795 -0.0015 -0.2016
vn 0.8623 -0.1223 -0.4914
vn 0.9494 -0.2830 0.1365
vn 0.9793 -0.0579 -0.1939
vn -0.0000 0.9936 0.1129
vn 0.3336 0.9351 0.1198
vn 0.0002 0.8276 -0.5614
vn 0.2091 0.8041 -0.5565
vn 0.2507 0.7365 -0.6283
vn 0.5558 0.8288 0.0642
vn 0.8507 0.5256 -0.0074
vn 0.5520 0.6452 -0.5282
vn 0.9703 0.1992 -0.1371
vn 0.7333 0.3123 -0.6040
vn 0.2733 0.9541 0.1224
vn -0.0001 0.9869 0.1616
vn 0.5022 0.8616 0.0741
vn 0.7639 0.6443 0.0356
vn 0.9729 0.2254 -0.0514
vn -0.1299 -0.1803 -0.9750
vn 0.0006 -0.7630 -0.6464
vn -0.5432 -0.5173 -0.6613
vn -0.4800 0.0898 -0.8726
vn -0.5407 0.2217 -0.8115
vn -0.2095 0.8050 -0.5550
vn -0.3336 0.9351 0.1198
vn -0.2512 0.7367 -0.6279
vn -0.5557 0.8289 0.0641
vn -0.5538 0.6454 -0.5262
vn -0.8505 0.5258 -0.0078
vn -0.7380 0.3083 -0.6003
vn -0.9702 0.1994 -0.1373
vn -0.2733 0.9541 0.1226
vn -0.5020 0.8617 0.0742
vn -0.7637 0.6446 0.0354
vn -0.9727 0.2261 -0.0519
vn 0.2228 -0.3174 -0.9217
vn 0.5110 -0.3953 -0.7633
vn 0.4808 0.0918 -0.8720
vn 0.5306 0.2234 -0.8177
vn -0.3058 -0.9227 -0.2348
vn -0.0003 -0.9761 -0.2175
vn -0.6229 -0.7460 -0.2355
vn -0.8438 -0.4850 -0.2298
vn -0.9965 -0.0604 -0.0583
vn 0.2663 -0.9392 -0.2169
vn 0.5654 -0.7877 -0.2447
vn 0.8417 -0.4858 -0.2356
vn 0.9965 -0.0611 -0.0574
vn 0.9901 0.0532 -0.1295
vn 0.9742 0.0722 -0.2138
vn 0.4773 0.3351 -0.8123
vn -0.8716 0.2143 -0.4408
vn -0.9989 0.0437 -0.0181
vn 0.8691 0.2144 -0.4458
vn 0.9991 0.0400 -0.0168
vn -0.4977 0.3260 -0.8038
vn -0.9742 0.0718 -0.2140
vn -0.9901 0.0538 -0.1296
# 3997 vertex normals

vt 0.0857 1.3791 0.0000
vt 0.0870 1.3850 0.0000
vt 0.0835 1.3809 0.0000
vt 0.0829 1.3845 0.0000
vt 0.0858 1.3901 0.0000
vt 0.0819 1.3895 0.0000
vt 0.0845 1.3950 0.0000
vt 0.0804 1.3951 0.0000
vt 0.0905 1.4005 0.0000
vt 0.0991 1.4022 0.0000
vt 0.0983 1.4045 0.0000
vt 0.0900 1.4029 0.0000
vt 0.0808 1.4001 0.0000
vt 0.0844 1.3976 0.0000
vt 0.0641 1.4146 0.0000
vt 0.0672 1.4063 0.0000
vt 0.0781 1.4092 0.0000
vt 0.0770 1.4176 0.0000
vt 0.0510 1.4109 0.0000
vt 0.0537 1.4027 0.0000
vt 0.0693 1.3979 0.0000
vt 0.0554 1.3948 0.0000
vt 0.0417 1.3991 0.0000
vt 0.0424 1.3904 0.0000
vt 0.0395 1.4078 0.0000
vt 0.0451 1.3859 0.0000
vt 0.0573 1.3883 0.0000
vt 0.0703 1.3918 0.0000
vt 0.0409 1.3837 0.0000
vt 0.0388 1.3856 0.0000
vt 0.0336 1.3889 0.0000
vt 0.0332 1.3858 0.0000
vt 0.0585 1.3831 0.0000
vt 0.0465 1.3797 0.0000
vt 0.0708 1.3863 0.0000
vt 0.0720 1.3814 0.0000
vt 0.0595 1.3782 0.0000
vt 0.0473 1.3756 0.0000
vt 0.0420 1.3783 0.0000
vt 0.0432 1.3740 0.0000
vt 0.0732 1.3763 0.0000
vt 0.0599 1.3728 0.0000
vt 0.0484 1.3713 0.0000
vt 0.0473 1.3690 0.0000
vt 0.0738 1.3747 0.0000
vt 0.0602 1.3710 0.0000
vt 0.0249 1.3868 0.0000
vt 0.0252 1.3840 0.0000
vt 0.0866 1.3719 0.0000
vt 0.0752 1.3685 0.0000
vt 0.0615 1.3646 0.0000
vt 0.0502 1.3619 0.0000
vt 0.0923 1.3966 0.0000
vt 0.1006 1.3982 0.0000
vt 0.0935 1.3916 0.0000
vt 0.1019 1.3932 0.0000
vt 0.0948 1.3862 0.0000
vt 0.1032 1.3878 0.0000
vt 0.1042 1.3813 0.0000
vt 0.0957 1.3800 0.0000
vt 0.0965 1.3737 0.0000
vt 0.1052 1.3745 0.0000
vt 0.1062 1.3664 0.0000
vt 0.0974 1.3653 0.0000
vt 0.0880 1.3649 0.0000
vt 0.0643 1.3584 0.0000
vt 0.0521 1.3548 0.0000
vt 0.0762 1.3617 0.0000
vt 0.0890 1.3585 0.0000
vt 0.0973 1.3591 0.0000
vt 0.1060 1.3595 0.0000
vt 0.1022 1.3560 0.0000
vt 0.0967 1.3547 0.0000
vt 0.0905 1.3544 0.0000
vt 0.0782 1.3552 0.0000
vt 0.0666 1.3523 0.0000
vt 0.0542 1.3496 0.0000
vt 0.0795 1.3509 0.0000
vt 0.0680 1.3480 0.0000
vt 0.0552 1.3456 0.0000
vt 0.0396 1.3590 0.0000
vt 0.0363 1.3656 0.0000
vt 0.0341 1.3714 0.0000
vt 0.0332 1.3758 0.0000
vt 0.0322 1.3811 0.0000
vt 0.0255 1.3800 0.0000
vt 0.0268 1.3742 0.0000
vt 0.0283 1.3694 0.0000
vt 0.0302 1.3632 0.0000
vt 0.0322 1.3558 0.0000
vt 0.0350 1.3488 0.0000
vt 0.0431 1.3524 0.0000
vt 0.0382 1.3438 0.0000
vt 0.0456 1.3462 0.0000
vt 0.0408 1.3418 0.0000
vt 0.0475 1.3427 0.0000
vt 0.0809 1.3467 0.0000
vt 0.0922 1.3495 0.0000
vt 0.0695 1.3435 0.0000
vt 0.0566 1.3387 0.0000
vt 0.0827 1.3412 0.0000
vt 0.0937 1.3443 0.0000
vt 0.0705 1.3367 0.0000
vt 0.0588 1.3325 0.0000
vt 0.8874 1.6887 0.0000
vt 0.8823 1.6891 0.0000
vt 0.8844 1.6770 0.0000
vt 0.8874 1.6760 0.0000
vt 0.8887 1.7008 0.0000
vt 0.8826 1.7018 0.0000
vt 0.8858 1.7126 0.0000
vt 0.8908 1.7129 0.0000
vt 0.8957 1.6998 0.0000
vt 0.8935 1.6876 0.0000
vt 0.8973 1.7138 0.0000
vt 0.8928 1.6748 0.0000
vt 0.8997 1.6741 0.0000
vt 0.9011 1.6864 0.0000
vt 0.9027 1.6993 0.0000
vt 0.9049 1.7131 0.0000
vt 0.9093 1.6990 0.0000
vt 0.9112 1.7124 0.0000
vt 0.9077 1.6859 0.0000
vt 0.9068 1.6732 0.0000
vt 0.9138 1.6854 0.0000
vt 0.9152 1.6986 0.0000
vt 0.9128 1.6726 0.0000
vt 0.9172 1.7117 0.0000
vt 0.9171 1.6722 0.0000
vt 0.9189 1.6850 0.0000
vt 0.9204 1.6981 0.0000
vt 0.9222 1.7111 0.0000
vt 0.9226 1.6719 0.0000
vt 0.9237 1.6846 0.0000
vt 0.9269 1.7105 0.0000
vt 0.9251 1.6975 0.0000
vt 0.9291 1.6968 0.0000
vt 0.9276 1.6842 0.0000
vt 0.9264 1.6720 0.0000
vt 0.9308 1.7093 0.0000
vt 0.9290 1.6720 0.0000
vt 0.9312 1.6835 0.0000
vt 0.9327 1.6966 0.0000
vt 0.9332 1.7096 0.0000
vt 0.9045 1.7987 0.0000
vt 0.9030 1.7905 0.0000
vt 0.9072 1.7981 0.0000
vt 0.9058 1.7904 0.0000
vt 0.9437 1.7542 0.0000
vt 0.9448 1.7660 0.0000
vt 0.9376 1.7548 0.0000
vt 0.9388 1.7674 0.0000
vt 0.9025 1.7824 0.0000
vt 0.9069 1.7853 0.0000
vt 0.9079 1.7802 0.0000
vt 0.9096 1.7837 0.0000
vt 0.9165 1.7822 0.0000
vt 0.9158 1.7793 0.0000
vt 0.9213 1.7787 0.0000
vt 0.9236 1.7797 0.0000
vt 0.9227 1.7692 0.0000
vt 0.9246 1.7686 0.0000
vt 0.9216 1.7564 0.0000
vt 0.9234 1.7563 0.0000
vt 0.9203 1.7456 0.0000
vt 0.9220 1.7449 0.0000
vt 0.9172 1.7366 0.0000
vt 0.9192 1.7350 0.0000
vt 0.9158 1.7703 0.0000
vt 0.9145 1.7581 0.0000
vt 0.9137 1.7475 0.0000
vt 0.9115 1.7370 0.0000
vt 0.9120 1.7335 0.0000
vt 0.9075 1.7712 0.0000
vt 0.9062 1.7600 0.0000
vt 0.9049 1.7488 0.0000
vt 0.9029 1.7378 0.0000
vt 0.9049 1.7331 0.0000
vt 0.8978 1.7366 0.0000
vt 0.9017 1.7320 0.0000
vt 0.9007 1.7721 0.0000
vt 0.9001 1.7599 0.0000
vt 0.8991 1.7491 0.0000
vt 0.8924 1.7746 0.0000
vt 0.8942 1.7831 0.0000
vt 0.8914 1.7621 0.0000
vt 0.8901 1.7495 0.0000
vt 0.8967 1.7281 0.0000
vt 0.8993 1.7271 0.0000
vt 0.8893 1.7385 0.0000
vt 0.8964 1.7205 0.0000
vt 0.8996 1.7200 0.0000
vt 0.8819 1.7509 0.0000
vt 0.8817 1.7388 0.0000
vt 0.8826 1.7629 0.0000
vt 0.8847 1.7758 0.0000
vt 0.9368 1.7425 0.0000
vt 0.9425 1.7417 0.0000
vt 0.9417 1.7336 0.0000
vt 0.9358 1.7342 0.0000
vt 0.9398 1.7770 0.0000
vt 0.9463 1.7751 0.0000
vt 0.9411 1.7851 0.0000
vt 0.9424 1.7930 0.0000
vt 0.9331 1.7869 0.0000
vt 0.9355 1.7951 0.0000
vt 0.8860 1.7846 0.0000
vt 0.9311 1.7782 0.0000
vt 0.9048 1.6674 0.0000
vt 0.9045 1.6631 0.0000
vt 0.9154 1.6619 0.0000
vt 0.9164 1.6649 0.0000
vt 0.8935 1.6690 0.0000
vt 0.8924 1.6645 0.0000
vt 0.8812 1.6709 0.0000
vt 0.8801 1.6661 0.0000
vt 0.8725 1.6712 0.0000
vt 0.8726 1.6685 0.0000
vt 0.9043 1.7265 0.0000
vt 0.9038 1.7193 0.0000
vt 0.9299 1.7684 0.0000
vt 0.9112 1.7181 0.0000
vt 0.9111 1.7266 0.0000
vt 0.9287 1.7559 0.0000
vt 0.9182 1.7176 0.0000
vt 0.9185 1.7264 0.0000
vt 0.9262 1.7351 0.0000
vt 0.9273 1.7441 0.0000
vt 0.9101 1.7895 0.0000
vt 0.9118 1.7975 0.0000
vt 0.9181 1.7892 0.0000
vt 0.9192 1.7970 0.0000
vt 0.8782 1.6480 0.0000
vt 0.8687 1.6491 0.0000
vt 0.8679 1.6419 0.0000
vt 0.8771 1.6404 0.0000
vt 0.9259 1.7876 0.0000
vt 0.9280 1.7959 0.0000
vt 0.8878 1.6392 0.0000
vt 0.8888 1.6467 0.0000
vt 0.9039 1.6591 0.0000
vt 0.9156 1.6580 0.0000
vt 0.8914 1.6604 0.0000
vt 0.8800 1.6619 0.0000
vt 0.8709 1.6644 0.0000
vt 0.9144 1.6510 0.0000
vt 0.9029 1.6520 0.0000
vt 0.8895 1.6537 0.0000
vt 0.8796 1.6553 0.0000
vt 0.8699 1.6575 0.0000
vt 0.9133 1.6444 0.0000
vt 0.9022 1.6454 0.0000
vt 0.9017 1.6379 0.0000
vt 0.9253 1.7261 0.0000
vt 0.9252 1.7175 0.0000
vt 0.9126 1.6378 0.0000
vt 0.9354 1.7254 0.0000
vt 0.9412 1.7253 0.0000
vt 0.9345 1.7178 0.0000
vt 0.9403 1.7191 0.0000
vt 0.9013 1.6304 0.0000
vt 0.9115 1.6289 0.0000
vt 0.8880 1.6318 0.0000
vt 0.8759 1.6334 0.0000
vt 0.8668 1.6351 0.0000
vt 0.9014 1.6248 0.0000
vt 0.9099 1.6234 0.0000
vt 0.8870 1.6267 0.0000
vt 0.8761 1.6281 0.0000
vt 0.8672 1.6297 0.0000
vt 0.9468 1.7830 0.0000
vt 0.9476 1.7910 0.0000
vt 0.9528 1.7657 0.0000
vt 0.9533 1.7772 0.0000
vt 0.9621 1.7668 0.0000
vt 0.9611 1.7760 0.0000
vt 0.9531 1.7554 0.0000
vt 0.9621 1.7552 0.0000
vt 0.9521 1.7421 0.0000
vt 0.9596 1.7401 0.0000
vt 0.9497 1.7320 0.0000
vt 0.9560 1.7321 0.0000
vt 0.1877 1.3690 0.0000
vt 0.1899 1.3674 0.0000
vt 0.1951 1.3708 0.0000
vt 0.1948 1.3673 0.0000
vt 0.2015 1.3702 0.0000
vt 0.2015 1.3670 0.0000
vt 0.2078 1.3696 0.0000
vt 0.2090 1.3662 0.0000
vt 0.2137 1.3748 0.0000
vt 0.2169 1.3745 0.0000
vt 0.2175 1.3814 0.0000
vt 0.2145 1.3819 0.0000
vt 0.2148 1.3670 0.0000
vt 0.2110 1.3697 0.0000
vt 0.2295 1.3560 0.0000
vt 0.2296 1.3669 0.0000
vt 0.2227 1.3664 0.0000
vt 0.2223 1.3570 0.0000
vt 0.2215 1.3458 0.0000
vt 0.2285 1.3448 0.0000
vt 0.2149 1.3575 0.0000
vt 0.2147 1.3460 0.0000
vt 0.2201 1.3356 0.0000
vt 0.2130 1.3350 0.0000
vt 0.2275 1.3350 0.0000
vt 0.2073 1.3365 0.0000
vt 0.2070 1.3468 0.0000
vt 0.2078 1.3577 0.0000
vt 0.2053 1.3329 0.0000
vt 0.2080 1.3315 0.0000
vt 0.2102 1.3271 0.0000
vt 0.2137 1.3279 0.0000
vt 0.1999 1.3472 0.0000
vt 0.1989 1.3370 0.0000
vt 0.2006 1.3576 0.0000
vt 0.1939 1.3580 0.0000
vt 0.1933 1.3475 0.0000
vt 0.1933 1.3372 0.0000
vt 0.1983 1.3331 0.0000
vt 0.1929 1.3335 0.0000
vt 0.1872 1.3585 0.0000
vt 0.1864 1.3473 0.0000
vt 0.1874 1.3377 0.0000
vt 0.1856 1.3365 0.0000
vt 0.1852 1.3589 0.0000
vt 0.1842 1.3473 0.0000
vt 0.2139 1.3205 0.0000
vt 0.2104 1.3204 0.0000
vt 0.1783 1.3691 0.0000
vt 0.1769 1.3594 0.0000
vt 0.1759 1.3477 0.0000
vt 0.1757 1.3381 0.0000
vt 0.2087 1.3760 0.0000
vt 0.2092 1.3829 0.0000
vt 0.2022 1.3766 0.0000
vt 0.2028 1.3836 0.0000
vt 0.1953 1.3772 0.0000
vt 0.1960 1.3842 0.0000
vt 0.1880 1.3843 0.0000
vt 0.1875 1.3772 0.0000
vt 0.1795 1.3773 0.0000
vt 0.1796 1.3844 0.0000
vt 0.1697 1.3847 0.0000
vt 0.1689 1.3774 0.0000
vt 0.1689 1.3696 0.0000
vt 0.1673 1.3493 0.0000
vt 0.1662 1.3388 0.0000
vt 0.1680 1.3595 0.0000
vt 0.1602 1.3700 0.0000
vt 0.1612 1.3773 0.0000
vt 0.1616 1.3844 0.0000
vt 0.1576 1.3812 0.0000
vt 0.1562 1.3769 0.0000
vt 0.1565 1.3729 0.0000
vt 0.1594 1.3603 0.0000
vt 0.1591 1.3503 0.0000
vt 0.1591 1.3399 0.0000
vt 0.1546 1.3602 0.0000
vt 0.1549 1.3692 0.0000
vt 0.1544 1.3507 0.0000
vt 0.1547 1.3402 0.0000
vt 0.1758 1.3289 0.0000
vt 0.1849 1.3271 0.0000
vt 0.1926 1.3258 0.0000
vt 0.1981 1.3256 0.0000
vt 0.2048 1.3255 0.0000
vt 0.2054 1.3199 0.0000
vt 0.1980 1.3201 0.0000
vt 0.1919 1.3208 0.0000
vt 0.1840 1.3218 0.0000
vt 0.1746 1.3224 0.0000
vt 0.1655 1.3239 0.0000
vt 0.1668 1.3310 0.0000
vt 0.1584 1.3260 0.0000
vt 0.1585 1.3324 0.0000
vt 0.1551 1.3280 0.0000
vt 0.1537 1.3337 0.0000
vt 0.1508 1.3604 0.0000
vt 0.1505 1.3699 0.0000
vt 0.1505 1.3511 0.0000
vt 0.1487 1.3398 0.0000
vt 0.1461 1.3607 0.0000
vt 0.1455 1.3699 0.0000
vt 0.1448 1.3506 0.0000
vt 0.1426 1.3404 0.0000
vt 0.1393 1.3503 0.0000
vt 0.1391 1.3394 0.0000
vt 0.1398 1.3609 0.0000
vt 0.1405 1.3713 0.0000
vt 0.9667 1.6708 0.0000
vt 0.9665 1.6799 0.0000
vt 0.9566 1.6710 0.0000
vt 0.9563 1.6790 0.0000
vt 0.9767 1.6718 0.0000
vt 0.9780 1.6798 0.0000
vt 0.9463 1.6734 0.0000
vt 0.9459 1.6803 0.0000
vt 0.9460 1.6892 0.0000
vt 0.9561 1.6890 0.0000
vt 0.9667 1.6888 0.0000
vt 0.9780 1.6895 0.0000
vt 0.9670 1.6973 0.0000
vt 0.9781 1.6977 0.0000
vt 0.9563 1.6974 0.0000
vt 0.9459 1.6982 0.0000
vt 0.9564 1.7053 0.0000
vt 0.9672 1.7049 0.0000
vt 0.9459 1.7059 0.0000
vt 0.9780 1.7053 0.0000
vt 0.9460 1.7115 0.0000
vt 0.9566 1.7118 0.0000
vt 0.9673 1.7115 0.0000
vt 0.9781 1.7118 0.0000
vt 0.9462 1.7184 0.0000
vt 0.9566 1.7179 0.0000
vt 0.9780 1.7178 0.0000
vt 0.9672 1.7176 0.0000
vt 0.9671 1.7228 0.0000
vt 0.9566 1.7229 0.0000
vt 0.9467 1.7232 0.0000
vt 0.9774 1.7230 0.0000
vt 0.9564 1.7274 0.0000
vt 0.9469 1.7266 0.0000
vt 0.9672 1.7273 0.0000
vt 0.9779 1.7259 0.0000
vt 0.9567 1.1041 0.0000
vt 0.9539 1.1040 0.0000
vt 0.9565 1.0958 0.0000
vt 0.9538 1.0962 0.0000
vt 0.9094 1.0682 0.0000
vt 0.9156 1.0676 0.0000
vt 0.9107 1.0800 0.0000
vt 0.9169 1.0802 0.0000
vt 0.9554 1.0878 0.0000
vt 0.9517 1.0914 0.0000
vt 0.9488 1.0904 0.0000
vt 0.9497 1.0866 0.0000
vt 0.9417 1.0903 0.0000
vt 0.9417 1.0873 0.0000
vt 0.9363 1.0878 0.0000
vt 0.9342 1.0892 0.0000
vt 0.9330 1.0788 0.0000
vt 0.9311 1.0785 0.0000
vt 0.9316 1.0660 0.0000
vt 0.9298 1.0663 0.0000
vt 0.9307 1.0552 0.0000
vt 0.9289 1.0548 0.0000
vt 0.9320 1.0457 0.0000
vt 0.9297 1.0445 0.0000
vt 0.9400 1.0785 0.0000
vt 0.9389 1.0663 0.0000
vt 0.9375 1.0557 0.0000
vt 0.9377 1.0450 0.0000
vt 0.9365 1.0417 0.0000
vt 0.9483 1.0777 0.0000
vt 0.9474 1.0665 0.0000
vt 0.9465 1.0553 0.0000
vt 0.9463 1.0441 0.0000
vt 0.9434 1.0399 0.0000
vt 0.9463 1.0382 0.0000
vt 0.9510 1.0419 0.0000
vt 0.9551 1.0772 0.0000
vt 0.9533 1.0652 0.0000
vt 0.9522 1.0543 0.0000
vt 0.9638 1.0780 0.0000
vt 0.9637 1.0867 0.0000
vt 0.9623 1.0657 0.0000
vt 0.9611 1.0530 0.0000
vt 0.9476 1.0329 0.0000
vt 0.9504 1.0334 0.0000
vt 0.9597 1.0421 0.0000
vt 0.9492 1.0258 0.0000
vt 0.9460 1.0260 0.0000
vt 0.9673 1.0409 0.0000
vt 0.9694 1.0528 0.0000
vt 0.9711 1.0647 0.0000
vt 0.9716 1.0778 0.0000
vt 0.9140 1.0554 0.0000
vt 0.9082 1.0557 0.0000
vt 0.9073 1.0476 0.0000
vt 0.9132 1.0471 0.0000
vt 0.9178 1.0898 0.0000
vt 0.9111 1.0892 0.0000
vt 0.9181 1.0980 0.0000
vt 0.9264 1.0981 0.0000
vt 0.9184 1.1060 0.0000
vt 0.9256 1.1067 0.0000
vt 0.9721 1.0867 0.0000
vt 0.9265 1.0892 0.0000
vt 0.9023 1.8140 0.0000
vt 0.9019 1.8022 0.0000
vt 0.9050 1.8023 0.0000
vt 0.9065 1.8132 0.0000
vt 0.9035 1.8253 0.0000
vt 0.9081 1.8253 0.0000
vt 0.9046 1.8377 0.0000
vt 0.9095 1.8377 0.0000
vt 0.9064 1.8462 0.0000
vt 0.9090 1.8455 0.0000
vt 0.9426 1.0333 0.0000
vt 0.9417 1.0261 0.0000
vt 0.9258 1.0794 0.0000
vt 0.9342 1.0264 0.0000
vt 0.9360 1.0347 0.0000
vt 0.9246 1.0669 0.0000
vt 0.9272 1.0273 0.0000
vt 0.9287 1.0360 0.0000
vt 0.9229 1.0460 0.0000
vt 0.9235 1.0550 0.0000
vt 0.9494 1.0962 0.0000
vt 0.9493 1.1044 0.0000
vt 0.9415 1.0975 0.0000
vt 0.9420 1.1053 0.0000
vt 0.9275 1.8351 0.0000
vt 0.9352 1.8344 0.0000
vt 0.9359 1.8436 0.0000
vt 0.9288 1.8445 0.0000
vt 0.9335 1.0975 0.0000
vt 0.9331 1.1060 0.0000
vt 0.9337 1.8236 0.0000
vt 0.9262 1.8245 0.0000
vt 0.9106 1.8128 0.0000
vt 0.9088 1.8012 0.0000
vt 0.9123 1.8253 0.0000
vt 0.9136 1.8368 0.0000
vt 0.9134 1.8461 0.0000
vt 0.9159 1.8007 0.0000
vt 0.9177 1.8121 0.0000
vt 0.9192 1.8255 0.0000
vt 0.9201 1.8355 0.0000
vt 0.9203 1.8454 0.0000
vt 0.9225 1.8002 0.0000
vt 0.9242 1.8111 0.0000
vt 0.9316 1.8098 0.0000
vt 0.9219 1.0371 0.0000
vt 0.9203 1.0286 0.0000
vt 0.9291 1.7992 0.0000
vt 0.9119 1.0383 0.0000
vt 0.9062 1.0394 0.0000
vt 0.9113 1.0307 0.0000
vt 0.9059 1.0331 0.0000
vt 0.9391 1.8085 0.0000
vt 0.9380 1.7981 0.0000
vt 0.9409 1.8216 0.0000
vt 0.9423 1.8338 0.0000
vt 0.9428 1.8431 0.0000
vt 0.9444 1.8069 0.0000
vt 0.9438 1.7984 0.0000
vt 0.9461 1.8214 0.0000
vt 0.9474 1.8323 0.0000
vt 0.9479 1.8413 0.0000
vt 0.9129 1.1050 0.0000
vt 0.9121 1.0971 0.0000
vt 0.9029 1.0813 0.0000
vt 0.9046 1.0926 0.0000
vt 0.8939 1.0842 0.0000
vt 0.8967 1.0930 0.0000
vt 0.9005 1.0712 0.0000
vt 0.8916 1.0728 0.0000
vt 0.8989 1.0580 0.0000
vt 0.8911 1.0576 0.0000
vt 0.8992 1.0476 0.0000
vt 0.8931 1.0490 0.0000
vt 0.2479 1.9677 0.0000
vt 0.2481 1.9582 0.0000
vt 0.2561 1.9676 0.0000
vt 0.2566 1.9580 0.0000
vt 0.2482 1.9478 0.0000
vt 0.2566 1.9480 0.0000
vt 0.2656 1.9576 0.0000
vt 0.2713 1.9569 0.0000
vt 0.2708 1.9670 0.0000
vt 0.2648 1.9672 0.0000
vt 0.2656 1.9479 0.0000
vt 0.2719 1.9482 0.0000
vt 0.2570 1.9797 0.0000
vt 0.2478 1.9803 0.0000
vt 0.2649 1.9777 0.0000
vt 0.2711 1.9747 0.0000
vt 0.2483 1.9358 0.0000
vt 0.2583 1.9360 0.0000
vt 0.2679 1.9382 0.0000
vt 0.2719 1.9402 0.0000
vt 0.2804 1.9666 0.0000
vt 0.2803 1.9580 0.0000
vt 0.2813 1.9480 0.0000
vt 0.2789 1.9367 0.0000
vt 0.2797 1.9772 0.0000
vt 0.2923 1.9580 0.0000
vt 0.2926 1.9665 0.0000
vt 0.2921 1.9478 0.0000
vt 0.2923 1.9339 0.0000
vt 0.3043 1.9658 0.0000
vt 0.3039 1.9579 0.0000
vt 0.3030 1.9474 0.0000
vt 0.3026 1.9350 0.0000
vt 0.3093 1.9472 0.0000
vt 0.3095 1.9579 0.0000
vt 0.3098 1.9655 0.0000
vt 0.3096 1.9756 0.0000
vt 0.3040 1.9763 0.0000
vt 0.2926 1.9774 0.0000
vt 0.3090 1.9363 0.0000
vt 0.3177 1.9470 0.0000
vt 0.3179 1.9569 0.0000
vt 0.3182 1.9656 0.0000
vt 0.3171 1.9767 0.0000
vt 0.3168 1.9367 0.0000
vt 0.3297 1.9567 0.0000
vt 0.3296 1.9462 0.0000
vt 0.3297 1.9658 0.0000
vt 0.3291 1.9376 0.0000
vt 0.3450 1.9565 0.0000
vt 0.3450 1.9666 0.0000
vt 0.3446 1.9460 0.0000
vt 0.3607 1.9573 0.0000
vt 0.3605 1.9670 0.0000
vt 0.3601 1.9466 0.0000
vt 0.3757 1.9575 0.0000
vt 0.3754 1.9677 0.0000
vt 0.3760 1.9477 0.0000
vt 0.3916 1.9689 0.0000
vt 0.3922 1.9576 0.0000
vt 0.3928 1.9484 0.0000
vt 0.4093 1.9595 0.0000
vt 0.4088 1.9706 0.0000
vt 0.4106 1.9503 0.0000
vt 0.4269 1.9626 0.0000
vt 0.4255 1.9734 0.0000
vt 0.4278 1.9528 0.0000
vt 0.4437 1.9655 0.0000
vt 0.4423 1.9761 0.0000
vt 0.4450 1.9567 0.0000
vt 0.4633 1.9692 0.0000
vt 0.4610 1.9794 0.0000
vt 0.4648 1.9607 0.0000
vt 0.4816 1.9830 0.0000
vt 0.4838 1.9731 0.0000
vt 0.4853 1.9649 0.0000
vt 0.3435 1.9372 0.0000
vt 0.3613 1.9378 0.0000
vt 0.3762 1.9372 0.0000
vt 0.3947 1.9385 0.0000
vt 0.4107 1.9408 0.0000
vt 0.4280 1.9434 0.0000
vt 0.4453 1.9458 0.0000
vt 0.4668 1.9490 0.0000
vt 0.4874 1.9526 0.0000
vt 0.3289 1.9769 0.0000
vt 0.3435 1.9770 0.0000
vt 0.3610 1.9773 0.0000
vt 0.3750 1.9765 0.0000
vt 0.3907 1.9771 0.0000
vt 0.4072 1.9786 0.0000
vt 0.4229 1.9818 0.0000
vt 0.4401 1.9852 0.0000
vt 0.4578 1.9883 0.0000
vt 0.4793 1.9924 0.0000
vt 0.2398 1.9674 0.0000
vt 0.2395 1.9578 0.0000
vt 0.2398 1.9478 0.0000
vt 0.2311 1.9668 0.0000
vt 0.2251 1.9664 0.0000
vt 0.2305 1.9572 0.0000
vt 0.2248 1.9564 0.0000
vt 0.2308 1.9475 0.0000
vt 0.2245 1.9477 0.0000
vt 0.2386 1.9794 0.0000
vt 0.2307 1.9773 0.0000
vt 0.2246 1.9741 0.0000
vt 0.2384 1.9358 0.0000
vt 0.2287 1.9377 0.0000
vt 0.2246 1.9396 0.0000
vt 0.2158 1.9573 0.0000
vt 0.2155 1.9659 0.0000
vt 0.2150 1.9472 0.0000
vt 0.2177 1.9359 0.0000
vt 0.2160 1.9765 0.0000
vt 0.2033 1.9654 0.0000
vt 0.2038 1.9569 0.0000
vt 0.2042 1.9467 0.0000
vt 0.2044 1.9329 0.0000
vt 0.1923 1.9565 0.0000
vt 0.1916 1.9645 0.0000
vt 0.1934 1.9461 0.0000
vt 0.1941 1.9337 0.0000
vt 0.1866 1.9564 0.0000
vt 0.1870 1.9458 0.0000
vt 0.1861 1.9640 0.0000
vt 0.1917 1.9749 0.0000
vt 0.1861 1.9742 0.0000
vt 0.2031 1.9764 0.0000
vt 0.1876 1.9348 0.0000
vt 0.1783 1.9552 0.0000
vt 0.1786 1.9454 0.0000
vt 0.1778 1.9639 0.0000
vt 0.1786 1.9750 0.0000
vt 0.1798 1.9351 0.0000
vt 0.1668 1.9443 0.0000
vt 0.1664 1.9548 0.0000
vt 0.1663 1.9639 0.0000
vt 0.1675 1.9356 0.0000
vt 0.1512 1.9542 0.0000
vt 0.1510 1.9643 0.0000
vt 0.1517 1.9438 0.0000
vt 0.1354 1.9644 0.0000
vt 0.1355 1.9547 0.0000
vt 0.1363 1.9440 0.0000
vt 0.1205 1.9648 0.0000
vt 0.1205 1.9546 0.0000
vt 0.1203 1.9448 0.0000
vt 0.1043 1.9656 0.0000
vt 0.1039 1.9543 0.0000
vt 0.1035 1.9451 0.0000
vt 0.0868 1.9557 0.0000
vt 0.0871 1.9668 0.0000
vt 0.0857 1.9466 0.0000
vt 0.0691 1.9585 0.0000
vt 0.0703 1.9693 0.0000
vt 0.0684 1.9486 0.0000
vt 0.0523 1.9610 0.0000
vt 0.0535 1.9717 0.0000
vt 0.0512 1.9522 0.0000
vt 0.0326 1.9642 0.0000
vt 0.0347 1.9745 0.0000
vt 0.0312 1.9558 0.0000
vt 0.0140 1.9776 0.0000
vt 0.0120 1.9677 0.0000
vt 0.0107 1.9594 0.0000
vt 0.1531 1.9349 0.0000
vt 0.1353 1.9351 0.0000
vt 0.1204 1.9342 0.0000
vt 0.1019 1.9351 0.0000
vt 0.0858 1.9371 0.0000
vt 0.0684 1.9393 0.0000
vt 0.0511 1.9412 0.0000
vt 0.0295 1.9440 0.0000
vt 0.0088 1.9471 0.0000
vt 0.1668 1.9750 0.0000
vt 0.1522 1.9748 0.0000
vt 0.1347 1.9747 0.0000
vt 0.1207 1.9735 0.0000
vt 0.1050 1.9738 0.0000
vt 0.0885 1.9749 0.0000
vt 0.0727 1.9778 0.0000
vt 0.0554 1.9807 0.0000
vt 0.0377 1.9835 0.0000
vt 0.0161 1.9871 0.0000
vt 0.0506 1.8902 0.0000
vt 0.0508 1.8949 0.0000
vt 0.0439 1.8905 0.0000
vt 0.0439 1.8952 0.0000
vt 0.0501 1.8882 0.0000
vt 0.0439 1.8886 0.0000
vt 0.0576 1.8938 0.0000
vt 0.0574 1.8894 0.0000
vt 0.0643 1.8924 0.0000
vt 0.0635 1.8878 0.0000
vt 0.0564 1.8871 0.0000
vt 0.0632 1.8858 0.0000
vt 0.0510 1.8985 0.0000
vt 0.0438 1.8991 0.0000
vt 0.0578 1.8975 0.0000
vt 0.0648 1.8959 0.0000
vt 0.0759 1.8891 0.0000
vt 0.0762 1.8928 0.0000
vt 0.0746 1.8861 0.0000
vt 0.0745 1.8806 0.0000
vt 0.0743 1.8825 0.0000
vt 0.0369 1.8948 0.0000
vt 0.0371 1.8902 0.0000
vt 0.0377 1.8882 0.0000
vt 0.0302 1.8938 0.0000
vt 0.0303 1.8893 0.0000
vt 0.0234 1.8923 0.0000
vt 0.0242 1.8877 0.0000
vt 0.0313 1.8871 0.0000
vt 0.0246 1.8857 0.0000
vt 0.0367 1.8984 0.0000
vt 0.0299 1.8975 0.0000
vt 0.0229 1.8958 0.0000
vt 0.0115 1.8926 0.0000
vt 0.0119 1.8889 0.0000
vt 0.0132 1.8860 0.0000
vt 0.0134 1.8824 0.0000
vt 0.0133 1.8805 0.0000
vt 0.0495 1.8833 0.0000
vt 0.0439 1.8837 0.0000
vt 0.0555 1.8824 0.0000
vt 0.0617 1.8811 0.0000
vt 0.0729 1.8760 0.0000
vt 0.0382 1.8833 0.0000
vt 0.0322 1.8823 0.0000
vt 0.0260 1.8810 0.0000
vt 0.0148 1.8759 0.0000
vt 0.9858 1.9897 0.0000
vt 0.9815 1.9858 0.0000
vt 0.9840 1.9832 0.0000
vt 0.9883 1.9878 0.0000
vt 0.9914 1.9911 0.0000
vt 0.9887 1.9937 0.0000
vt 0.5525 1.9867 0.0000
vt 0.5524 1.9896 0.0000
vt 0.5473 1.9891 0.0000
vt 0.5472 1.9867 0.0000
vt 0.5591 1.9864 0.0000
vt 0.5600 1.9901 0.0000
vt 0.5639 1.9857 0.0000
vt 0.5649 1.9895 0.0000
vt 0.7491 1.9682 0.0000
vt 0.7423 1.9679 0.0000
vt 0.7427 1.9655 0.0000
vt 0.7495 1.9626 0.0000
vt 0.5813 1.9756 0.0000
vt 0.5773 1.9815 0.0000
vt 0.5736 1.9784 0.0000
vt 0.5764 1.9745 0.0000
vt 0.5819 1.9689 0.0000
vt 0.5773 1.9705 0.0000
vt 0.5756 1.9670 0.0000
vt 0.5728 1.9645 0.0000
vt 0.5812 1.9637 0.0000
vt 0.5762 1.9585 0.0000
vt 0.5658 1.9633 0.0000
vt 0.5683 1.9575 0.0000
vt 0.5598 1.9600 0.0000
vt 0.5602 1.9654 0.0000
vt 0.5533 1.9635 0.0000
vt 0.5534 1.9676 0.0000
vt 0.5469 1.9647 0.0000
vt 0.5469 1.9684 0.0000
vt 0.6119 1.9522 0.0000
vt 0.6077 1.9521 0.0000
vt 0.6085 1.9493 0.0000
vt 0.6122 1.9498 0.0000
vt 0.6024 1.9472 0.0000
vt 0.5985 1.9503 0.0000
vt 0.6223 1.9512 0.0000
vt 0.6165 1.9517 0.0000
vt 0.6223 1.9485 0.0000
vt 0.6165 1.9493 0.0000
vt 0.7477 1.9586 0.0000
vt 0.7425 1.9628 0.0000
vt 0.5827 1.9834 0.0000
vt 0.5880 1.9781 0.0000
vt 0.5876 1.9674 0.0000
vt 0.5862 1.9600 0.0000
vt 0.5799 1.9521 0.0000
vt 0.5691 1.9523 0.0000
vt 0.5594 1.9575 0.0000
vt 0.5526 1.9602 0.0000
vt 0.5468 1.9608 0.0000
vt 0.5519 1.9546 0.0000
vt 0.5467 1.9553 0.0000
vt 0.5568 1.9533 0.0000
vt 0.5708 1.9468 0.0000
vt 0.5812 1.9455 0.0000
vt 0.5910 1.9550 0.0000
vt 0.5923 1.9659 0.0000
vt 0.5938 1.9767 0.0000
vt 0.5814 1.9853 0.0000
vt 0.5889 1.9842 0.0000
vt 0.6276 1.9515 0.0000
vt 0.6281 1.9485 0.0000
vt 0.6363 1.9495 0.0000
vt 0.6352 1.9529 0.0000
vt 0.5961 1.9834 0.0000
vt 0.5529 1.9797 0.0000
vt 0.5527 1.9828 0.0000
vt 0.5471 1.9799 0.0000
vt 0.5471 1.9833 0.0000
vt 0.5583 1.9823 0.0000
vt 0.5582 1.9794 0.0000
vt 0.5628 1.9817 0.0000
vt 0.5626 1.9785 0.0000
vt 0.7339 1.9514 0.0000
vt 0.7334 1.9594 0.0000
vt 0.7292 1.9595 0.0000
vt 0.7293 1.9509 0.0000
vt 0.5719 1.9735 0.0000
vt 0.5702 1.9750 0.0000
vt 0.5726 1.9723 0.0000
vt 0.5723 1.9712 0.0000
vt 0.5712 1.9710 0.0000
vt 0.5683 1.9721 0.0000
vt 0.5632 1.9740 0.0000
vt 0.5553 1.9761 0.0000
vt 0.5471 1.9767 0.0000
vt 0.5514 1.9494 0.0000
vt 0.5466 1.9496 0.0000
vt 0.5567 1.9476 0.0000
vt 0.5709 1.9392 0.0000
vt 0.5845 1.9376 0.0000
vt 0.5895 1.9476 0.0000
vt 0.8496 1.9564 0.0000
vt 0.8468 1.9643 0.0000
vt 0.8429 1.9557 0.0000
vt 0.8404 1.9640 0.0000
vt 0.8333 1.9549 0.0000
vt 0.8309 1.9629 0.0000
vt 0.8255 1.9546 0.0000
vt 0.8222 1.9623 0.0000
vt 0.8196 1.9547 0.0000
vt 0.8164 1.9615 0.0000
vt 0.7371 1.9599 0.0000
vt 0.7392 1.9526 0.0000
vt 0.6440 1.9504 0.0000
vt 0.6430 1.9551 0.0000
vt 0.5465 1.9421 0.0000
vt 0.5512 1.9420 0.0000
vt 0.5563 1.9404 0.0000
vt 0.5652 1.9330 0.0000
vt 0.5731 1.9268 0.0000
vt 0.5463 1.9318 0.0000
vt 0.5542 1.9329 0.0000
vt 0.5576 1.9233 0.0000
vt 0.5461 1.9220 0.0000
vt 0.8108 1.9535 0.0000
vt 0.8077 1.9614 0.0000
vt 0.8000 1.9497 0.0000
vt 0.7975 1.9599 0.0000
vt 0.7904 1.9504 0.0000
vt 0.7867 1.9602 0.0000
vt 0.7831 1.9492 0.0000
vt 0.7801 1.9583 0.0000
vt 0.6521 1.9560 0.0000
vt 0.6535 1.9523 0.0000
vt 0.6628 1.9576 0.0000
vt 0.6632 1.9550 0.0000
vt 0.6714 1.9576 0.0000
vt 0.6718 1.9607 0.0000
vt 0.6811 1.9658 0.0000
vt 0.6793 1.9664 0.0000
vt 0.6863 1.9719 0.0000
vt 0.6906 1.9796 0.0000
vt 0.6863 1.9797 0.0000
vt 0.6837 1.9725 0.0000
vt 0.6883 1.9917 0.0000
vt 0.6888 1.9923 0.0000
vt 0.7436 1.9546 0.0000
vt 0.7403 1.9608 0.0000
vt 0.6843 1.9810 0.0000
vt 0.6850 1.9895 0.0000
vt 0.6815 1.9739 0.0000
vt 0.6769 1.9687 0.0000
vt 0.6700 1.9677 0.0000
vt 0.6969 1.9842 0.0000
vt 0.7002 1.9853 0.0000
vt 0.6953 1.9880 0.0000
vt 0.9777 1.9828 0.0000
vt 0.9807 1.9798 0.0000
vt 0.9741 1.9797 0.0000
vt 0.9776 1.9765 0.0000
vt 0.6046 1.9657 0.0000
vt 0.6029 1.9606 0.0000
vt 0.6070 1.9620 0.0000
vt 0.6057 1.9588 0.0000
vt 0.6007 1.9559 0.0000
vt 0.6057 1.9554 0.0000
vt 0.6278 1.9634 0.0000
vt 0.6312 1.9627 0.0000
vt 0.6296 1.9663 0.0000
vt 0.6335 1.9653 0.0000
vt 0.6096 1.9634 0.0000
vt 0.6132 1.9656 0.0000
vt 0.6118 1.9693 0.0000
vt 0.6073 1.9663 0.0000
vt 0.6183 1.9720 0.0000
vt 0.6196 1.9682 0.0000
vt 0.6236 1.9746 0.0000
vt 0.6241 1.9694 0.0000
vt 0.6168 1.9750 0.0000
vt 0.6938 1.9831 0.0000
vt 0.6923 1.9898 0.0000
vt 0.6843 1.9911 0.0000
vt 0.6810 1.9894 0.0000
vt 0.6817 1.9875 0.0000
vt 0.6674 1.9746 0.0000
vt 0.6733 1.9760 0.0000
vt 0.6715 1.9839 0.0000
vt 0.6648 1.9824 0.0000
vt 0.6775 1.9799 0.0000
vt 0.6766 1.9851 0.0000
vt 0.6813 1.9831 0.0000
vt 0.6243 1.9661 0.0000
vt 0.6196 1.9662 0.0000
vt 0.6205 1.9636 0.0000
vt 0.6246 1.9640 0.0000
vt 0.6595 1.9748 0.0000
vt 0.6579 1.9818 0.0000
vt 0.6149 1.9645 0.0000
vt 0.6172 1.9619 0.0000
vt 0.6156 1.9609 0.0000
vt 0.6130 1.9607 0.0000
vt 0.6319 1.9583 0.0000
vt 0.6358 1.9614 0.0000
vt 0.6324 1.9620 0.0000
vt 0.6293 1.9604 0.0000
vt 0.6254 1.9597 0.0000
vt 0.6266 1.9567 0.0000
vt 0.6215 1.9572 0.0000
vt 0.6217 1.9599 0.0000
vt 0.5670 1.9764 0.0000
vt 0.5679 1.9808 0.0000
vt 0.6160 1.9576 0.0000
vt 0.6177 1.9598 0.0000
vt 0.6351 1.9632 0.0000
vt 0.6319 1.9624 0.0000
vt 0.6390 1.9751 0.0000
vt 0.6313 1.9756 0.0000
vt 0.6372 1.9702 0.0000
vt 0.6299 1.9708 0.0000
vt 0.5695 1.9846 0.0000
vt 0.6389 1.9592 0.0000
vt 0.6397 1.9654 0.0000
vt 0.6111 1.9609 0.0000
vt 0.6093 1.9612 0.0000
vt 0.6146 1.9559 0.0000
vt 0.6211 1.9548 0.0000
vt 0.6270 1.9541 0.0000
vt 0.5762 1.9866 0.0000
vt 0.5703 1.9884 0.0000
vt 0.6335 1.9553 0.0000
vt 0.6229 1.9616 0.0000
vt 0.6502 1.9750 0.0000
vt 0.6518 1.9665 0.0000
vt 0.6619 1.9668 0.0000
vt 0.6644 1.9859 0.0000
vt 0.6573 1.9851 0.0000
vt 0.6496 1.9846 0.0000
vt 0.6395 1.9847 0.0000
vt 0.6496 1.9818 0.0000
vt 0.6395 1.9820 0.0000
vt 0.6317 1.9823 0.0000
vt 0.6310 1.9848 0.0000
vt 0.6446 1.9657 0.0000
vt 0.6756 1.9879 0.0000
vt 0.6706 1.9869 0.0000
vt 0.6228 1.9788 0.0000
vt 0.6209 1.9813 0.0000
vt 0.6154 1.9763 0.0000
vt 0.6102 1.9700 0.0000
vt 0.6100 1.9556 0.0000
vt 0.7476 1.9728 0.0000
vt 0.7410 1.9689 0.0000
vt 0.7459 1.9771 0.0000
vt 0.7395 1.9693 0.0000
vt 0.7429 1.9799 0.0000
vt 0.7380 1.9689 0.0000
vt 0.7400 1.9820 0.0000
vt 0.7363 1.9689 0.0000
vt 0.7368 1.9824 0.0000
vt 0.7341 1.9692 0.0000
vt 0.7331 1.9827 0.0000
vt 0.7323 1.9692 0.0000
vt 0.7292 1.9830 0.0000
vt 0.7292 1.9693 0.0000
vt 0.7292 1.9645 0.0000
vt 0.7332 1.9644 0.0000
vt 0.7358 1.9645 0.0000
vt 0.7383 1.9648 0.0000
vt 0.7405 1.9652 0.0000
vt 0.8458 1.9473 0.0000
vt 0.8543 1.9493 0.0000
vt 0.8358 1.9464 0.0000
vt 0.8254 1.9439 0.0000
vt 0.8184 1.9445 0.0000
vt 0.8103 1.9468 0.0000
vt 0.8502 1.9400 0.0000
vt 0.8597 1.9444 0.0000
vt 0.0355 1.7134 0.0000
vt 0.0453 1.7114 0.0000
vt 0.0458 1.7215 0.0000
vt 0.0353 1.7217 0.0000
vt 0.0558 1.7083 0.0000
vt 0.0552 1.7180 0.0000
vt 0.0650 1.7146 0.0000
vt 0.0634 1.7037 0.0000
vt 0.0742 1.6950 0.0000
vt 0.0761 1.7106 0.0000
vt 0.0893 1.7096 0.0000
vt 0.0915 1.6952 0.0000
vt 0.0843 1.6809 0.0000
vt 0.0965 1.6821 0.0000
vt 0.0893 1.6680 0.0000
vt 0.0992 1.6693 0.0000
vt 0.1002 1.6575 0.0000
vt 0.0905 1.6576 0.0000
vt 0.8632 1.9361 0.0000
vt 0.8556 1.9322 0.0000
vt 0.8595 1.9247 0.0000
vt 0.8624 1.9147 0.0000
vt 0.8667 1.9276 0.0000
vt 0.8709 1.9181 0.0000
vt 0.0432 1.7418 0.0000
vt 0.0417 1.7529 0.0000
vt 0.0314 1.7507 0.0000
vt 0.0328 1.7400 0.0000
vt 0.0344 1.7313 0.0000
vt 0.0443 1.7305 0.0000
vt 0.0542 1.7422 0.0000
vt 0.0535 1.7550 0.0000
vt 0.0544 1.7293 0.0000
vt 0.0650 1.7279 0.0000
vt 0.0656 1.7417 0.0000
vt 0.0669 1.7561 0.0000
vt 0.0673 1.7716 0.0000
vt 0.0518 1.7685 0.0000
vt 0.0391 1.7650 0.0000
vt 0.0284 1.7621 0.0000
vt 0.0341 1.7769 0.0000
vt 0.0221 1.7729 0.0000
vt 0.0261 1.7881 0.0000
vt 0.0195 1.7946 0.0000
vt 0.0116 1.7846 0.0000
vt 0.8753 1.9082 0.0000
vt 0.8666 1.9034 0.0000
vt 0.8736 1.8919 0.0000
vt 0.8830 1.8978 0.0000
vt 0.6980 1.6775 0.0000
vt 0.7029 1.6933 0.0000
vt 0.6903 1.6934 0.0000
vt 0.6892 1.6780 0.0000
vt 0.0390 1.7971 0.0000
vt 0.0283 1.8066 0.0000
vt 0.0475 1.7829 0.0000
vt 0.0545 1.8069 0.0000
vt 0.0386 1.8215 0.0000
vt 0.0643 1.7892 0.0000
vt 0.0751 1.7273 0.0000
vt 0.0775 1.7413 0.0000
vt 0.0814 1.7565 0.0000
vt 0.0845 1.7736 0.0000
vt 0.0869 1.7971 0.0000
vt 0.0713 1.8230 0.0000
vt 0.1329 1.8422 0.0000
vt 0.1485 1.8507 0.0000
vt 0.1205 1.8634 0.0000
vt 0.1391 1.8734 0.0000
vt 0.1654 1.8570 0.0000
vt 0.1582 1.8806 0.0000
vt 0.1560 1.8293 0.0000
vt 0.1707 1.8350 0.0000
vt 0.1430 1.8213 0.0000
vt 0.0869 1.7250 0.0000
vt 0.0911 1.7403 0.0000
vt 0.0969 1.7554 0.0000
vt 0.1021 1.7699 0.0000
vt 0.1080 1.7865 0.0000
vt 0.1149 1.6575 0.0000
vt 0.1143 1.6700 0.0000
vt 0.1116 1.6825 0.0000
vt 0.1072 1.6957 0.0000
vt 0.1048 1.7096 0.0000
vt 0.1046 1.7239 0.0000
vt 0.1093 1.7406 0.0000
vt 0.1185 1.7631 0.0000
vt 0.1136 1.7523 0.0000
vt 0.1233 1.7761 0.0000
vt 0.1316 1.7876 0.0000
vt 0.1192 1.8041 0.0000
vt 0.1043 1.8204 0.0000
vt 0.1515 1.8022 0.0000
vt 0.1619 1.8087 0.0000
vt 0.7091 1.9247 0.0000
vt 0.7108 1.9423 0.0000
vt 0.6909 1.9250 0.0000
vt 0.6896 1.9428 0.0000
vt 0.6253 1.9143 0.0000
vt 0.6100 1.8990 0.0000
vt 0.6295 1.8905 0.0000
vt 0.6408 1.9037 0.0000
vt 0.6010 1.8824 0.0000
vt 0.6224 1.8748 0.0000
vt 0.6175 1.8555 0.0000
vt 0.5936 1.8655 0.0000
vt 0.6098 1.8430 0.0000
vt 0.5893 1.8523 0.0000
vt 0.1897 1.6575 0.0000
vt 0.2080 1.6575 0.0000
vt 0.1940 1.6736 0.0000
vt 0.2157 1.6758 0.0000
vt 0.1974 1.6882 0.0000
vt 0.2199 1.6889 0.0000
vt 0.2205 1.7054 0.0000
vt 0.1981 1.7034 0.0000
vt 0.1962 1.7196 0.0000
vt 0.2194 1.7239 0.0000
vt 0.1911 1.7368 0.0000
vt 0.2144 1.7424 0.0000
vt 0.2015 1.7621 0.0000
vt 0.1823 1.7550 0.0000
vt 0.1524 1.7280 0.0000
vt 0.1715 1.7323 0.0000
vt 0.1639 1.7493 0.0000
vt 0.1443 1.7448 0.0000
vt 0.1239 1.7250 0.0000
vt 0.1329 1.7090 0.0000
vt 0.1554 1.7125 0.0000
vt 0.1359 1.6958 0.0000
vt 0.1569 1.6986 0.0000
vt 0.1559 1.6854 0.0000
vt 0.1357 1.6835 0.0000
vt 0.1527 1.6723 0.0000
vt 0.1307 1.6701 0.0000
vt 0.1469 1.6575 0.0000
vt 0.1285 1.6575 0.0000
vt 0.1754 1.7160 0.0000
vt 0.1771 1.7012 0.0000
vt 0.1762 1.6869 0.0000
vt 0.1727 1.6728 0.0000
vt 0.1679 1.6575 0.0000
vt 0.2167 1.7674 0.0000
vt 0.2271 1.7480 0.0000
vt 0.2352 1.7268 0.0000
vt 0.2368 1.7044 0.0000
vt 0.2339 1.6844 0.0000
vt 0.2301 1.6699 0.0000
vt 0.2244 1.6574 0.0000
vt 0.1240 1.7422 0.0000
vt 0.6540 1.9143 0.0000
vt 0.6448 1.9302 0.0000
vt 0.6714 1.9201 0.0000
vt 0.6651 1.9446 0.0000
vt 0.5971 1.8331 0.0000
vt 0.5812 1.8424 0.0000
vt 0.5833 1.8232 0.0000
vt 0.5705 1.8356 0.0000
vt 0.5557 1.8269 0.0000
vt 0.5687 1.8094 0.0000
vt 0.9053 1.8494 0.0000
vt 0.8896 1.8696 0.0000
vt 0.8729 1.8456 0.0000
vt 0.8836 1.8389 0.0000
vt 0.8573 1.8781 0.0000
vt 0.8538 1.8564 0.0000
vt 0.8370 1.8834 0.0000
vt 0.8308 1.8639 0.0000
vt 0.8049 1.8782 0.0000
vt 0.7938 1.8864 0.0000
vt 0.7885 1.8525 0.0000
vt 0.7769 1.8620 0.0000
vt 0.8012 1.9117 0.0000
vt 0.7846 1.8953 0.0000
vt 0.8145 1.9008 0.0000
vt 0.7326 1.9426 0.0000
vt 0.7276 1.9235 0.0000
vt 0.7534 1.9388 0.0000
vt 0.7454 1.9205 0.0000
vt 0.7733 1.9042 0.0000
vt 0.7867 1.9220 0.0000
vt 0.2578 1.7583 0.0000
vt 0.2443 1.7758 0.0000
vt 0.2393 1.7528 0.0000
vt 0.2310 1.7711 0.0000
vt 0.2832 1.7968 0.0000
vt 0.2794 1.8191 0.0000
vt 0.2577 1.7982 0.0000
vt 0.2526 1.8144 0.0000
vt 0.2808 1.7691 0.0000
vt 0.2554 1.7861 0.0000
vt 0.2746 1.8429 0.0000
vt 0.2483 1.8412 0.0000
vt 0.2231 1.8204 0.0000
vt 0.2212 1.8426 0.0000
vt 0.2003 1.8416 0.0000
vt 0.2010 1.8190 0.0000
vt 0.1860 1.8179 0.0000
vt 0.1842 1.8390 0.0000
vt 0.1732 1.8148 0.0000
vt 0.2709 1.8654 0.0000
vt 0.2438 1.8655 0.0000
vt 0.2430 1.8887 0.0000
vt 0.2707 1.8878 0.0000
vt 0.2749 1.9102 0.0000
vt 0.2510 1.9147 0.0000
vt 0.2233 1.9162 0.0000
vt 0.2182 1.8891 0.0000
vt 0.2198 1.8657 0.0000
vt 0.1982 1.8644 0.0000
vt 0.1951 1.8880 0.0000
vt 0.1950 1.9145 0.0000
vt 0.1763 1.8855 0.0000
vt 0.1721 1.9113 0.0000
vt 0.1809 1.8618 0.0000
vt 0.0527 1.8398 0.0000
vt 0.8927 1.8871 0.0000
vt 0.8844 1.8783 0.0000
vt 0.0873 1.8384 0.0000
vt 0.1502 1.9056 0.0000
vt 0.1276 1.8968 0.0000
vt 0.1062 1.8857 0.0000
vt 0.0688 1.8572 0.0000
vt 0.2947 1.8856 0.0000
vt 0.2977 1.9066 0.0000
vt 0.2964 1.8645 0.0000
vt 0.3009 1.8425 0.0000
vt 0.3049 1.8198 0.0000
vt 0.3117 1.7712 0.0000
vt 0.3093 1.7972 0.0000
vt 0.2893 1.7402 0.0000
vt 0.3164 1.7450 0.0000
vt 0.2943 1.7149 0.0000
vt 0.3197 1.7184 0.0000
vt 0.3215 1.6958 0.0000
vt 0.2962 1.6936 0.0000
vt 0.2652 1.7342 0.0000
vt 0.2471 1.7313 0.0000
vt 0.5623 1.7979 0.0000
vt 0.5438 1.8125 0.0000
vt 0.2510 1.7082 0.0000
vt 0.2710 1.7105 0.0000
vt 0.2730 1.6906 0.0000
vt 0.2509 1.6873 0.0000
vt 0.2479 1.6704 0.0000
vt 0.2469 1.6574 0.0000
vt 0.2723 1.6574 0.0000
vt 0.2723 1.6730 0.0000
vt 0.2968 1.6749 0.0000
vt 0.2973 1.6574 0.0000
vt 0.3228 1.6762 0.0000
vt 0.3231 1.6574 0.0000
vt 0.3495 1.6769 0.0000
vt 0.3499 1.6574 0.0000
vt 0.3483 1.6971 0.0000
vt 0.3459 1.7214 0.0000
vt 0.3426 1.7480 0.0000
vt 0.3384 1.7749 0.0000
vt 0.3345 1.8003 0.0000
vt 0.3293 1.8267 0.0000
vt 0.3188 1.8852 0.0000
vt 0.3210 1.9043 0.0000
vt 0.3194 1.8656 0.0000
vt 0.3241 1.8464 0.0000
vt 0.2655 1.2892 0.0000
vt 0.2781 1.2967 0.0000
vt 0.2530 1.3130 0.0000
vt 0.2632 1.3195 0.0000
vt 0.2730 1.3280 0.0000
vt 0.2915 1.3068 0.0000
vt 0.3050 1.3242 0.0000
vt 0.2852 1.3413 0.0000
vt 0.3166 1.3404 0.0000
vt 0.2981 1.3580 0.0000
vt 0.3098 1.3777 0.0000
vt 0.3302 1.3605 0.0000
vt 0.3437 1.3845 0.0000
vt 0.3215 1.3966 0.0000
vt 0.3334 1.4184 0.0000
vt 0.3577 1.4089 0.0000
vt 0.3413 1.4364 0.0000
vt 0.3656 1.4260 0.0000
vt 0.3471 1.4557 0.0000
vt 0.3715 1.4459 0.0000
vt 0.3782 1.4659 0.0000
vt 0.3548 1.4742 0.0000
vt 0.3853 1.4846 0.0000
vt 0.3610 1.4927 0.0000
vt 0.6355 1.8578 0.0000
vt 0.6396 1.8678 0.0000
vt 0.6492 1.8490 0.0000
vt 0.6548 1.8589 0.0000
vt 0.6593 1.8694 0.0000
vt 0.6455 1.8791 0.0000
vt 0.6723 1.8499 0.0000
vt 0.6693 1.8351 0.0000
vt 0.6904 1.8436 0.0000
vt 0.6915 1.8236 0.0000
vt 0.7153 1.8208 0.0000
vt 0.7136 1.8417 0.0000
vt 0.7322 1.8470 0.0000
vt 0.7377 1.8265 0.0000
vt 0.7632 1.8462 0.0000
vt 0.7531 1.8597 0.0000
vt 0.7663 1.8755 0.0000
vt 0.7601 1.9133 0.0000
vt 0.7707 1.9313 0.0000
vt 0.6918 1.9080 0.0000
vt 0.7079 1.9088 0.0000
vt 0.6935 1.8961 0.0000
vt 0.7068 1.8964 0.0000
vt 0.6820 1.8808 0.0000
vt 0.6858 1.8867 0.0000
vt 0.6731 1.8879 0.0000
vt 0.6819 1.8934 0.0000
vt 0.7107 1.8570 0.0000
vt 0.6907 1.8578 0.0000
vt 0.6535 1.8901 0.0000
vt 0.6641 1.9002 0.0000
vt 0.6770 1.9046 0.0000
vt 0.6647 1.8793 0.0000
vt 0.6747 1.8619 0.0000
vt 0.6777 1.8722 0.0000
vt 0.6913 1.8690 0.0000
vt 0.7089 1.8690 0.0000
vt 0.6931 1.8785 0.0000
vt 0.7072 1.8789 0.0000
vt 0.6945 1.8870 0.0000
vt 0.7059 1.8873 0.0000
vt 0.7147 1.8879 0.0000
vt 0.7190 1.8950 0.0000
vt 0.7232 1.9078 0.0000
vt 0.7188 1.8821 0.0000
vt 0.7284 1.8897 0.0000
vt 0.7357 1.9026 0.0000
vt 0.7562 1.8855 0.0000
vt 0.1034 1.8518 0.0000
vt 0.1183 1.8323 0.0000
vt 0.7234 1.8731 0.0000
vt 0.7282 1.8618 0.0000
vt 0.7433 1.8715 0.0000
vt 0.1312 1.8132 0.0000
vt 0.1412 1.7953 0.0000
vt 0.7466 1.8950 0.0000
vt 0.7361 1.8815 0.0000
vt 0.0870 1.8727 0.0000
vt 0.6407 1.8392 0.0000
vt 0.6294 1.8473 0.0000
vt 0.6619 1.8238 0.0000
vt 0.6886 1.8114 0.0000
vt 0.7168 1.8106 0.0000
vt 0.7420 1.8170 0.0000
vt 0.7703 1.8353 0.0000
vt 0.8144 1.8734 0.0000
vt 0.8253 1.8911 0.0000
vt 0.6940 1.7917 0.0000
vt 0.7171 1.7938 0.0000
vt 0.7364 1.7523 0.0000
vt 0.7220 1.7518 0.0000
vt 0.7341 1.7383 0.0000
vt 0.7221 1.7395 0.0000
vt 0.7233 1.7304 0.0000
vt 0.7357 1.7304 0.0000
vt 0.8524 1.8484 0.0000
vt 0.8292 1.8547 0.0000
vt 0.8484 1.8344 0.0000
vt 0.8254 1.8365 0.0000
vt 0.6716 1.7879 0.0000
vt 0.6665 1.8062 0.0000
vt 0.6471 1.8001 0.0000
vt 0.6530 1.7827 0.0000
vt 0.6581 1.7654 0.0000
vt 0.6419 1.7614 0.0000
vt 0.6618 1.7487 0.0000
vt 0.6458 1.7442 0.0000
vt 0.6323 1.8332 0.0000
vt 0.6179 1.8278 0.0000
vt 0.6411 1.8168 0.0000
vt 0.6372 1.7782 0.0000
vt 0.6320 1.7945 0.0000
vt 0.6259 1.8113 0.0000
vt 0.7358 1.6946 0.0000
vt 0.7505 1.6947 0.0000
vt 0.7493 1.6977 0.0000
vt 0.7357 1.6986 0.0000
vt 0.6049 1.8230 0.0000
vt 0.6124 1.8067 0.0000
vt 0.5924 1.8154 0.0000
vt 0.5975 1.8013 0.0000
vt 0.6039 1.7845 0.0000
vt 0.6176 1.7893 0.0000
vt 0.5793 1.8052 0.0000
vt 0.5897 1.7792 0.0000
vt 0.5835 1.7935 0.0000
vt 0.5951 1.7657 0.0000
vt 0.6092 1.7693 0.0000
vt 0.6228 1.7729 0.0000
vt 0.6960 1.7745 0.0000
vt 0.6773 1.7704 0.0000
vt 0.7186 1.7777 0.0000
vt 0.7478 1.7063 0.0000
vt 0.7351 1.7071 0.0000
vt 0.7349 1.7162 0.0000
vt 0.7474 1.7154 0.0000
vt 0.8245 1.8188 0.0000
vt 0.8451 1.8166 0.0000
vt 0.8062 1.7877 0.0000
vt 0.8276 1.7866 0.0000
vt 0.8253 1.8024 0.0000
vt 0.8052 1.8050 0.0000
vt 0.7355 1.7269 0.0000
vt 0.7485 1.7257 0.0000
vt 0.7669 1.7426 0.0000
vt 0.7818 1.7339 0.0000
vt 0.7862 1.7435 0.0000
vt 0.7014 1.7467 0.0000
vt 0.7066 1.7391 0.0000
vt 0.7226 1.7568 0.0000
vt 0.7992 1.7440 0.0000
vt 0.7967 1.7295 0.0000
vt 0.8228 1.7458 0.0000
vt 0.8108 1.7443 0.0000
vt 0.8126 1.7275 0.0000
vt 0.8272 1.7294 0.0000
vt 0.7759 1.7285 0.0000
vt 0.7606 1.7354 0.0000
vt 0.8450 1.8001 0.0000
vt 0.8470 1.7848 0.0000
vt 0.8328 1.7718 0.0000
vt 0.8494 1.7703 0.0000
vt 0.8069 1.7684 0.0000
vt 0.7372 1.7572 0.0000
vt 0.8042 1.8222 0.0000
vt 0.8041 1.8413 0.0000
vt 0.6268 1.7570 0.0000
vt 0.6132 1.7544 0.0000
vt 0.5996 1.7526 0.0000
vt 0.7232 1.7265 0.0000
vt 0.7820 1.7562 0.0000
vt 0.7814 1.7694 0.0000
vt 0.7579 1.7679 0.0000
vt 0.7545 1.7565 0.0000
vt 0.7980 1.7574 0.0000
vt 0.8096 1.7585 0.0000
vt 0.8221 1.7597 0.0000
vt 0.8353 1.7595 0.0000
vt 0.8515 1.7557 0.0000
vt 0.7369 1.7665 0.0000
vt 0.7198 1.7646 0.0000
vt 0.7512 1.7508 0.0000
vt 0.7794 1.7842 0.0000
vt 0.7798 1.8018 0.0000
vt 0.7805 1.8190 0.0000
vt 0.7814 1.8300 0.0000
vt 0.6978 1.7598 0.0000
vt 0.6804 1.7542 0.0000
vt 0.6846 1.7419 0.0000
vt 0.8459 1.7368 0.0000
vt 0.8355 1.7481 0.0000
vt 0.8098 1.8568 0.0000
vt 0.6669 1.7329 0.0000
vt 0.6493 1.7270 0.0000
vt 0.6299 1.7406 0.0000
vt 0.6315 1.7232 0.0000
vt 0.6157 1.7392 0.0000
vt 0.6157 1.7217 0.0000
vt 0.6029 1.7401 0.0000
vt 0.6045 1.7303 0.0000
vt 0.5949 1.7272 0.0000
vt 0.5910 1.7376 0.0000
vt 0.8758 1.7651 0.0000
vt 0.8620 1.7681 0.0000
vt 0.8620 1.7527 0.0000
vt 0.8756 1.7516 0.0000
vt 0.7465 1.7363 0.0000
vt 0.7487 1.7289 0.0000
vt 0.7598 1.7289 0.0000
vt 0.7064 1.7306 0.0000
vt 0.7099 1.7264 0.0000
vt 0.7577 1.7254 0.0000
vt 0.7585 1.7135 0.0000
vt 0.7224 1.7173 0.0000
vt 0.7082 1.7186 0.0000
vt 0.7031 1.7211 0.0000
vt 0.7074 1.7090 0.0000
vt 0.7019 1.7096 0.0000
vt 0.7032 1.7009 0.0000
vt 0.7074 1.7024 0.0000
vt 0.7225 1.7081 0.0000
vt 0.7590 1.7052 0.0000
vt 0.7619 1.7149 0.0000
vt 0.7638 1.7056 0.0000
vt 0.7603 1.6987 0.0000
vt 0.7648 1.6968 0.0000
vt 0.7229 1.7001 0.0000
vt 0.7219 1.6966 0.0000
vt 0.7357 1.7793 0.0000
vt 0.7563 1.7822 0.0000
vt 0.7376 1.7970 0.0000
vt 0.7576 1.7993 0.0000
vt 0.7605 1.8178 0.0000
vt 0.8682 1.8394 0.0000
vt 0.8627 1.8271 0.0000
vt 0.8611 1.8123 0.0000
vt 0.8617 1.7978 0.0000
vt 0.8629 1.7831 0.0000
vt 0.8821 1.8330 0.0000
vt 0.5676 1.7959 0.0000
vt 0.8777 1.8230 0.0000
vt 0.5690 1.7855 0.0000
vt 0.8767 1.8090 0.0000
vt 0.5730 1.7730 0.0000
vt 0.5793 1.7611 0.0000
vt 0.8767 1.7944 0.0000
vt 0.8759 1.7798 0.0000
vt 0.5855 1.7494 0.0000
vt 0.6891 1.7367 0.0000
vt 0.8660 1.7397 0.0000
vt 0.8749 1.7394 0.0000
vt 0.5999 1.7197 0.0000
vt 0.7940 1.7225 0.0000
vt 0.8121 1.7197 0.0000
vt 0.8287 1.7236 0.0000
vt 0.8488 1.7309 0.0000
vt 0.8644 1.7320 0.0000
vt 0.8763 1.7295 0.0000
vt 0.5992 1.7136 0.0000
vt 0.6146 1.7137 0.0000
vt 0.6295 1.7142 0.0000
vt 0.6500 1.7183 0.0000
vt 0.6680 1.7263 0.0000
vt 0.6882 1.7255 0.0000
vt 0.6699 1.7171 0.0000
vt 0.6521 1.7090 0.0000
vt 0.6349 1.7034 0.0000
vt 0.6196 1.7001 0.0000
vt 0.6034 1.6979 0.0000
vt 0.8758 1.7090 0.0000
vt 0.8606 1.7127 0.0000
vt 0.8456 1.7129 0.0000
vt 0.8280 1.7109 0.0000
vt 0.8114 1.7104 0.0000
vt 0.7945 1.7132 0.0000
vt 0.7762 1.7201 0.0000
vt 0.7775 1.7061 0.0000
vt 0.7940 1.7011 0.0000
vt 0.8107 1.6982 0.0000
vt 0.8267 1.6971 0.0000
vt 0.8424 1.6966 0.0000
vt 0.8577 1.6955 0.0000
vt 0.8723 1.6915 0.0000
vt 0.6072 1.6847 0.0000
vt 0.6233 1.6872 0.0000
vt 0.6382 1.6909 0.0000
vt 0.6544 1.6964 0.0000
vt 0.6723 1.7040 0.0000
vt 0.6893 1.7112 0.0000
vt 0.9743 1.9731 0.0000
vt 0.9709 1.9762 0.0000
vt 0.9679 1.9808 0.0000
vt 0.9668 1.9771 0.0000
vt 0.9606 1.9786 0.0000
vt 0.9616 1.9749 0.0000
vt 0.9534 1.9769 0.0000
vt 0.9536 1.9720 0.0000
vt 0.9429 1.9761 0.0000
vt 0.9444 1.9722 0.0000
vt 0.9343 1.9760 0.0000
vt 0.9369 1.9710 0.0000
vt 0.9288 1.9683 0.0000
vt 0.9242 1.9736 0.0000
vt 0.9219 1.9650 0.0000
vt 0.9165 1.9697 0.0000
vt 0.9154 1.9605 0.0000
vt 0.9098 1.9647 0.0000
vt 0.9094 1.9553 0.0000
vt 0.9044 1.9591 0.0000
vt 0.9655 1.9717 0.0000
vt 0.9695 1.9679 0.0000
vt 0.9651 1.9634 0.0000
vt 0.9596 1.9677 0.0000
vt 0.9545 1.9624 0.0000
vt 0.9597 1.9576 0.0000
vt 0.9492 1.9664 0.0000
vt 0.9444 1.9685 0.0000
vt 0.9398 1.9666 0.0000
vt 0.9340 1.9640 0.0000
vt 0.9044 1.9505 0.0000
vt 0.9000 1.9539 0.0000
vt 0.9003 1.9468 0.0000
vt 0.8961 1.9501 0.0000
vt 0.8966 1.9415 0.0000
vt 0.8927 1.9460 0.0000
vt 0.8880 1.9413 0.0000
vt 0.8898 1.9368 0.0000
vt 0.9497 1.9576 0.0000
vt 0.9547 1.9524 0.0000
vt 0.9445 1.9624 0.0000
vt 0.9394 1.9586 0.0000
vt 0.9447 1.9530 0.0000
vt 0.9504 1.9479 0.0000
vt 0.9457 1.9429 0.0000
vt 0.9396 1.9485 0.0000
vt 0.9338 1.9541 0.0000
vt 0.9280 1.9606 0.0000
vt 0.6761 1.6759 0.0000
vt 0.6749 1.6894 0.0000
vt 0.8780 1.9220 0.0000
vt 0.8830 1.9126 0.0000
vt 0.8909 1.9039 0.0000
vt 0.9002 1.8950 0.0000
vt 0.8856 1.9255 0.0000
vt 0.8822 1.9335 0.0000
vt 0.8742 1.9309 0.0000
vt 0.8907 1.9174 0.0000
vt 0.8973 1.9092 0.0000
vt 0.9057 1.9008 0.0000
vt 0.7050 1.6752 0.0000
vt 0.7070 1.6893 0.0000
vt 0.8787 1.9400 0.0000
vt 0.8705 1.9401 0.0000
vt 0.8923 1.9298 0.0000
vt 0.8972 1.9224 0.0000
vt 0.9035 1.9147 0.0000
vt 0.9112 1.9066 0.0000
vt 0.7652 1.6903 0.0000
vt 0.7510 1.6914 0.0000
vt 0.7613 1.6869 0.0000
vt 0.7500 1.6871 0.0000
vt 0.8986 1.9350 0.0000
vt 0.9043 1.9284 0.0000
vt 0.9104 1.9209 0.0000
vt 0.9177 1.9135 0.0000
vt 0.7365 1.6907 0.0000
vt 0.7362 1.6865 0.0000
vt 0.9209 1.9562 0.0000
vt 0.9141 1.9507 0.0000
vt 0.9088 1.9457 0.0000
vt 0.9039 1.9408 0.0000
vt 0.9112 1.9344 0.0000
vt 0.9178 1.9276 0.0000
vt 0.9246 1.9207 0.0000
vt 0.7215 1.6923 0.0000
vt 0.7219 1.6884 0.0000
vt 0.9170 1.9397 0.0000
vt 0.9239 1.9334 0.0000
vt 0.9308 1.9272 0.0000
vt 0.9224 1.9446 0.0000
vt 0.9281 1.9494 0.0000
vt 0.9345 1.9435 0.0000
vt 0.9293 1.9386 0.0000
vt 0.9359 1.9326 0.0000
vt 0.9408 1.9377 0.0000
vt 0.7783 1.6898 0.0000
vt 0.7932 1.6868 0.0000
vt 0.8092 1.6841 0.0000
vt 0.8249 1.6824 0.0000
vt 0.8400 1.6808 0.0000
vt 0.8549 1.6790 0.0000
vt 0.8687 1.6749 0.0000
vt 0.6116 1.6716 0.0000
vt 0.6268 1.6745 0.0000
vt 0.6408 1.6778 0.0000
vt 0.6564 1.6827 0.0000
vt 0.6574 1.6690 0.0000
vt 0.6425 1.6648 0.0000
vt 0.6290 1.6618 0.0000
vt 0.6153 1.6594 0.0000
vt 0.8519 1.6637 0.0000
vt 0.8645 1.6607 0.0000
vt 0.8377 1.6657 0.0000
vt 0.8230 1.6673 0.0000
vt 0.7929 1.6711 0.0000
vt 0.8077 1.6690 0.0000
vt 0.7791 1.6722 0.0000
vt 0.7623 1.6719 0.0000
vt 0.7695 1.6725 0.0000
vt 0.7209 1.6734 0.0000
vt 0.7363 1.6715 0.0000
vt 0.7506 1.6719 0.0000
vt 0.3072 1.2790 0.0000
vt 0.2912 1.2725 0.0000
vt 0.2773 1.2668 0.0000
vt 0.2973 1.2600 0.0000
vt 0.3067 1.2497 0.0000
vt 0.2886 1.2454 0.0000
vt 0.2951 1.2330 0.0000
vt 0.3192 1.3031 0.0000
vt 0.3338 1.3229 0.0000
vt 0.3500 1.3449 0.0000
vt 0.3656 1.3715 0.0000
vt 0.3787 1.3984 0.0000
vt 0.4028 1.4565 0.0000
vt 0.4126 1.4754 0.0000
vt 0.3942 1.4371 0.0000
vt 0.3869 1.4180 0.0000
vt 0.4633 1.4366 0.0000
vt 0.4854 1.4436 0.0000
vt 0.4740 1.4502 0.0000
vt 0.4867 1.4523 0.0000
vt 0.4779 1.4182 0.0000
vt 0.4961 1.4256 0.0000
vt 0.4624 1.4084 0.0000
vt 0.4479 1.4242 0.0000
vt 0.4338 1.4120 0.0000
vt 0.4467 1.3975 0.0000
vt 0.3222 1.2693 0.0000
vt 0.3164 1.2374 0.0000
vt 0.4187 1.4014 0.0000
vt 0.4321 1.3845 0.0000
vt 0.3999 1.3912 0.0000
vt 0.4178 1.3675 0.0000
vt 0.3865 1.3591 0.0000
vt 0.4051 1.3446 0.0000
vt 0.3700 1.3311 0.0000
vt 0.3877 1.3177 0.0000
vt 0.3040 1.2162 0.0000
vt 0.3681 1.2951 0.0000
vt 0.3508 1.3085 0.0000
vt 0.3515 1.2765 0.0000
vt 0.3338 1.2888 0.0000
vt 0.3422 1.2585 0.0000
vt 0.3369 1.2371 0.0000
vt 0.4599 1.4529 0.0000
vt 0.4572 1.4450 0.0000
vt 0.4383 1.4391 0.0000
vt 0.4446 1.4610 0.0000
vt 0.4212 1.4475 0.0000
vt 0.4313 1.4676 0.0000
vt 0.4118 1.4296 0.0000
vt 0.4041 1.4125 0.0000
vt 0.4249 1.4226 0.0000
vt 0.4159 1.4122 0.0000
vt 0.3418 1.2007 0.0000
vt 0.3290 1.1986 0.0000
vt 0.3514 1.1650 0.0000
vt 0.3360 1.1604 0.0000
vt 0.7341 1.6350 0.0000
vt 0.7506 1.6346 0.0000
vt 0.7356 1.6557 0.0000
vt 0.7519 1.6554 0.0000
vt 0.3385 1.2181 0.0000
vt 0.3253 1.2153 0.0000
vt 0.3114 1.2022 0.0000
vt 0.3185 1.1887 0.0000
vt 0.3328 1.1616 0.0000
vt 0.7201 1.6558 0.0000
vt 0.7182 1.6374 0.0000
vt 0.3904 1.2608 0.0000
vt 0.4107 1.2543 0.0000
vt 0.4039 1.2773 0.0000
vt 0.4223 1.2701 0.0000
vt 0.3705 1.2680 0.0000
vt 0.3628 1.2518 0.0000
vt 0.4041 1.3065 0.0000
vt 0.3857 1.2855 0.0000
vt 0.4202 1.3314 0.0000
vt 0.4328 1.3538 0.0000
vt 0.4465 1.3699 0.0000
vt 0.4611 1.3823 0.0000
vt 0.4767 1.3922 0.0000
vt 0.4913 1.4012 0.0000
vt 0.5088 1.4106 0.0000
vt 0.3613 1.1990 0.0000
vt 0.3688 1.1636 0.0000
vt 0.7025 1.6405 0.0000
vt 0.7038 1.6595 0.0000
vt 0.3602 1.2168 0.0000
vt 0.3586 1.2334 0.0000
vt 0.3837 1.2459 0.0000
vt 0.3813 1.2286 0.0000
vt 0.3812 1.2132 0.0000
vt 0.3808 1.1953 0.0000
vt 0.3863 1.1621 0.0000
vt 0.6960 1.6592 0.0000
vt 0.6968 1.6393 0.0000
vt 0.5222 1.3976 0.0000
vt 0.5043 1.3863 0.0000
vt 0.4907 1.3770 0.0000
vt 0.4760 1.3674 0.0000
vt 0.4621 1.3559 0.0000
vt 0.4490 1.3406 0.0000
vt 0.4365 1.3189 0.0000
vt 0.4206 1.2968 0.0000
vt 0.4048 1.2401 0.0000
vt 0.4022 1.2242 0.0000
vt 0.4009 1.2098 0.0000
vt 0.3996 1.1929 0.0000
vt 0.4033 1.1619 0.0000
vt 0.6860 1.6587 0.0000
vt 0.5158 1.3732 0.0000
vt 0.5337 1.3849 0.0000
vt 0.5032 1.3635 0.0000
vt 0.4893 1.3534 0.0000
vt 0.4773 1.3419 0.0000
vt 0.4650 1.3270 0.0000
vt 0.4526 1.3081 0.0000
vt 0.4371 1.2881 0.0000
vt 0.4904 1.3297 0.0000
vt 0.5016 1.3416 0.0000
vt 0.5024 1.3198 0.0000
vt 0.5135 1.3120 0.0000
vt 0.5125 1.3316 0.0000
vt 0.5224 1.3233 0.0000
vt 0.5318 1.3168 0.0000
vt 0.5241 1.3055 0.0000
vt 0.9132 1.3438 0.0000
vt 0.9141 1.3350 0.0000
vt 0.9322 1.3427 0.0000
vt 0.9265 1.3500 0.0000
vt 0.4240 1.2351 0.0000
vt 0.4295 1.2481 0.0000
vt 0.4408 1.2302 0.0000
vt 0.4455 1.2403 0.0000
vt 0.4583 1.2251 0.0000
vt 0.4634 1.2347 0.0000
vt 0.4744 1.2180 0.0000
vt 0.4808 1.2292 0.0000
vt 0.4872 1.2132 0.0000
vt 0.4942 1.2246 0.0000
vt 0.4399 1.2636 0.0000
vt 0.4528 1.2805 0.0000
vt 0.4676 1.3002 0.0000
vt 0.4792 1.3153 0.0000
vt 0.5142 1.3520 0.0000
vt 0.5260 1.3619 0.0000
vt 0.5428 1.3727 0.0000
vt 0.4171 1.1916 0.0000
vt 0.4195 1.1633 0.0000
vt 0.6728 1.6564 0.0000
vt 0.4186 1.2071 0.0000
vt 0.4206 1.2209 0.0000
vt 0.4557 1.2561 0.0000
vt 0.4672 1.2726 0.0000
vt 0.4810 1.2913 0.0000
vt 0.4921 1.3056 0.0000
vt 0.5239 1.3422 0.0000
vt 0.5357 1.3523 0.0000
vt 0.5509 1.3625 0.0000
vt 0.4341 1.1657 0.0000
vt 0.4327 1.1902 0.0000
vt 0.6555 1.6548 0.0000
vt 0.4346 1.2041 0.0000
vt 0.4375 1.2179 0.0000
vt 0.4534 1.2150 0.0000
vt 0.4494 1.2019 0.0000
vt 0.4467 1.1887 0.0000
vt 0.4467 1.1663 0.0000
vt 0.6429 1.6530 0.0000
vt 0.5582 1.3545 0.0000
vt 0.5442 1.3446 0.0000
vt 0.5323 1.3340 0.0000
vt 0.5040 1.2974 0.0000
vt 0.4937 1.2837 0.0000
vt 0.4815 1.2658 0.0000
vt 0.4708 1.2491 0.0000
vt 0.4691 1.2088 0.0000
vt 0.4640 1.1972 0.0000
vt 0.4599 1.1857 0.0000
vt 0.4566 1.1651 0.0000
vt 0.6312 1.6509 0.0000
vt 0.5646 1.3480 0.0000
vt 0.5525 1.3381 0.0000
vt 0.5403 1.3275 0.0000
vt 0.5346 1.3013 0.0000
vt 0.5409 1.3117 0.0000
vt 0.5141 1.2911 0.0000
vt 0.5046 1.2777 0.0000
vt 0.4940 1.2584 0.0000
vt 0.4871 1.2423 0.0000
vt 0.5470 1.3233 0.0000
vt 0.5560 1.3356 0.0000
vt 0.5670 1.3458 0.0000
vt 0.4600 1.1646 0.0000
vt 0.4665 1.1834 0.0000
vt 0.6182 1.6483 0.0000
vt 0.4730 1.1932 0.0000
vt 0.4809 1.2050 0.0000
vt 0.4983 1.2354 0.0000
vt 0.5050 1.2545 0.0000
vt 0.5133 1.2738 0.0000
vt 0.5219 1.2870 0.0000
vt 0.8897 1.3377 0.0000
vt 0.8934 1.3298 0.0000
vt 0.8686 1.3315 0.0000
vt 0.8755 1.3250 0.0000
vt 0.8456 1.3194 0.0000
vt 0.8501 1.3123 0.0000
vt 0.8308 1.3002 0.0000
vt 0.8269 1.3071 0.0000
vt 0.8166 1.3019 0.0000
vt 0.8182 1.2945 0.0000
vt 0.8042 1.3001 0.0000
vt 0.8057 1.2940 0.0000
vt 0.7956 1.2953 0.0000
vt 0.7949 1.3002 0.0000
vt 0.7816 1.3026 0.0000
vt 0.7814 1.2996 0.0000
vt 0.7694 1.3033 0.0000
vt 0.7701 1.3069 0.0000
vt 0.7490 1.3124 0.0000
vt 0.7469 1.3073 0.0000
vt 0.8490 1.6516 0.0000
vt 0.8611 1.6488 0.0000
vt 0.7307 1.3151 0.0000
vt 0.7288 1.3089 0.0000
vt 0.7106 1.3116 0.0000
vt 0.7120 1.3189 0.0000
vt 0.6924 1.3154 0.0000
vt 0.6969 1.3233 0.0000
vt 0.8804 1.2967 0.0000
vt 0.8871 1.2992 0.0000
vt 0.8788 1.3007 0.0000
vt 0.8887 1.3035 0.0000
vt 0.8568 1.2662 0.0000
vt 0.8625 1.2469 0.0000
vt 0.8647 1.2520 0.0000
vt 0.8605 1.2674 0.0000
vt 0.8749 1.2555 0.0000
vt 0.8761 1.2506 0.0000
vt 0.8922 1.2820 0.0000
vt 0.8967 1.2652 0.0000
vt 0.8964 1.2835 0.0000
vt 0.9030 1.2637 0.0000
vt 0.8699 1.2717 0.0000
vt 0.8621 1.2934 0.0000
vt 0.8520 1.2866 0.0000
vt 0.8568 1.2838 0.0000
vt 0.8653 1.2889 0.0000
vt 0.8879 1.2609 0.0000
vt 0.8842 1.2785 0.0000
vt 0.8910 1.2569 0.0000
vt 0.8348 1.2824 0.0000
vt 0.8205 1.2792 0.0000
vt 0.9037 1.3088 0.0000
vt 0.9244 1.3150 0.0000
vt 0.9459 1.3236 0.0000
vt 0.7054 1.2905 0.0000
vt 0.6852 1.2936 0.0000
vt 0.7249 1.2879 0.0000
vt 0.7494 1.2875 0.0000
vt 0.7669 1.2852 0.0000
vt 0.8355 1.6534 0.0000
vt 0.7811 1.2818 0.0000
vt 0.7949 1.2780 0.0000
vt 0.8072 1.2778 0.0000
vt 0.9096 1.2879 0.0000
vt 0.9146 1.2689 0.0000
vt 0.9351 1.2775 0.0000
vt 0.9309 1.2961 0.0000
vt 0.9534 1.3023 0.0000
vt 0.9553 1.2816 0.0000
vt 0.6818 1.2717 0.0000
vt 0.6841 1.2508 0.0000
vt 0.7040 1.2535 0.0000
vt 0.7029 1.2710 0.0000
vt 0.7231 1.2545 0.0000
vt 0.7222 1.2711 0.0000
vt 0.7492 1.2540 0.0000
vt 0.7493 1.2705 0.0000
vt 0.7665 1.2685 0.0000
vt 0.7664 1.2523 0.0000
vt 0.8216 1.6541 0.0000
vt 0.7819 1.2659 0.0000
vt 0.7823 1.2501 0.0000
vt 0.7957 1.2639 0.0000
vt 0.7972 1.2489 0.0000
vt 0.8094 1.2631 0.0000
vt 0.8117 1.2482 0.0000
vt 0.8234 1.2636 0.0000
vt 0.8260 1.2473 0.0000
vt 0.8391 1.2648 0.0000
vt 0.8428 1.2478 0.0000
vt 0.8779 1.2420 0.0000
vt 0.8639 1.2352 0.0000
vt 0.8932 1.2484 0.0000
vt 0.9062 1.2528 0.0000
vt 0.8450 1.2327 0.0000
vt 0.8283 1.2316 0.0000
vt 0.8132 1.2323 0.0000
vt 0.7985 1.2333 0.0000
vt 0.7826 1.2344 0.0000
vt 0.7664 1.2366 0.0000
vt 0.7493 1.2384 0.0000
vt 0.8071 1.6545 0.0000
vt 0.7251 1.2386 0.0000
vt 0.7069 1.2372 0.0000
vt 0.6898 1.2329 0.0000
vt 0.9366 1.2611 0.0000
vt 0.9547 1.2632 0.0000
vt 0.9170 1.2561 0.0000
vt 0.8686 1.2333 0.0000
vt 0.8787 1.2379 0.0000
vt 0.8939 1.2451 0.0000
vt 0.9041 1.2488 0.0000
vt 0.9095 1.2368 0.0000
vt 0.9152 1.2403 0.0000
vt 0.9208 1.2440 0.0000
vt 0.6955 1.2181 0.0000
vt 0.7103 1.2223 0.0000
vt 0.9384 1.2464 0.0000
vt 0.9542 1.2479 0.0000
vt 0.7268 1.2236 0.0000
vt 0.7484 1.2239 0.0000
vt 0.7658 1.2212 0.0000
vt 0.7925 1.6549 0.0000
vt 0.7822 1.2189 0.0000
vt 0.7987 1.2175 0.0000
vt 0.8143 1.2163 0.0000
vt 0.8301 1.2159 0.0000
vt 0.8467 1.2169 0.0000
vt 0.8642 1.2182 0.0000
vt 0.8710 1.2206 0.0000
vt 0.8812 1.2262 0.0000
vt 0.8973 1.2327 0.0000
vt 0.7815 1.6543 0.0000
vt 0.8745 1.2116 0.0000
vt 0.8708 1.2053 0.0000
vt 0.8834 1.2152 0.0000
vt 0.9007 1.2216 0.0000
vt 0.9136 1.2259 0.0000
vt 0.9202 1.2254 0.0000
vt 0.9255 1.2290 0.0000
vt 0.9408 1.2320 0.0000
vt 0.9544 1.2342 0.0000
vt 0.7137 1.2076 0.0000
vt 0.7003 1.2049 0.0000
vt 0.7275 1.2094 0.0000
vt 0.7467 1.2093 0.0000
vt 0.7646 1.2066 0.0000
vt 0.7720 1.6544 0.0000
vt 0.7811 1.2045 0.0000
vt 0.7986 1.2026 0.0000
vt 0.8148 1.2007 0.0000
vt 0.8322 1.2003 0.0000
vt 0.8504 1.2021 0.0000
vt 0.8852 1.2098 0.0000
vt 0.9046 1.2173 0.0000
vt 0.8541 1.1872 0.0000
vt 0.8334 1.1829 0.0000
vt 0.8149 1.1841 0.0000
vt 0.8746 1.1953 0.0000
vt 0.8889 1.1995 0.0000
vt 0.9063 1.2053 0.0000
vt 0.9211 1.2109 0.0000
vt 0.9320 1.2148 0.0000
vt 0.9447 1.2183 0.0000
vt 0.9564 1.2217 0.0000
vt 0.7031 1.1924 0.0000
vt 0.7152 1.1938 0.0000
vt 0.7288 1.1944 0.0000
vt 0.7457 1.1953 0.0000
vt 0.7630 1.1929 0.0000
vt 0.7639 1.6553 0.0000
vt 0.7795 1.1909 0.0000
vt 0.7972 1.1878 0.0000
vt 0.8548 1.1627 0.0000
vt 0.8345 1.1625 0.0000
vt 0.8144 1.1626 0.0000
vt 0.8499 1.1400 0.0000
vt 0.8353 1.1414 0.0000
vt 0.8207 1.1406 0.0000
vt 0.8654 1.1381 0.0000
vt 0.8736 1.1547 0.0000
vt 0.8846 1.1455 0.0000
vt 0.8776 1.1324 0.0000
vt 0.8009 1.1502 0.0000
vt 0.8084 1.1354 0.0000
vt 0.7910 1.1412 0.0000
vt 0.7798 1.1337 0.0000
vt 0.7883 1.1236 0.0000
vt 0.7981 1.1292 0.0000
vt 0.7943 1.1731 0.0000
vt 0.7754 1.1780 0.0000
vt 0.7882 1.1602 0.0000
vt 0.7810 1.1497 0.0000
vt 0.7723 1.1654 0.0000
vt 0.7685 1.1537 0.0000
vt 0.7709 1.1396 0.0000
vt 0.7643 1.1406 0.0000
vt 0.8781 1.1803 0.0000
vt 0.8945 1.1876 0.0000
vt 0.9100 1.1930 0.0000
vt 0.9235 1.1975 0.0000
vt 0.9360 1.2015 0.0000
vt 0.9496 1.2055 0.0000
vt 0.9604 1.2099 0.0000
vt 0.7035 1.1802 0.0000
vt 0.7150 1.1805 0.0000
vt 0.7277 1.1807 0.0000
vt 0.7426 1.1811 0.0000
vt 0.7591 1.1797 0.0000
vt 0.8865 1.1677 0.0000
vt 0.9017 1.1758 0.0000
vt 0.9158 1.1811 0.0000
vt 0.9414 1.1891 0.0000
vt 0.9287 1.1853 0.0000
vt 0.9556 1.1936 0.0000
vt 0.9661 1.1983 0.0000
vt 0.7025 1.1675 0.0000
vt 0.7139 1.1673 0.0000
vt 0.7260 1.1673 0.0000
vt 0.7408 1.1679 0.0000
vt 0.7558 1.1671 0.0000
vt 0.7539 1.1539 0.0000
vt 0.7357 1.1546 0.0000
vt 0.7245 1.1536 0.0000
vt 0.7127 1.1543 0.0000
vt 0.7011 1.1541 0.0000
vt 0.9624 1.1818 0.0000
vt 0.9727 1.1863 0.0000
vt 0.9471 1.1768 0.0000
vt 0.9356 1.1735 0.0000
vt 0.9230 1.1696 0.0000
vt 0.9097 1.1647 0.0000
vt 0.8954 1.1570 0.0000
vt 0.8889 1.1255 0.0000
vt 0.8966 1.1383 0.0000
vt 0.9043 1.1470 0.0000
vt 0.9176 1.1534 0.0000
vt 0.9312 1.1578 0.0000
vt 0.9435 1.1613 0.0000
vt 0.9545 1.1652 0.0000
vt 0.9688 1.1700 0.0000
vt 0.9784 1.1739 0.0000
vt 0.7014 1.1406 0.0000
vt 0.7134 1.1402 0.0000
vt 0.7248 1.1402 0.0000
vt 0.7360 1.1414 0.0000
vt 0.7539 1.1418 0.0000
vt 0.7939 1.1113 0.0000
vt 0.8031 1.1159 0.0000
vt 0.8131 1.1206 0.0000
vt 0.8071 1.1018 0.0000
vt 0.7990 1.0960 0.0000
vt 0.8138 1.0915 0.0000
vt 0.8076 1.0842 0.0000
vt 0.8235 1.1240 0.0000
vt 0.8355 1.1245 0.0000
vt 0.8481 1.1248 0.0000
vt 0.8604 1.1234 0.0000
vt 0.8718 1.1188 0.0000
vt 0.8822 1.1126 0.0000
vt 0.8669 1.1071 0.0000
vt 0.8749 1.1001 0.0000
vt 0.8582 1.0949 0.0000
vt 0.8514 1.0875 0.0000
vt 0.8649 1.0886 0.0000
vt 0.8554 1.0801 0.0000
vt 0.8375 1.0738 0.0000
vt 0.8353 1.0853 0.0000
vt 0.8240 1.0865 0.0000
vt 0.8198 1.0757 0.0000
vt 0.8159 1.1064 0.0000
vt 0.8190 1.0975 0.0000
vt 0.8254 1.0964 0.0000
vt 0.8349 1.0962 0.0000
vt 0.8461 1.0981 0.0000
vt 0.8570 1.1108 0.0000
vt 0.8526 1.1007 0.0000
vt 0.8249 1.1091 0.0000
vt 0.8352 1.1080 0.0000
vt 0.8461 1.1107 0.0000
vt 0.4318 1.1391 0.0000
vt 0.4342 1.1400 0.0000
vt 0.4175 1.1513 0.0000
vt 0.4179 1.1533 0.0000
vt 0.4411 1.1182 0.0000
vt 0.4438 1.1198 0.0000
vt 0.4421 1.1029 0.0000
vt 0.4456 1.1036 0.0000
vt 0.4405 1.0849 0.0000
vt 0.4372 1.0853 0.0000
vt 0.4306 1.0682 0.0000
vt 0.4271 1.0694 0.0000
vt 0.4174 1.0532 0.0000
vt 0.4141 1.0552 0.0000
vt 0.4019 1.0391 0.0000
vt 0.3991 1.0425 0.0000
vt 0.3870 1.0276 0.0000
vt 0.3840 1.0309 0.0000
vt 0.3680 1.0172 0.0000
vt 0.3666 1.0202 0.0000
vt 0.3495 1.0096 0.0000
vt 0.3487 1.0131 0.0000
vt 0.3323 1.0099 0.0000
vt 0.3320 1.0067 0.0000
vt 0.3175 1.0110 0.0000
vt 0.3160 1.0081 0.0000
vt 0.3011 1.0190 0.0000
vt 0.2989 1.0169 0.0000
vt 0.2890 1.0272 0.0000
vt 0.2916 1.0288 0.0000
vt 0.2822 1.0416 0.0000
vt 0.2848 1.0436 0.0000
vt 0.2800 1.0568 0.0000
vt 0.2828 1.0568 0.0000
vt 0.2854 1.0715 0.0000
vt 0.2825 1.0726 0.0000
vt 0.2979 1.0909 0.0000
vt 0.2948 1.0928 0.0000
vt 0.3106 1.1021 0.0000
vt 0.3072 1.1047 0.0000
vt 0.3175 1.1136 0.0000
vt 0.3207 1.1108 0.0000
vt 0.3327 1.1230 0.0000
vt 0.3309 1.1259 0.0000
vt 0.3458 1.1402 0.0000
vt 0.3481 1.1383 0.0000
vt 0.3637 1.1478 0.0000
vt 0.3625 1.1510 0.0000
vt 0.3826 1.1548 0.0000
vt 0.3824 1.1573 0.0000
vt 0.3996 1.1560 0.0000
vt 0.4006 1.1584 0.0000
vt 0.3982 1.1430 0.0000
vt 0.4117 1.1398 0.0000
vt 0.4220 1.1311 0.0000
vt 0.4283 1.1146 0.0000
vt 0.4286 1.1033 0.0000
vt 0.4252 1.0909 0.0000
vt 0.4159 1.0766 0.0000
vt 0.4032 1.0653 0.0000
vt 0.3900 1.0540 0.0000
vt 0.3746 1.0430 0.0000
vt 0.3582 1.0331 0.0000
vt 0.3429 1.0268 0.0000
vt 0.3317 1.0236 0.0000
vt 0.3198 1.0238 0.0000
vt 0.3074 1.0303 0.0000
vt 0.3008 1.0370 0.0000
vt 0.2957 1.0480 0.0000
vt 0.2938 1.0570 0.0000
vt 0.2973 1.0683 0.0000
vt 0.3084 1.0828 0.0000
vt 0.3388 1.0422 0.0000
vt 0.3289 1.0598 0.0000
vt 0.3275 1.0393 0.0000
vt 0.3196 1.0531 0.0000
vt 0.3197 1.0912 0.0000
vt 0.3324 1.1012 0.0000
vt 0.3429 1.1129 0.0000
vt 0.3562 1.1269 0.0000
vt 0.3697 1.1358 0.0000
vt 0.3843 1.1416 0.0000
vt 0.4151 1.1035 0.0000
vt 0.4125 1.0957 0.0000
vt 0.4054 1.0844 0.0000
vt 0.3938 1.0742 0.0000
vt 0.3813 1.0645 0.0000
vt 0.3678 1.0539 0.0000
vt 0.3537 1.0461 0.0000
vt 0.3196 1.0378 0.0000
vt 0.3142 1.0401 0.0000
vt 0.3094 1.0452 0.0000
vt 0.3057 1.0510 0.0000
vt 0.3040 1.0575 0.0000
vt 0.3088 1.0640 0.0000
vt 0.3181 1.0744 0.0000
vt 0.3277 1.0848 0.0000
vt 0.3392 1.0937 0.0000
vt 0.3501 1.1041 0.0000
vt 0.3621 1.1174 0.0000
vt 0.3761 1.1263 0.0000
vt 0.3852 1.1296 0.0000
vt 0.3957 1.1318 0.0000
vt 0.4048 1.1282 0.0000
vt 0.4125 1.1223 0.0000
vt 0.4143 1.1126 0.0000
vt 0.4043 1.1143 0.0000
vt 0.3971 1.1085 0.0000
vt 0.3890 1.1015 0.0000
vt 0.3794 1.0939 0.0000
vt 0.3658 1.0840 0.0000
vt 0.3543 1.0747 0.0000
vt 0.3405 1.0656 0.0000
vt 0.3130 1.0486 0.0000
vt 0.7638 1.6359 0.0000
vt 0.7723 1.6333 0.0000
vt 0.7814 1.6366 0.0000
vt 0.7917 1.6382 0.0000
vt 0.8067 1.6412 0.0000
vt 0.8207 1.6415 0.0000
vt 0.8340 1.6424 0.0000
vt 0.8462 1.6418 0.0000
vt 0.8590 1.6372 0.0000
vt 0.6220 1.6372 0.0000
vt 0.6326 1.6396 0.0000
vt 0.6439 1.6415 0.0000
vt 0.6565 1.6442 0.0000
vt 0.6716 1.6425 0.0000
vt 0.6849 1.6412 0.0000
vt 0.7165 1.6341 0.0000
vt 0.7351 1.6306 0.0000
vt 0.7513 1.6298 0.0000
vt 0.5914 1.3186 0.0000
vt 0.6085 1.3158 0.0000
vt 0.6111 1.3272 0.0000
vt 0.5931 1.3294 0.0000
vt 0.6287 1.3238 0.0000
vt 0.6265 1.3113 0.0000
vt 0.6405 1.3081 0.0000
vt 0.6426 1.3193 0.0000
vt 0.6597 1.3153 0.0000
vt 0.6564 1.3034 0.0000
vt 0.6705 1.3122 0.0000
vt 0.6644 1.3149 0.0000
vt 0.6651 1.2998 0.0000
vt 0.6822 1.3085 0.0000
vt 0.6745 1.2965 0.0000
vt 0.6163 1.3518 0.0000
vt 0.6065 1.3430 0.0000
vt 0.6142 1.3342 0.0000
vt 0.6253 1.3429 0.0000
vt 0.5977 1.3505 0.0000
vt 0.6072 1.3602 0.0000
vt 0.5895 1.3578 0.0000
vt 0.5984 1.3669 0.0000
vt 0.5895 1.3766 0.0000
vt 0.5812 1.3677 0.0000
vt 0.5815 1.3821 0.0000
vt 0.5734 1.3745 0.0000
vt 0.5649 1.3810 0.0000
vt 0.5715 1.3900 0.0000
vt 0.5577 1.3914 0.0000
vt 0.5528 1.3837 0.0000
vt 0.5430 1.3948 0.0000
vt 0.5381 1.3867 0.0000
vt 0.5700 1.3292 0.0000
vt 0.5657 1.3204 0.0000
vt 0.5804 1.3184 0.0000
vt 0.5828 1.3290 0.0000
vt 0.5894 1.3935 0.0000
vt 0.5799 1.3983 0.0000
vt 0.6297 1.1642 0.0000
vt 0.6193 1.1654 0.0000
vt 0.6264 1.1548 0.0000
vt 0.6317 1.1564 0.0000
vt 0.5647 1.4040 0.0000
vt 0.5801 1.4096 0.0000
vt 0.5692 1.4147 0.0000
vt 0.5511 1.4096 0.0000
vt 0.5561 1.4197 0.0000
vt 0.5679 1.2991 0.0000
vt 0.5546 1.3067 0.0000
vt 0.5576 1.2895 0.0000
vt 0.5483 1.2967 0.0000
vt 0.5752 1.2852 0.0000
vt 0.5652 1.2766 0.0000
vt 0.5790 1.2704 0.0000
vt 0.5703 1.2641 0.0000
vt 0.5888 1.3004 0.0000
vt 0.6070 1.2966 0.0000
vt 0.6259 1.2946 0.0000
vt 0.6408 1.2907 0.0000
vt 0.6552 1.2868 0.0000
vt 0.6625 1.2820 0.0000
vt 0.6713 1.2826 0.0000
vt 0.6351 1.3515 0.0000
vt 0.6255 1.3590 0.0000
vt 0.6170 1.3666 0.0000
vt 0.6391 1.1575 0.0000
vt 0.6341 1.1651 0.0000
vt 0.5975 1.3870 0.0000
vt 0.6073 1.3753 0.0000
vt 0.5721 1.4184 0.0000
vt 0.5807 1.4153 0.0000
vt 0.5592 1.4230 0.0000
vt 0.5549 1.2851 0.0000
vt 0.5459 1.2923 0.0000
vt 0.5620 1.2735 0.0000
vt 0.5649 1.2623 0.0000
vt 0.5891 1.2877 0.0000
vt 0.5901 1.2752 0.0000
vt 0.6248 1.2824 0.0000
vt 0.6058 1.2853 0.0000
vt 0.6240 1.2732 0.0000
vt 0.6044 1.2752 0.0000
vt 0.6535 1.2744 0.0000
vt 0.6401 1.2794 0.0000
vt 0.6512 1.2660 0.0000
vt 0.6367 1.2699 0.0000
vt 0.6630 1.2716 0.0000
vt 0.6603 1.2592 0.0000
vt 0.6715 1.2701 0.0000
vt 0.6707 1.2552 0.0000
vt 0.6375 1.3745 0.0000
vt 0.6316 1.3657 0.0000
vt 0.6458 1.3686 0.0000
vt 0.6405 1.3599 0.0000
vt 0.6241 1.3751 0.0000
vt 0.6325 1.3798 0.0000
vt 0.6638 1.1766 0.0000
vt 0.6673 1.1825 0.0000
vt 0.6575 1.1823 0.0000
vt 0.6614 1.1876 0.0000
vt 0.6413 1.1703 0.0000
vt 0.6455 1.1606 0.0000
vt 0.6485 1.1722 0.0000
vt 0.6528 1.1674 0.0000
vt 0.6141 1.1638 0.0000
vt 0.6212 1.1534 0.0000
vt 0.6579 1.1704 0.0000
vt 0.6530 1.1773 0.0000
vt 0.5954 1.2445 0.0000
vt 0.5951 1.2475 0.0000
vt 0.5887 1.2480 0.0000
vt 0.5878 1.2447 0.0000
vt 0.5900 1.2541 0.0000
vt 0.5968 1.2540 0.0000
vt 0.5985 1.2610 0.0000
vt 0.5908 1.2601 0.0000
vt 0.5996 1.2682 0.0000
vt 0.5897 1.2675 0.0000
vt 0.5785 1.2508 0.0000
vt 0.5824 1.2528 0.0000
vt 0.5830 1.2611 0.0000
vt 0.5779 1.2622 0.0000
vt 0.5710 1.2509 0.0000
vt 0.5638 1.2487 0.0000
vt 0.6002 1.2477 0.0000
vt 0.6000 1.2459 0.0000
vt 0.6017 1.2534 0.0000
vt 0.6034 1.2613 0.0000
vt 0.6041 1.2649 0.0000
vt 0.6056 1.2470 0.0000
vt 0.6055 1.2437 0.0000
vt 0.6072 1.2532 0.0000
vt 0.6082 1.2613 0.0000
vt 0.6086 1.2680 0.0000
vt 0.6169 1.2611 0.0000
vt 0.6185 1.2676 0.0000
vt 0.6209 1.2644 0.0000
vt 0.6201 1.2606 0.0000
vt 0.6132 1.2528 0.0000
vt 0.6182 1.2525 0.0000
vt 0.6127 1.2458 0.0000
vt 0.6184 1.2469 0.0000
vt 0.6119 1.2429 0.0000
vt 0.6176 1.2432 0.0000
vt 0.6253 1.2664 0.0000
vt 0.6234 1.2612 0.0000
vt 0.6353 1.2629 0.0000
vt 0.6321 1.2659 0.0000
vt 0.6304 1.2597 0.0000
vt 0.6341 1.2585 0.0000
vt 0.6216 1.2534 0.0000
vt 0.6298 1.2532 0.0000
vt 0.6329 1.2526 0.0000
vt 0.6219 1.2493 0.0000
vt 0.6288 1.2495 0.0000
vt 0.6337 1.2490 0.0000
vt 0.6395 1.2648 0.0000
vt 0.6384 1.2582 0.0000
vt 0.6456 1.2566 0.0000
vt 0.6483 1.2621 0.0000
vt 0.6505 1.2541 0.0000
vt 0.6524 1.2569 0.0000
vt 0.6363 1.2525 0.0000
vt 0.6448 1.2510 0.0000
vt 0.6496 1.2490 0.0000
vt 0.6361 1.2499 0.0000
vt 0.6446 1.2483 0.0000
vt 0.6499 1.2460 0.0000
vt 0.6225 1.2438 0.0000
vt 0.6285 1.2448 0.0000
vt 0.6345 1.2438 0.0000
vt 0.6388 1.2444 0.0000
vt 0.6452 1.2435 0.0000
vt 0.6518 1.2418 0.0000
vt 0.6591 1.2489 0.0000
vt 0.6570 1.2441 0.0000
vt 0.6665 1.2406 0.0000
vt 0.6491 1.3748 0.0000
vt 0.6397 1.3807 0.0000
vt 0.6369 1.3840 0.0000
vt 0.6606 1.2374 0.0000
vt 0.6524 1.2369 0.0000
vt 0.6456 1.2390 0.0000
vt 0.6393 1.2404 0.0000
vt 0.6346 1.2403 0.0000
vt 0.6290 1.2402 0.0000
vt 0.6227 1.2396 0.0000
vt 0.6174 1.2396 0.0000
vt 0.6112 1.2393 0.0000
vt 0.6041 1.2392 0.0000
vt 0.5995 1.2395 0.0000
vt 0.5962 1.2394 0.0000
vt 0.5879 1.2393 0.0000
vt 0.5808 1.2405 0.0000
vt 0.5741 1.2401 0.0000
vt 0.5629 1.2357 0.0000
vt 0.5943 1.2288 0.0000
vt 0.5871 1.2293 0.0000
vt 0.5808 1.2303 0.0000
vt 0.5974 1.2283 0.0000
vt 0.6010 1.2277 0.0000
vt 0.6099 1.2272 0.0000
vt 0.6149 1.2274 0.0000
vt 0.6123 1.2127 0.0000
vt 0.6188 1.2276 0.0000
vt 0.6163 1.2123 0.0000
vt 0.6239 1.2133 0.0000
vt 0.6271 1.2279 0.0000
vt 0.6295 1.2148 0.0000
vt 0.6327 1.2285 0.0000
vt 0.6366 1.2286 0.0000
vt 0.6331 1.2148 0.0000
vt 0.6434 1.2281 0.0000
vt 0.6410 1.2155 0.0000
vt 0.6493 1.2268 0.0000
vt 0.6470 1.2159 0.0000
vt 0.6083 1.2129 0.0000
vt 0.5995 1.2137 0.0000
vt 0.5966 1.2147 0.0000
vt 0.5930 1.2160 0.0000
vt 0.5881 1.2175 0.0000
vt 0.5833 1.2194 0.0000
vt 0.6598 1.2253 0.0000
vt 0.6571 1.2158 0.0000
vt 0.6696 1.2216 0.0000
vt 0.6677 1.2089 0.0000
vt 0.6355 1.2049 0.0000
vt 0.6320 1.2036 0.0000
vt 0.6263 1.2028 0.0000
vt 0.6171 1.2012 0.0000
vt 0.6141 1.2004 0.0000
vt 0.6094 1.2004 0.0000
vt 0.5997 1.1990 0.0000
vt 0.5951 1.1999 0.0000
vt 0.5914 1.2022 0.0000
vt 0.5860 1.2048 0.0000
vt 0.5791 1.2079 0.0000
vt 0.5755 1.2309 0.0000
vt 0.5741 1.2238 0.0000
vt 0.5717 1.2148 0.0000
vt 0.5651 1.2250 0.0000
vt 0.5635 1.2186 0.0000
vt 0.6428 1.2068 0.0000
vt 0.6476 1.2083 0.0000
vt 0.6531 1.2067 0.0000
vt 0.6602 1.2053 0.0000
vt 0.6301 1.1904 0.0000
vt 0.6221 1.1886 0.0000
vt 0.6179 1.1871 0.0000
vt 0.6132 1.1872 0.0000
vt 0.6026 1.1859 0.0000
vt 0.5952 1.1834 0.0000
vt 0.5870 1.1893 0.0000
vt 0.6149 1.1790 0.0000
vt 0.6057 1.1768 0.0000
vt 0.6334 1.1838 0.0000
vt 0.6249 1.1809 0.0000
vt 0.6203 1.1795 0.0000
vt 0.5568 1.4429 0.0000
vt 0.5489 1.4456 0.0000
vt 0.5503 1.4319 0.0000
vt 0.5575 1.4324 0.0000
vt 0.5632 1.4266 0.0000
vt 0.5727 1.4214 0.0000
vt 0.5653 1.4398 0.0000
vt 0.5677 1.4455 0.0000
vt 0.5605 1.4504 0.0000
vt 0.5705 1.4496 0.0000
vt 0.5635 1.4547 0.0000
vt 0.6544 1.1926 0.0000
vt 0.6500 1.1885 0.0000
vt 0.5702 1.4603 0.0000
vt 0.5768 1.4533 0.0000
vt 0.5747 1.4572 0.0000
vt 0.5624 1.4609 0.0000
vt 0.6356 1.1926 0.0000
vt 0.6382 1.1862 0.0000
vt 0.6421 1.1890 0.0000
vt 0.6447 1.1853 0.0000
vt 0.6485 1.1923 0.0000
vt 0.6397 1.1941 0.0000
vt 0.6464 1.1968 0.0000
vt 0.6505 1.1986 0.0000
vt 0.6528 1.1957 0.0000
vt 0.6541 1.2006 0.0000
vt 0.6568 1.1993 0.0000
vt 0.6589 1.1977 0.0000
vt 0.6412 1.1806 0.0000
vt 0.6654 1.1930 0.0000
vt 0.6008 1.1754 0.0000
vt 0.5654 1.4332 0.0000
vt 0.5769 1.4400 0.0000
vt 0.5772 1.4344 0.0000
vt 0.5773 1.4300 0.0000
vt 0.5676 1.4309 0.0000
vt 0.5736 1.4248 0.0000
vt 0.5785 1.4257 0.0000
vt 0.5849 1.4212 0.0000
vt 0.5818 1.4184 0.0000
vt 0.5770 1.4447 0.0000
vt 0.5803 1.1966 0.0000
vt 0.5744 1.2032 0.0000
vt 0.5685 1.2114 0.0000
vt 0.5854 1.4507 0.0000
vt 0.5851 1.4453 0.0000
vt 0.5851 1.4396 0.0000
vt 0.5842 1.4344 0.0000
vt 0.5838 1.4297 0.0000
vt 0.5936 1.4482 0.0000
vt 0.5922 1.4446 0.0000
vt 0.5911 1.4395 0.0000
vt 0.5905 1.4337 0.0000
vt 0.5904 1.4296 0.0000
vt 0.5913 1.4247 0.0000
vt 0.5986 1.4459 0.0000
vt 0.5965 1.4426 0.0000
vt 0.6026 1.4415 0.0000
vt 0.6005 1.4396 0.0000
vt 0.5957 1.4386 0.0000
vt 0.5947 1.4342 0.0000
vt 0.5948 1.4313 0.0000
vt 0.5944 1.4229 0.0000
vt 0.5985 1.4368 0.0000
vt 0.5979 1.4339 0.0000
vt 0.5974 1.4322 0.0000
vt 0.6051 1.4380 0.0000
vt 0.6041 1.4316 0.0000
vt 0.6002 1.4309 0.0000
vt 0.5987 1.4257 0.0000
vt 0.5541 1.4548 0.0000
vt 0.6355 1.1781 0.0000
vt 0.6281 1.1751 0.0000
vt 0.6233 1.1727 0.0000
vt 0.6166 1.1719 0.0000
vt 0.6102 1.1698 0.0000
vt 0.6057 1.1672 0.0000
vt 0.6099 1.1595 0.0000
vt 0.6003 1.4237 0.0000
vt 0.5961 1.4163 0.0000
vt 0.6701 1.1985 0.0000
vt 0.6153 1.1529 0.0000
vt 0.5869 1.4156 0.0000
vt 0.5916 1.4085 0.0000
vt 0.5988 1.3997 0.0000
vt 0.5954 1.4029 0.0000
vt 0.6699 1.1870 0.0000
vt 0.6069 1.3941 0.0000
vt 0.6026 1.3981 0.0000
vt 0.6099 1.3907 0.0000
vt 0.6141 1.3845 0.0000
vt 0.6152 1.3818 0.0000
vt 0.6178 1.3774 0.0000
vt 0.6213 1.3765 0.0000
vt 0.9903 1.9855 0.0000
vt 0.9867 1.9809 0.0000
vt 0.9942 1.9885 0.0000
vt 0.5420 1.9869 0.0000
vt 0.5422 1.9899 0.0000
vt 0.5353 1.9870 0.0000
vt 0.5346 1.9907 0.0000
vt 0.5305 1.9865 0.0000
vt 0.5296 1.9903 0.0000
vt 0.7089 1.9625 0.0000
vt 0.7157 1.9654 0.0000
vt 0.7093 1.9681 0.0000
vt 0.7161 1.9678 0.0000
vt 0.5176 1.9757 0.0000
vt 0.5205 1.9796 0.0000
vt 0.5128 1.9770 0.0000
vt 0.5169 1.9828 0.0000
vt 0.5172 1.9717 0.0000
vt 0.5120 1.9703 0.0000
vt 0.5125 1.9650 0.0000
vt 0.5173 1.9597 0.0000
vt 0.5209 1.9654 0.0000
vt 0.5182 1.9682 0.0000
vt 0.5252 1.9583 0.0000
vt 0.5279 1.9640 0.0000
vt 0.5336 1.9660 0.0000
vt 0.5337 1.9605 0.0000
vt 0.5404 1.9638 0.0000
vt 0.5405 1.9678 0.0000
vt 0.6138 1.9185 0.0000
vt 0.6160 1.9214 0.0000
vt 0.6119 1.9200 0.0000
vt 0.6141 1.9235 0.0000
vt 0.6203 1.9306 0.0000
vt 0.6210 1.9255 0.0000
vt 0.6097 1.9091 0.0000
vt 0.6120 1.9145 0.0000
vt 0.6074 1.9105 0.0000
vt 0.6099 1.9157 0.0000
vt 0.7160 1.9628 0.0000
vt 0.7108 1.9585 0.0000
vt 0.5116 1.9849 0.0000
vt 0.5062 1.9797 0.0000
vt 0.5063 1.9689 0.0000
vt 0.5074 1.9616 0.0000
vt 0.5133 1.9534 0.0000
vt 0.5242 1.9531 0.0000
vt 0.5341 1.9580 0.0000
vt 0.5410 1.9604 0.0000
vt 0.5415 1.9548 0.0000
vt 0.5365 1.9537 0.0000
vt 0.5223 1.9478 0.0000
vt 0.5119 1.9468 0.0000
vt 0.5025 1.9567 0.0000
vt 0.5015 1.9676 0.0000
vt 0.5003 1.9785 0.0000
vt 0.5055 1.9858 0.0000
vt 0.5129 1.9867 0.0000
vt 0.5993 1.9003 0.0000
vt 0.6017 1.8977 0.0000
vt 0.6067 1.9041 0.0000
vt 0.6044 1.9061 0.0000
vt 0.4982 1.9853 0.0000
vt 0.5416 1.9831 0.0000
vt 0.5412 1.9800 0.0000
vt 0.5359 1.9828 0.0000
vt 0.5359 1.9799 0.0000
vt 0.5315 1.9793 0.0000
vt 0.5315 1.9824 0.0000
vt 0.7247 1.9514 0.0000
vt 0.7251 1.9593 0.0000
vt 0.5235 1.9756 0.0000
vt 0.5231 1.9740 0.0000
vt 0.5229 1.9732 0.0000
vt 0.5225 1.9721 0.0000
vt 0.5230 1.9715 0.0000
vt 0.5257 1.9729 0.0000
vt 0.5309 1.9746 0.0000
vt 0.5389 1.9764 0.0000
vt 0.5418 1.9496 0.0000
vt 0.5365 1.9480 0.0000
vt 0.5219 1.9402 0.0000
vt 0.5083 1.9391 0.0000
vt 0.5037 1.9493 0.0000
vt 0.9639 1.8411 0.0000
vt 0.9722 1.8390 0.0000
vt 0.9721 1.8454 0.0000
vt 0.9641 1.8478 0.0000
vt 0.9635 1.8314 0.0000
vt 0.9717 1.8294 0.0000
vt 0.9637 1.8236 0.0000
vt 0.9716 1.8207 0.0000
vt 0.9641 1.8177 0.0000
vt 0.9711 1.8149 0.0000
vt 0.7193 1.9525 0.0000
vt 0.7214 1.9598 0.0000
vt 0.5934 1.8947 0.0000
vt 0.5969 1.8915 0.0000
vt 0.5417 1.9422 0.0000
vt 0.5366 1.9408 0.0000
vt 0.5273 1.9337 0.0000
vt 0.5193 1.9278 0.0000
vt 0.5384 1.9332 0.0000
vt 0.5346 1.9237 0.0000
vt 0.9634 1.8089 0.0000
vt 0.9714 1.8062 0.0000
vt 0.9602 1.7979 0.0000
vt 0.9705 1.7959 0.0000
vt 0.9614 1.7883 0.0000
vt 0.9714 1.7851 0.0000
vt 0.9606 1.7810 0.0000
vt 0.9699 1.7785 0.0000
vt 0.5811 1.8790 0.0000
vt 0.5832 1.8773 0.0000
vt 0.5904 1.8843 0.0000
vt 0.5880 1.8874 0.0000
vt 0.5767 1.8716 0.0000
vt 0.5739 1.8729 0.0000
vt 0.5651 1.8693 0.0000
vt 0.5648 1.8675 0.0000
vt 0.5576 1.8686 0.0000
vt 0.5502 1.8701 0.0000
vt 0.5569 1.8661 0.0000
vt 0.5476 1.8660 0.0000
vt 0.5388 1.8747 0.0000
vt 0.5380 1.8745 0.0000
vt 0.7181 1.9607 0.0000
vt 0.7150 1.9545 0.0000
vt 0.5424 1.8763 0.0000
vt 0.5500 1.8725 0.0000
vt 0.5576 1.8713 0.0000
vt 0.5644 1.8725 0.0000
vt 0.5688 1.8780 0.0000
vt 0.5376 1.8667 0.0000
vt 0.5370 1.8611 0.0000
vt 0.5399 1.8631 0.0000
vt 0.9839 1.9769 0.0000
vt 0.9810 1.9732 0.0000
vt 0.6059 1.9292 0.0000
vt 0.6094 1.9287 0.0000
vt 0.6093 1.9320 0.0000
vt 0.6040 1.9331 0.0000
vt 0.6123 1.9269 0.0000
vt 0.6144 1.9315 0.0000
vt 0.5907 1.9120 0.0000
vt 0.5895 1.9081 0.0000
vt 0.5929 1.9087 0.0000
vt 0.5941 1.9120 0.0000
vt 0.6021 1.9312 0.0000
vt 0.5972 1.9288 0.0000
vt 0.6034 1.9277 0.0000
vt 0.5997 1.9257 0.0000
vt 0.5942 1.9215 0.0000
vt 0.5915 1.9246 0.0000
vt 0.5908 1.9183 0.0000
vt 0.5866 1.9214 0.0000
vt 0.5897 1.9274 0.0000
vt 0.5379 1.8702 0.0000
vt 0.5425 1.8650 0.0000
vt 0.5414 1.8777 0.0000
vt 0.5445 1.8797 0.0000
vt 0.5458 1.8780 0.0000
vt 0.5588 1.8899 0.0000
vt 0.5541 1.8850 0.0000
vt 0.5642 1.8838 0.0000
vt 0.5600 1.8794 0.0000
vt 0.5505 1.8812 0.0000
vt 0.5545 1.8778 0.0000
vt 0.5498 1.8762 0.0000
vt 0.5952 1.9151 0.0000
vt 0.5977 1.9184 0.0000
vt 0.5936 1.9164 0.0000
vt 0.5959 1.9205 0.0000
vt 0.5629 1.8956 0.0000
vt 0.5680 1.8906 0.0000
vt 0.6008 1.9204 0.0000
vt 0.5997 1.9237 0.0000
vt 0.6040 1.9233 0.0000
vt 0.6025 1.9213 0.0000
vt 0.5959 1.9092 0.0000
vt 0.5929 1.9073 0.0000
vt 0.5963 1.9059 0.0000
vt 0.5918 1.9042 0.0000
vt 0.6004 1.9097 0.0000
vt 0.5985 1.9122 0.0000
vt 0.6002 1.9155 0.0000
vt 0.6026 1.9143 0.0000
vt 0.5270 1.9773 0.0000
vt 0.5263 1.9818 0.0000
vt 0.6023 1.9189 0.0000
vt 0.6051 1.9192 0.0000
vt 0.5928 1.9080 0.0000
vt 0.5905 1.9056 0.0000
vt 0.5835 1.9074 0.0000
vt 0.5866 1.9140 0.0000
vt 0.5818 1.9153 0.0000
vt 0.5783 1.9084 0.0000
vt 0.5249 1.9856 0.0000
vt 0.5863 1.9029 0.0000
vt 0.5920 1.9004 0.0000
vt 0.6048 1.9251 0.0000
vt 0.6055 1.9268 0.0000
vt 0.6073 1.9196 0.0000
vt 0.6024 1.9079 0.0000
vt 0.6049 1.9134 0.0000
vt 0.5182 1.9878 0.0000
vt 0.5242 1.9894 0.0000
vt 0.5981 1.9029 0.0000
vt 0.5981 1.9153 0.0000
vt 0.5737 1.8845 0.0000
vt 0.5792 1.8930 0.0000
vt 0.5727 1.8987 0.0000
vt 0.5603 1.8978 0.0000
vt 0.5560 1.8921 0.0000
vt 0.5671 1.9027 0.0000
vt 0.5721 1.9114 0.0000
vt 0.5698 1.9129 0.0000
vt 0.5647 1.9041 0.0000
vt 0.5758 1.9184 0.0000
vt 0.5741 1.9202 0.0000
vt 0.5835 1.8988 0.0000
vt 0.5486 1.8836 0.0000
vt 0.5520 1.8873 0.0000
vt 0.5834 1.9243 0.0000
vt 0.5822 1.9271 0.0000
vt 0.5893 1.9293 0.0000
vt 0.5975 1.9306 0.0000
vt 0.6099 1.9234 0.0000
vt 0.7174 1.9689 0.0000
vt 0.7108 1.9727 0.0000
vt 0.7189 1.9692 0.0000
vt 0.7124 1.9770 0.0000
vt 0.7205 1.9688 0.0000
vt 0.7154 1.9799 0.0000
vt 0.7221 1.9688 0.0000
vt 0.7184 1.9819 0.0000
vt 0.7243 1.9692 0.0000
vt 0.7216 1.9824 0.0000
vt 0.7261 1.9692 0.0000
vt 0.7253 1.9826 0.0000
vt 0.7253 1.9644 0.0000
vt 0.7226 1.9645 0.0000
vt 0.7201 1.9647 0.0000
vt 0.7180 1.9651 0.0000
vt 0.9568 1.8520 0.0000
vt 0.9552 1.8435 0.0000
vt 0.9549 1.8335 0.0000
vt 0.9530 1.8229 0.0000
vt 0.9540 1.8159 0.0000
vt 0.9567 1.8080 0.0000
vt 0.9516 1.8571 0.0000
vt 0.9477 1.8475 0.0000
vt 0.0352 1.5935 0.0000
vt 0.0457 1.5937 0.0000
vt 0.0354 1.6018 0.0000
vt 0.0452 1.6038 0.0000
vt 0.0551 1.5971 0.0000
vt 0.0557 1.6069 0.0000
vt 0.0649 1.6006 0.0000
vt 0.0634 1.6114 0.0000
vt 0.0760 1.6045 0.0000
vt 0.0741 1.6201 0.0000
vt 0.0915 1.6200 0.0000
vt 0.0893 1.6055 0.0000
vt 0.0842 1.6342 0.0000
vt 0.0965 1.6330 0.0000
vt 0.0893 1.6471 0.0000
vt 0.0991 1.6458 0.0000
vt 0.9397 1.8524 0.0000
vt 0.9431 1.8602 0.0000
vt 0.9345 1.8632 0.0000
vt 0.9248 1.8669 0.0000
vt 0.9218 1.8583 0.0000
vt 0.9320 1.8559 0.0000
vt 0.0327 1.5752 0.0000
vt 0.0313 1.5645 0.0000
vt 0.0431 1.5734 0.0000
vt 0.0416 1.5622 0.0000
vt 0.0442 1.5847 0.0000
vt 0.0343 1.5840 0.0000
vt 0.0533 1.5602 0.0000
vt 0.0541 1.5729 0.0000
vt 0.0543 1.5859 0.0000
vt 0.0649 1.5873 0.0000
vt 0.0654 1.5735 0.0000
vt 0.0667 1.5591 0.0000
vt 0.0517 1.5467 0.0000
vt 0.0671 1.5436 0.0000
vt 0.0390 1.5502 0.0000
vt 0.0283 1.5531 0.0000
vt 0.0339 1.5383 0.0000
vt 0.0219 1.5423 0.0000
vt 0.0114 1.5306 0.0000
vt 0.0193 1.5207 0.0000
vt 0.0259 1.5271 0.0000
vt 0.9147 1.8708 0.0000
vt 0.9103 1.8619 0.0000
vt 0.8984 1.8683 0.0000
vt 0.9038 1.8780 0.0000
vt 0.7656 1.5871 0.0000
vt 0.7659 1.5717 0.0000
vt 0.7744 1.5872 0.0000
vt 0.7786 1.5712 0.0000
vt 0.0280 1.5086 0.0000
vt 0.0388 1.5181 0.0000
vt 0.0473 1.5323 0.0000
vt 0.0384 1.4937 0.0000
vt 0.0542 1.5083 0.0000
vt 0.0641 1.5260 0.0000
vt 0.0750 1.5878 0.0000
vt 0.0773 1.5739 0.0000
vt 0.0812 1.5587 0.0000
vt 0.0843 1.5416 0.0000
vt 0.0866 1.5180 0.0000
vt 0.0710 1.4922 0.0000
vt 0.1202 1.4516 0.0000
vt 0.1388 1.4417 0.0000
vt 0.1482 1.4643 0.0000
vt 0.1326 1.4729 0.0000
vt 0.1578 1.4344 0.0000
vt 0.1651 1.4580 0.0000
vt 0.1704 1.4800 0.0000
vt 0.1558 1.4858 0.0000
vt 0.1428 1.4937 0.0000
vt 0.0868 1.5901 0.0000
vt 0.0910 1.5748 0.0000
vt 0.0968 1.5597 0.0000
vt 0.1019 1.5452 0.0000
vt 0.1078 1.5286 0.0000
vt 0.1143 1.6451 0.0000
vt 0.1116 1.6326 0.0000
vt 0.1071 1.6193 0.0000
vt 0.1047 1.6055 0.0000
vt 0.1045 1.5912 0.0000
vt 0.1092 1.5745 0.0000
vt 0.1135 1.5628 0.0000
vt 0.1183 1.5520 0.0000
vt 0.1231 1.5390 0.0000
vt 0.1190 1.5110 0.0000
vt 0.1314 1.5274 0.0000
vt 0.1041 1.4947 0.0000
vt 0.1616 1.5063 0.0000
vt 0.1513 1.5128 0.0000
vt 0.7559 1.3403 0.0000
vt 0.7536 1.3226 0.0000
vt 0.7740 1.3398 0.0000
vt 0.7749 1.3221 0.0000
vt 0.7068 1.3638 0.0000
vt 0.6961 1.3776 0.0000
vt 0.6908 1.3540 0.0000
vt 0.6762 1.3700 0.0000
vt 0.6897 1.3936 0.0000
vt 0.6680 1.3870 0.0000
vt 0.6614 1.4042 0.0000
vt 0.6857 1.4131 0.0000
vt 0.6786 1.4259 0.0000
vt 0.6577 1.4176 0.0000
vt 0.1940 1.6413 0.0000
vt 0.2157 1.6391 0.0000
vt 0.2199 1.6260 0.0000
vt 0.1974 1.6267 0.0000
vt 0.1981 1.6115 0.0000
vt 0.2204 1.6095 0.0000
vt 0.1961 1.5954 0.0000
vt 0.2193 1.5910 0.0000
vt 0.2143 1.5726 0.0000
vt 0.1910 1.5781 0.0000
vt 0.1822 1.5599 0.0000
vt 0.2013 1.5528 0.0000
vt 0.1441 1.5702 0.0000
vt 0.1638 1.5657 0.0000
vt 0.1523 1.5870 0.0000
vt 0.1713 1.5826 0.0000
vt 0.1553 1.6025 0.0000
vt 0.1328 1.6060 0.0000
vt 0.1238 1.5901 0.0000
vt 0.1568 1.6164 0.0000
vt 0.1359 1.6192 0.0000
vt 0.1558 1.6296 0.0000
vt 0.1357 1.6315 0.0000
vt 0.1527 1.6427 0.0000
vt 0.1307 1.6449 0.0000
vt 0.1753 1.5989 0.0000
vt 0.1771 1.6138 0.0000
vt 0.1762 1.6280 0.0000
vt 0.1727 1.6422 0.0000
vt 0.2166 1.5475 0.0000
vt 0.2269 1.5669 0.0000
vt 0.2351 1.5881 0.0000
vt 0.2367 1.6105 0.0000
vt 0.2339 1.6305 0.0000
vt 0.2301 1.6450 0.0000
vt 0.1238 1.5729 0.0000
vt 0.7095 1.3372 0.0000
vt 0.7194 1.3527 0.0000
vt 0.7291 1.3220 0.0000
vt 0.7366 1.3461 0.0000
vt 0.6664 1.4364 0.0000
vt 0.6501 1.4278 0.0000
vt 0.6396 1.4351 0.0000
vt 0.6530 1.4470 0.0000
vt 0.6391 1.4614 0.0000
vt 0.6253 1.4446 0.0000
vt 0.9523 1.4173 0.0000
vt 0.9413 1.4111 0.0000
vt 0.9735 1.4058 0.0000
vt 0.9568 1.3864 0.0000
vt 0.9217 1.4013 0.0000
vt 0.9242 1.3794 0.0000
vt 0.8983 1.3948 0.0000
vt 0.9036 1.3751 0.0000
vt 0.8566 1.4082 0.0000
vt 0.8446 1.3993 0.0000
vt 0.8604 1.3741 0.0000
vt 0.8719 1.3818 0.0000
vt 0.8804 1.3588 0.0000
vt 0.8666 1.3484 0.0000
vt 0.8507 1.3656 0.0000
vt 0.7926 1.3401 0.0000
vt 0.7966 1.3208 0.0000
vt 0.8104 1.3422 0.0000
vt 0.8176 1.3236 0.0000
vt 0.8516 1.3389 0.0000
vt 0.8390 1.3572 0.0000
vt 0.2391 1.5620 0.0000
vt 0.2309 1.5438 0.0000
vt 0.2442 1.5391 0.0000
vt 0.2576 1.5566 0.0000
vt 0.2575 1.5167 0.0000
vt 0.2524 1.5005 0.0000
vt 0.2792 1.4957 0.0000
vt 0.2830 1.5181 0.0000
vt 0.2552 1.5288 0.0000
vt 0.2806 1.5457 0.0000
vt 0.2480 1.4737 0.0000
vt 0.2743 1.4719 0.0000
vt 0.2228 1.4945 0.0000
vt 0.2209 1.4723 0.0000
vt 0.2007 1.4959 0.0000
vt 0.2001 1.4733 0.0000
vt 0.1839 1.4760 0.0000
vt 0.1858 1.4970 0.0000
vt 0.1730 1.5002 0.0000
vt 0.2706 1.4494 0.0000
vt 0.2435 1.4493 0.0000
vt 0.2427 1.4262 0.0000
vt 0.2704 1.4270 0.0000
vt 0.2506 1.4001 0.0000
vt 0.2745 1.4047 0.0000
vt 0.2229 1.3987 0.0000
vt 0.2179 1.4258 0.0000
vt 0.2194 1.4492 0.0000
vt 0.1979 1.4506 0.0000
vt 0.1948 1.4270 0.0000
vt 0.1946 1.4004 0.0000
vt 0.1717 1.4037 0.0000
vt 0.1760 1.4295 0.0000
vt 0.1806 1.4532 0.0000
vt 0.0524 1.4754 0.0000
vt 0.0870 1.4767 0.0000
vt 0.1273 1.4183 0.0000
vt 0.1499 1.4095 0.0000
vt 0.1058 1.4294 0.0000
vt 0.0685 1.4579 0.0000
vt 0.2944 1.4292 0.0000
vt 0.2974 1.4082 0.0000
vt 0.2961 1.4503 0.0000
vt 0.3006 1.4723 0.0000
vt 0.3047 1.4950 0.0000
vt 0.3091 1.5175 0.0000
vt 0.3116 1.5436 0.0000
vt 0.3163 1.5698 0.0000
vt 0.2892 1.5746 0.0000
vt 0.3196 1.5964 0.0000
vt 0.2942 1.5999 0.0000
vt 0.2961 1.6212 0.0000
vt 0.3215 1.6190 0.0000
vt 0.2470 1.5836 0.0000
vt 0.2651 1.5807 0.0000
vt 0.6140 1.4594 0.0000
vt 0.6333 1.4732 0.0000
vt 0.2709 1.6043 0.0000
vt 0.2509 1.6066 0.0000
vt 0.2730 1.6243 0.0000
vt 0.2509 1.6276 0.0000
vt 0.2479 1.6445 0.0000
vt 0.2723 1.6419 0.0000
vt 0.3227 1.6385 0.0000
vt 0.2968 1.6399 0.0000
vt 0.3494 1.6378 0.0000
vt 0.3482 1.6176 0.0000
vt 0.3458 1.5934 0.0000
vt 0.3425 1.5668 0.0000
vt 0.3382 1.5398 0.0000
vt 0.3343 1.5144 0.0000
vt 0.3291 1.4880 0.0000
vt 0.3207 1.4105 0.0000
vt 0.3185 1.4296 0.0000
vt 0.3191 1.4492 0.0000
vt 0.3238 1.4683 0.0000
vt 0.2418 1.3083 0.0000
vt 0.2522 1.2830 0.0000
vt 0.2364 1.2777 0.0000
vt 0.2293 1.3049 0.0000
vt 0.2144 1.2764 0.0000
vt 0.2115 1.3024 0.0000
vt 0.1903 1.3012 0.0000
vt 0.1944 1.2761 0.0000
vt 0.1701 1.2762 0.0000
vt 0.1675 1.3027 0.0000
vt 0.1427 1.2786 0.0000
vt 0.1453 1.3037 0.0000
vt 0.1147 1.2809 0.0000
vt 0.1206 1.3062 0.0000
vt 0.0961 1.2840 0.0000
vt 0.1012 1.3099 0.0000
vt 0.0764 1.2904 0.0000
vt 0.0821 1.3160 0.0000
vt 0.0561 1.2961 0.0000
vt 0.0624 1.3201 0.0000
vt 0.0366 1.3008 0.0000
vt 0.0437 1.3255 0.0000
vt 0.7072 1.3998 0.0000
vt 0.7036 1.4100 0.0000
vt 0.7229 1.4080 0.0000
vt 0.7176 1.4181 0.0000
vt 0.7126 1.3883 0.0000
vt 0.7268 1.3973 0.0000
vt 0.7591 1.4216 0.0000
vt 0.7611 1.4415 0.0000
vt 0.7384 1.4311 0.0000
vt 0.7407 1.4162 0.0000
vt 0.7823 1.4224 0.0000
vt 0.7850 1.4432 0.0000
vt 0.8072 1.4365 0.0000
vt 0.8007 1.4163 0.0000
vt 0.8209 1.4027 0.0000
vt 0.8317 1.4157 0.0000
vt 0.8334 1.3862 0.0000
vt 0.8352 1.3303 0.0000
vt 0.8255 1.3488 0.0000
vt 0.7736 1.3557 0.0000
vt 0.7575 1.3572 0.0000
vt 0.7730 1.3682 0.0000
vt 0.7597 1.3691 0.0000
vt 0.7397 1.3782 0.0000
vt 0.7483 1.3723 0.0000
vt 0.7490 1.3848 0.0000
vt 0.7525 1.3788 0.0000
vt 0.7787 1.4073 0.0000
vt 0.7587 1.4075 0.0000
vt 0.7200 1.3769 0.0000
vt 0.7302 1.3663 0.0000
vt 0.7429 1.3613 0.0000
vt 0.7317 1.3872 0.0000
vt 0.7425 1.4040 0.0000
vt 0.7451 1.3937 0.0000
vt 0.7764 1.3954 0.0000
vt 0.7588 1.3962 0.0000
vt 0.7743 1.3856 0.0000
vt 0.7602 1.3866 0.0000
vt 0.7612 1.3781 0.0000
vt 0.7726 1.3773 0.0000
vt 0.7813 1.3763 0.0000
vt 0.7853 1.3690 0.0000
vt 0.7888 1.3560 0.0000
vt 0.7856 1.3819 0.0000
vt 0.7949 1.3739 0.0000
vt 0.8015 1.3606 0.0000
vt 0.8229 1.3767 0.0000
vt 0.1181 1.4828 0.0000
vt 0.1031 1.4633 0.0000
vt 0.7907 1.3906 0.0000
vt 0.7960 1.4018 0.0000
vt 0.8106 1.3913 0.0000
vt 0.1310 1.5019 0.0000
vt 0.1410 1.5198 0.0000
vt 0.8128 1.3677 0.0000
vt 0.8030 1.3816 0.0000
vt 0.0867 1.4424 0.0000
vt 0.7096 1.4283 0.0000
vt 0.6979 1.4208 0.0000
vt 0.7315 1.4427 0.0000
vt 0.7588 1.4539 0.0000
vt 0.7870 1.4534 0.0000
vt 0.8118 1.4458 0.0000
vt 0.8393 1.4263 0.0000
vt 0.8916 1.3679 0.0000
vt 0.8816 1.3861 0.0000
vt 0.7651 1.4734 0.0000
vt 0.7881 1.4701 0.0000
vt 0.8076 1.5248 0.0000
vt 0.7956 1.5242 0.0000
vt 0.8092 1.5107 0.0000
vt 0.7949 1.5118 0.0000
vt 0.8096 1.5327 0.0000
vt 0.7972 1.5332 0.0000
vt 0.9173 1.4235 0.0000
vt 0.8942 1.4225 0.0000
vt 0.8972 1.4041 0.0000
vt 0.9206 1.4093 0.0000
vt 0.7429 1.4781 0.0000
vt 0.7369 1.4601 0.0000
vt 0.7245 1.4842 0.0000
vt 0.7179 1.4671 0.0000
vt 0.7349 1.5178 0.0000
vt 0.7191 1.5230 0.0000
vt 0.7144 1.5060 0.0000
vt 0.7304 1.5013 0.0000
vt 0.7015 1.4347 0.0000
vt 0.6874 1.4408 0.0000
vt 0.7110 1.4507 0.0000
vt 0.7030 1.4734 0.0000
vt 0.7090 1.4895 0.0000
vt 0.6962 1.4569 0.0000
vt 0.8111 1.5644 0.0000
vt 0.8247 1.5647 0.0000
vt 0.8113 1.5684 0.0000
vt 0.8261 1.5676 0.0000
vt 0.6746 1.4462 0.0000
vt 0.6828 1.4621 0.0000
vt 0.6625 1.4543 0.0000
vt 0.6683 1.4682 0.0000
vt 0.6889 1.4793 0.0000
vt 0.6754 1.4847 0.0000
vt 0.6499 1.4651 0.0000
vt 0.6546 1.4766 0.0000
vt 0.6614 1.4907 0.0000
vt 0.6814 1.4996 0.0000
vt 0.6675 1.5038 0.0000
vt 0.6949 1.4954 0.0000
vt 0.7494 1.4953 0.0000
vt 0.7678 1.4904 0.0000
vt 0.7903 1.4861 0.0000
vt 0.8101 1.5559 0.0000
vt 0.8228 1.5561 0.0000
vt 0.8095 1.5468 0.0000
vt 0.8220 1.5470 0.0000
vt 0.9149 1.4414 0.0000
vt 0.8941 1.4402 0.0000
vt 0.8755 1.4549 0.0000
vt 0.8958 1.4566 0.0000
vt 0.8774 1.4721 0.0000
vt 0.8988 1.4722 0.0000
vt 0.8096 1.5362 0.0000
vt 0.8226 1.5367 0.0000
vt 0.8594 1.5171 0.0000
vt 0.8555 1.5270 0.0000
vt 0.8402 1.5190 0.0000
vt 0.7953 1.5068 0.0000
vt 0.7745 1.5180 0.0000
vt 0.7802 1.5253 0.0000
vt 0.8706 1.5307 0.0000
vt 0.8724 1.5161 0.0000
vt 0.9011 1.5294 0.0000
vt 0.8865 1.5320 0.0000
vt 0.8959 1.5132 0.0000
vt 0.8840 1.5152 0.0000
vt 0.8499 1.5327 0.0000
vt 0.8343 1.5264 0.0000
vt 0.9182 1.4731 0.0000
vt 0.9155 1.4579 0.0000
vt 0.9046 1.4867 0.0000
vt 0.9213 1.4874 0.0000
vt 0.8789 1.4914 0.0000
vt 0.8098 1.5058 0.0000
vt 0.8738 1.4377 0.0000
vt 0.8728 1.4186 0.0000
vt 0.6995 1.5111 0.0000
vt 0.6861 1.5143 0.0000
vt 0.6726 1.5168 0.0000
vt 0.7973 1.5371 0.0000
vt 0.8271 1.5057 0.0000
vt 0.8300 1.4941 0.0000
vt 0.8546 1.5047 0.0000
vt 0.8534 1.4915 0.0000
vt 0.8821 1.5011 0.0000
vt 0.8706 1.5027 0.0000
vt 0.8945 1.4994 0.0000
vt 0.9077 1.4989 0.0000
vt 0.9241 1.5019 0.0000
vt 0.8092 1.4965 0.0000
vt 0.7921 1.4992 0.0000
vt 0.8241 1.5116 0.0000
vt 0.8507 1.4768 0.0000
vt 0.8504 1.4593 0.0000
vt 0.8502 1.4420 0.0000
vt 0.8506 1.4310 0.0000
vt 0.7704 1.5051 0.0000
vt 0.7580 1.5235 0.0000
vt 0.7533 1.5114 0.0000
vt 0.9085 1.5103 0.0000
vt 0.9194 1.5211 0.0000
vt 0.8777 1.4030 0.0000
vt 0.7408 1.5333 0.0000
vt 0.7234 1.5400 0.0000
vt 0.7058 1.5446 0.0000
vt 0.7034 1.5273 0.0000
vt 0.6901 1.5469 0.0000
vt 0.6893 1.5293 0.0000
vt 0.6785 1.5388 0.0000
vt 0.6765 1.5291 0.0000
vt 0.6691 1.5423 0.0000
vt 0.6647 1.5321 0.0000
vt 0.9483 1.5049 0.0000
vt 0.9347 1.5044 0.0000
vt 0.9479 1.4914 0.0000
vt 0.9340 1.4891 0.0000
vt 0.8201 1.5262 0.0000
vt 0.8338 1.5330 0.0000
vt 0.8226 1.5335 0.0000
vt 0.7803 1.5338 0.0000
vt 0.7841 1.5379 0.0000
vt 0.8318 1.5366 0.0000
vt 0.8332 1.5484 0.0000
vt 0.7969 1.5463 0.0000
vt 0.7826 1.5457 0.0000
vt 0.7775 1.5435 0.0000
vt 0.7768 1.5550 0.0000
vt 0.7823 1.5553 0.0000
vt 0.7826 1.5619 0.0000
vt 0.7785 1.5636 0.0000
vt 0.7974 1.5555 0.0000
vt 0.8340 1.5567 0.0000
vt 0.8365 1.5469 0.0000
vt 0.8388 1.5561 0.0000
vt 0.8402 1.5648 0.0000
vt 0.8356 1.5632 0.0000
vt 0.7982 1.5635 0.0000
vt 0.7974 1.5671 0.0000
vt 0.8073 1.4838 0.0000
vt 0.8278 1.4799 0.0000
vt 0.8084 1.4660 0.0000
vt 0.8282 1.4628 0.0000
vt 0.8303 1.4442 0.0000
vt 0.9369 1.4175 0.0000
vt 0.9320 1.4301 0.0000
vt 0.9311 1.4449 0.0000
vt 0.9323 1.4594 0.0000
vt 0.9342 1.4740 0.0000
vt 0.9511 1.4233 0.0000
vt 0.6386 1.4749 0.0000
vt 0.9471 1.4335 0.0000
vt 0.6405 1.4853 0.0000
vt 0.9467 1.4475 0.0000
vt 0.6450 1.4976 0.0000
vt 0.6520 1.5092 0.0000
vt 0.9474 1.4622 0.0000
vt 0.9473 1.4767 0.0000
vt 0.6587 1.5206 0.0000
vt 0.7627 1.5285 0.0000
vt 0.9393 1.5172 0.0000
vt 0.9482 1.5172 0.0000
vt 0.6744 1.5496 0.0000
vt 0.8682 1.5378 0.0000
vt 0.8864 1.5397 0.0000
vt 0.9029 1.5351 0.0000
vt 0.9225 1.5269 0.0000
vt 0.9381 1.5250 0.0000
vt 0.9501 1.5270 0.0000
vt 0.6894 1.5549 0.0000
vt 0.6740 1.5557 0.0000
vt 0.7043 1.5538 0.0000
vt 0.7245 1.5486 0.0000
vt 0.7422 1.5399 0.0000
vt 0.7624 1.5397 0.0000
vt 0.7445 1.5490 0.0000
vt 0.7271 1.5578 0.0000
vt 0.7101 1.5642 0.0000
vt 0.6950 1.5683 0.0000
vt 0.6789 1.5712 0.0000
vt 0.9352 1.5445 0.0000
vt 0.9506 1.5475 0.0000
vt 0.9202 1.5450 0.0000
vt 0.9027 1.5479 0.0000
vt 0.8862 1.5491 0.0000
vt 0.8691 1.5471 0.0000
vt 0.8505 1.5410 0.0000
vt 0.8525 1.5550 0.0000
vt 0.8692 1.5591 0.0000
vt 0.8860 1.5613 0.0000
vt 0.9020 1.5617 0.0000
vt 0.9177 1.5615 0.0000
vt 0.9331 1.5619 0.0000
vt 0.9479 1.5651 0.0000
vt 0.6993 1.5809 0.0000
vt 0.6834 1.5843 0.0000
vt 0.7140 1.5766 0.0000
vt 0.7299 1.5703 0.0000
vt 0.7474 1.5619 0.0000
vt 0.7642 1.5540 0.0000
vt 0.9776 1.9698 0.0000
vt 0.9787 1.9657 0.0000
vt 0.9824 1.9670 0.0000
vt 0.9805 1.9596 0.0000
vt 0.9768 1.9604 0.0000
vt 0.9744 1.9523 0.0000
vt 0.9793 1.9523 0.0000
vt 0.9750 1.9431 0.0000
vt 0.9790 1.9418 0.0000
vt 0.9742 1.9355 0.0000
vt 0.9793 1.9332 0.0000
vt 0.9774 1.9230 0.0000
vt 0.9719 1.9274 0.0000
vt 0.9740 1.9152 0.0000
vt 0.9690 1.9203 0.0000
vt 0.9693 1.9082 0.0000
vt 0.9648 1.9136 0.0000
vt 0.9600 1.9073 0.0000
vt 0.9640 1.9025 0.0000
vt 0.9735 1.9641 0.0000
vt 0.9697 1.9581 0.0000
vt 0.9647 1.9527 0.0000
vt 0.9689 1.9476 0.0000
vt 0.9713 1.9429 0.0000
vt 0.9696 1.9382 0.0000
vt 0.9674 1.9323 0.0000
vt 0.9554 1.9021 0.0000
vt 0.9591 1.8978 0.0000
vt 0.9554 1.8938 0.0000
vt 0.9520 1.8978 0.0000
vt 0.9515 1.8901 0.0000
vt 0.9468 1.8938 0.0000
vt 0.9471 1.8852 0.0000
vt 0.9424 1.8868 0.0000
vt 0.9602 1.9476 0.0000
vt 0.9652 1.9428 0.0000
vt 0.9617 1.9374 0.0000
vt 0.9558 1.9425 0.0000
vt 0.9516 1.9371 0.0000
vt 0.9575 1.9316 0.0000
vt 0.9643 1.9261 0.0000
vt 0.7508 1.5764 0.0000
vt 0.7526 1.5898 0.0000
vt 0.9187 1.8788 0.0000
vt 0.9283 1.8743 0.0000
vt 0.9095 1.8862 0.0000
vt 0.9374 1.8709 0.0000
vt 0.9396 1.8790 0.0000
vt 0.9314 1.8820 0.0000
vt 0.9231 1.8867 0.0000
vt 0.9145 1.8929 0.0000
vt 0.7828 1.5750 0.0000
vt 0.7815 1.5892 0.0000
vt 0.9468 1.8677 0.0000
vt 0.9463 1.8758 0.0000
vt 0.9353 1.8889 0.0000
vt 0.9277 1.8934 0.0000
vt 0.9197 1.8993 0.0000
vt 0.8372 1.5748 0.0000
vt 0.8259 1.5752 0.0000
vt 0.8267 1.5709 0.0000
vt 0.8409 1.5713 0.0000
vt 0.9402 1.8955 0.0000
vt 0.9333 1.9008 0.0000
vt 0.9255 1.9065 0.0000
vt 0.8121 1.5764 0.0000
vt 0.8123 1.5722 0.0000
vt 0.9602 1.9188 0.0000
vt 0.9551 1.9118 0.0000
vt 0.9503 1.9062 0.0000
vt 0.9458 1.9011 0.0000
vt 0.9390 1.9081 0.0000
vt 0.9318 1.9143 0.0000
vt 0.7972 1.5713 0.0000
vt 0.7978 1.5752 0.0000
vt 0.9439 1.9141 0.0000
vt 0.9373 1.9207 0.0000
vt 0.9486 1.9198 0.0000
vt 0.9530 1.9257 0.0000
vt 0.9469 1.9317 0.0000
vt 0.9422 1.9263 0.0000
vt 0.8540 1.5712 0.0000
vt 0.8691 1.5735 0.0000
vt 0.8852 1.5755 0.0000
vt 0.9009 1.5764 0.0000
vt 0.9160 1.5773 0.0000
vt 0.9311 1.5784 0.0000
vt 0.9450 1.5819 0.0000
vt 0.7034 1.5935 0.0000
vt 0.6884 1.5971 0.0000
vt 0.7173 1.5896 0.0000
vt 0.7326 1.5839 0.0000
vt 0.7342 1.5976 0.0000
vt 0.7195 1.6024 0.0000
vt 0.7062 1.6060 0.0000
vt 0.6926 1.6091 0.0000
vt 0.9415 1.5963 0.0000
vt 0.9288 1.5939 0.0000
vt 0.9145 1.5925 0.0000
vt 0.8997 1.5916 0.0000
vt 0.8695 1.5892 0.0000
vt 0.8844 1.5906 0.0000
vt 0.8556 1.5887 0.0000
vt 0.8460 1.5889 0.0000
vt 0.8389 1.5898 0.0000
vt 0.7974 1.5903 0.0000
vt 0.8129 1.5914 0.0000
vt 0.8272 1.5904 0.0000
vt 0.2647 1.2586 0.0000
vt 0.2504 1.2491 0.0000
vt 0.2749 1.2329 0.0000
vt 0.2716 1.2465 0.0000
vt 0.2237 1.2528 0.0000
vt 0.1992 1.2519 0.0000
vt 0.1718 1.2510 0.0000
vt 0.1410 1.2532 0.0000
vt 0.1114 1.2576 0.0000
vt 0.0499 1.2705 0.0000
vt 0.0288 1.2732 0.0000
vt 0.0708 1.2666 0.0000
vt 0.0907 1.2619 0.0000
vt 0.0149 1.2082 0.0000
vt 0.0059 1.1990 0.0000
vt 0.0139 1.1951 0.0000
vt 0.0321 1.2094 0.0000
vt 0.0390 1.1869 0.0000
vt 0.0226 1.1761 0.0000
vt 0.0510 1.2151 0.0000
vt 0.0559 1.1942 0.0000
vt 0.0738 1.2009 0.0000
vt 0.0691 1.2198 0.0000
vt 0.2499 1.2312 0.0000
vt 0.2795 1.2180 0.0000
vt 0.0927 1.2057 0.0000
vt 0.0864 1.2262 0.0000
vt 0.1055 1.2360 0.0000
vt 0.1148 1.2079 0.0000
vt 0.1409 1.2054 0.0000
vt 0.1394 1.2289 0.0000
vt 0.1730 1.2046 0.0000
vt 0.1719 1.2267 0.0000
vt 0.2027 1.2079 0.0000
vt 0.2014 1.2298 0.0000
vt 0.2274 1.2111 0.0000
vt 0.2273 1.2326 0.0000
vt 0.2474 1.2086 0.0000
vt 0.2681 1.2009 0.0000
vt 0.0287 1.2192 0.0000
vt 0.0206 1.2214 0.0000
vt 0.0442 1.2314 0.0000
vt 0.0226 1.2386 0.0000
vt 0.0469 1.2503 0.0000
vt 0.0246 1.2533 0.0000
vt 0.0671 1.2479 0.0000
vt 0.0855 1.2446 0.0000
vt 0.0654 1.2331 0.0000
vt 0.0790 1.2346 0.0000
vt 0.3194 1.1481 0.0000
vt 0.3319 1.1582 0.0000
vt 0.3044 1.1857 0.0000
vt 0.2954 1.1763 0.0000
vt 0.8130 1.6072 0.0000
vt 0.8292 1.6068 0.0000
vt 0.8289 1.6276 0.0000
vt 0.8124 1.6280 0.0000
vt 0.2927 1.1981 0.0000
vt 0.2829 1.1889 0.0000
vt 0.7964 1.6263 0.0000
vt 0.7975 1.6078 0.0000
vt 0.1971 1.1683 0.0000
vt 0.1926 1.1491 0.0000
vt 0.2123 1.1497 0.0000
vt 0.2183 1.1701 0.0000
vt 0.2413 1.1878 0.0000
vt 0.2237 1.1906 0.0000
vt 0.2007 1.1880 0.0000
vt 0.1729 1.1847 0.0000
vt 0.1433 1.1855 0.0000
vt 0.1176 1.1877 0.0000
vt 0.0967 1.1856 0.0000
vt 0.0781 1.1805 0.0000
vt 0.0611 1.1732 0.0000
vt 0.0455 1.1663 0.0000
vt 0.0279 1.1571 0.0000
vt 0.3107 1.1330 0.0000
vt 0.2858 1.1593 0.0000
vt 0.7810 1.6050 0.0000
vt 0.7806 1.6239 0.0000
vt 0.2717 1.1702 0.0000
vt 0.2589 1.1809 0.0000
vt 0.2344 1.1673 0.0000
vt 0.2501 1.1595 0.0000
vt 0.2628 1.1508 0.0000
vt 0.2777 1.1410 0.0000
vt 0.3021 1.1177 0.0000
vt 0.7750 1.6254 0.0000
vt 0.7733 1.6056 0.0000
vt 0.0504 1.1471 0.0000
vt 0.0310 1.1388 0.0000
vt 0.0658 1.1530 0.0000
vt 0.0821 1.1598 0.0000
vt 0.0994 1.1647 0.0000
vt 0.1194 1.1669 0.0000
vt 0.1444 1.1649 0.0000
vt 0.1716 1.1655 0.0000
vt 0.2273 1.1466 0.0000
vt 0.2419 1.1397 0.0000
vt 0.2545 1.1327 0.0000
vt 0.2691 1.1242 0.0000
vt 0.2926 1.1036 0.0000
vt 0.7633 1.6065 0.0000
vt 0.0350 1.1221 0.0000
vt 0.0547 1.1303 0.0000
vt 0.0698 1.1352 0.0000
vt 0.0860 1.1409 0.0000
vt 0.1024 1.1443 0.0000
vt 0.1215 1.1460 0.0000
vt 0.1442 1.1456 0.0000
vt 0.1694 1.1471 0.0000
vt 0.1050 1.1266 0.0000
vt 0.0889 1.1241 0.0000
vt 0.0909 1.1094 0.0000
vt 0.0922 1.0966 0.0000
vt 0.1065 1.0975 0.0000
vt 0.1064 1.1111 0.0000
vt 0.1059 1.0851 0.0000
vt 0.0922 1.0852 0.0000
vt 0.3459 1.5199 0.0000
vt 0.3533 1.5143 0.0000
vt 0.3522 1.5333 0.0000
vt 0.3610 1.5324 0.0000
vt 0.2206 1.1279 0.0000
vt 0.2068 1.1307 0.0000
vt 0.2041 1.1131 0.0000
vt 0.2151 1.1113 0.0000
vt 0.2094 1.0940 0.0000
vt 0.1987 1.0952 0.0000
vt 0.2062 1.0766 0.0000
vt 0.1933 1.0777 0.0000
vt 0.2029 1.0634 0.0000
vt 0.1895 1.0641 0.0000
vt 0.1880 1.1309 0.0000
vt 0.1668 1.1298 0.0000
vt 0.1422 1.1287 0.0000
vt 0.1232 1.1277 0.0000
vt 0.0731 1.1196 0.0000
vt 0.0582 1.1154 0.0000
vt 0.0399 1.1077 0.0000
vt 0.2824 1.0910 0.0000
vt 0.2604 1.1090 0.0000
vt 0.7502 1.6094 0.0000
vt 0.2467 1.1165 0.0000
vt 0.2342 1.1227 0.0000
vt 0.1853 1.1136 0.0000
vt 0.1652 1.1135 0.0000
vt 0.1420 1.1126 0.0000
vt 0.1239 1.1116 0.0000
vt 0.0757 1.1060 0.0000
vt 0.0607 1.1020 0.0000
vt 0.0437 1.0952 0.0000
vt 0.2527 1.0954 0.0000
vt 0.2721 1.0804 0.0000
vt 0.7330 1.6119 0.0000
vt 0.2401 1.1016 0.0000
vt 0.2271 1.1070 0.0000
vt 0.2206 1.0923 0.0000
vt 0.2336 1.0882 0.0000
vt 0.2644 1.0703 0.0000
vt 0.2460 1.0830 0.0000
vt 0.7205 1.6142 0.0000
vt 0.0623 1.0906 0.0000
vt 0.0462 1.0847 0.0000
vt 0.0777 1.0945 0.0000
vt 0.1240 1.0971 0.0000
vt 0.1411 1.0978 0.0000
vt 0.1627 1.0978 0.0000
vt 0.1826 1.0972 0.0000
vt 0.2167 1.0758 0.0000
vt 0.2293 1.0735 0.0000
vt 0.2411 1.0704 0.0000
vt 0.2599 1.0615 0.0000
vt 0.7089 1.6169 0.0000
vt 0.0629 1.0801 0.0000
vt 0.0479 1.0758 0.0000
vt 0.0786 1.0842 0.0000
vt 0.0913 1.0748 0.0000
vt 0.1034 1.0741 0.0000
vt 0.1234 1.0852 0.0000
vt 0.1398 1.0855 0.0000
vt 0.1618 1.0833 0.0000
vt 0.1790 1.0799 0.0000
vt 0.0783 1.0763 0.0000
vt 0.0631 1.0758 0.0000
vt 0.0484 1.0725 0.0000
vt 0.2392 1.0636 0.0000
vt 0.2584 1.0584 0.0000
vt 0.6960 1.6200 0.0000
vt 0.2274 1.0638 0.0000
vt 0.2133 1.0640 0.0000
vt 0.1783 1.0668 0.0000
vt 0.1588 1.0720 0.0000
vt 0.1382 1.0761 0.0000
vt 0.1224 1.0765 0.0000
vt 0.3582 1.5568 0.0000
vt 0.3662 1.5531 0.0000
vt 0.3710 1.5709 0.0000
vt 0.3645 1.5778 0.0000
vt 0.3837 1.5964 0.0000
vt 0.3766 1.6008 0.0000
vt 0.3958 1.6157 0.0000
vt 0.3889 1.6195 0.0000
vt 0.4015 1.6283 0.0000
vt 0.3941 1.6299 0.0000
vt 0.4020 1.6408 0.0000
vt 0.3959 1.6423 0.0000
vt 0.4007 1.6508 0.0000
vt 0.3958 1.6516 0.0000
vt 0.3964 1.6651 0.0000
vt 0.3934 1.6649 0.0000
vt 0.3928 1.6770 0.0000
vt 0.3891 1.6764 0.0000
vt 0.3888 1.6995 0.0000
vt 0.3836 1.6975 0.0000
vt 0.9387 1.6083 0.0000
vt 0.9264 1.6060 0.0000
vt 0.3871 1.7177 0.0000
vt 0.3809 1.7158 0.0000
vt 0.3845 1.7359 0.0000
vt 0.3772 1.7345 0.0000
vt 0.3807 1.7540 0.0000
vt 0.3728 1.7495 0.0000
vt 0.3953 1.5676 0.0000
vt 0.3924 1.5577 0.0000
vt 0.3968 1.5593 0.0000
vt 0.3993 1.5660 0.0000
vt 0.4285 1.5860 0.0000
vt 0.4440 1.5817 0.0000
vt 0.4298 1.5897 0.0000
vt 0.4491 1.5840 0.0000
vt 0.4454 1.5703 0.0000
vt 0.4405 1.5716 0.0000
vt 0.4125 1.5500 0.0000
vt 0.4323 1.5434 0.0000
vt 0.4307 1.5497 0.0000
vt 0.4140 1.5542 0.0000
vt 0.4243 1.5765 0.0000
vt 0.4071 1.5812 0.0000
vt 0.4122 1.5897 0.0000
vt 0.4026 1.5844 0.0000
vt 0.4094 1.5944 0.0000
vt 0.4175 1.5623 0.0000
vt 0.4351 1.5586 0.0000
vt 0.4391 1.5554 0.0000
vt 0.4136 1.6117 0.0000
vt 0.4168 1.6259 0.0000
vt 0.3872 1.5428 0.0000
vt 0.3809 1.5221 0.0000
vt 0.3724 1.5005 0.0000
vt 0.4025 1.7613 0.0000
vt 0.4056 1.7410 0.0000
vt 0.4082 1.7215 0.0000
vt 0.4086 1.6971 0.0000
vt 0.4108 1.6796 0.0000
vt 0.9129 1.6049 0.0000
vt 0.4142 1.6654 0.0000
vt 0.4180 1.6515 0.0000
vt 0.4183 1.6392 0.0000
vt 0.4080 1.5369 0.0000
vt 0.4271 1.5319 0.0000
vt 0.3999 1.5156 0.0000
vt 0.4184 1.5113 0.0000
vt 0.3937 1.4930 0.0000
vt 0.4144 1.4912 0.0000
vt 0.4251 1.7435 0.0000
vt 0.4425 1.7424 0.0000
vt 0.4244 1.7646 0.0000
vt 0.4453 1.7624 0.0000
vt 0.4249 1.7242 0.0000
vt 0.4415 1.7234 0.0000
vt 0.4256 1.6972 0.0000
vt 0.4420 1.6973 0.0000
vt 0.4276 1.6800 0.0000
vt 0.4438 1.6800 0.0000
vt 0.8990 1.6049 0.0000
vt 0.4302 1.6646 0.0000
vt 0.4460 1.6642 0.0000
vt 0.4321 1.6508 0.0000
vt 0.4472 1.6492 0.0000
vt 0.4329 1.6371 0.0000
vt 0.4478 1.6348 0.0000
vt 0.4324 1.6230 0.0000
vt 0.4487 1.6204 0.0000
vt 0.4312 1.6073 0.0000
vt 0.4482 1.6036 0.0000
vt 0.4608 1.5825 0.0000
vt 0.4540 1.5686 0.0000
vt 0.4476 1.5533 0.0000
vt 0.4432 1.5403 0.0000
vt 0.4633 1.6014 0.0000
vt 0.4645 1.6181 0.0000
vt 0.4637 1.6332 0.0000
vt 0.4627 1.6479 0.0000
vt 0.4617 1.6638 0.0000
vt 0.4595 1.6800 0.0000
vt 0.4577 1.6971 0.0000
vt 0.8845 1.6052 0.0000
vt 0.4575 1.7214 0.0000
vt 0.4589 1.7395 0.0000
vt 0.4632 1.7566 0.0000
vt 0.4327 1.4917 0.0000
vt 0.4348 1.5098 0.0000
vt 0.4398 1.5294 0.0000
vt 0.4580 1.5678 0.0000
vt 0.4627 1.5778 0.0000
vt 0.4509 1.5525 0.0000
vt 0.4471 1.5423 0.0000
vt 0.4556 1.5313 0.0000
vt 0.4592 1.5369 0.0000
vt 0.4519 1.5256 0.0000
vt 0.4738 1.7362 0.0000
vt 0.4780 1.7509 0.0000
vt 0.4496 1.5081 0.0000
vt 0.4481 1.4922 0.0000
vt 0.4725 1.7196 0.0000
vt 0.4722 1.6980 0.0000
vt 0.4748 1.6806 0.0000
vt 0.8698 1.6054 0.0000
vt 0.4771 1.6643 0.0000
vt 0.4785 1.6478 0.0000
vt 0.4797 1.6321 0.0000
vt 0.4801 1.6163 0.0000
vt 0.4791 1.5998 0.0000
vt 0.4778 1.5823 0.0000
vt 0.4753 1.5755 0.0000
vt 0.4698 1.5652 0.0000
vt 0.4633 1.5491 0.0000
vt 0.8589 1.6065 0.0000
vt 0.4844 1.5719 0.0000
vt 0.4907 1.5757 0.0000
vt 0.4807 1.5630 0.0000
vt 0.4744 1.5457 0.0000
vt 0.4701 1.5328 0.0000
vt 0.4705 1.5262 0.0000
vt 0.4669 1.5209 0.0000
vt 0.4640 1.5057 0.0000
vt 0.4618 1.4920 0.0000
vt 0.4912 1.7461 0.0000
vt 0.4885 1.7327 0.0000
vt 0.4867 1.7189 0.0000
vt 0.4868 1.6997 0.0000
vt 0.4894 1.6818 0.0000
vt 0.8494 1.6068 0.0000
vt 0.4916 1.6653 0.0000
vt 0.4935 1.6478 0.0000
vt 0.4953 1.6316 0.0000
vt 0.4957 1.6142 0.0000
vt 0.4939 1.5960 0.0000
vt 0.4862 1.5613 0.0000
vt 0.4786 1.5419 0.0000
vt 0.5131 1.6131 0.0000
vt 0.5088 1.5923 0.0000
vt 0.5119 1.6315 0.0000
vt 0.5007 1.5718 0.0000
vt 0.4964 1.5575 0.0000
vt 0.4907 1.5401 0.0000
vt 0.4850 1.5253 0.0000
vt 0.4812 1.5145 0.0000
vt 0.4777 1.5018 0.0000
vt 0.4743 1.4900 0.0000
vt 0.5022 1.7312 0.0000
vt 0.5036 1.7433 0.0000
vt 0.5016 1.7176 0.0000
vt 0.5008 1.7007 0.0000
vt 0.5031 1.6834 0.0000
vt 0.8412 1.6063 0.0000
vt 0.5052 1.6669 0.0000
vt 0.5083 1.6492 0.0000
vt 0.5333 1.5916 0.0000
vt 0.5335 1.6119 0.0000
vt 0.5335 1.6321 0.0000
vt 0.5560 1.5965 0.0000
vt 0.5546 1.6111 0.0000
vt 0.5555 1.6256 0.0000
vt 0.5579 1.5810 0.0000
vt 0.5413 1.5728 0.0000
vt 0.5636 1.5688 0.0000
vt 0.5504 1.5618 0.0000
vt 0.5458 1.6455 0.0000
vt 0.5606 1.6380 0.0000
vt 0.5668 1.6483 0.0000
vt 0.5724 1.6581 0.0000
vt 0.5548 1.6554 0.0000
vt 0.5623 1.6666 0.0000
vt 0.5229 1.6522 0.0000
vt 0.5180 1.6710 0.0000
vt 0.5358 1.6582 0.0000
vt 0.5464 1.6654 0.0000
vt 0.5307 1.6741 0.0000
vt 0.5424 1.6779 0.0000
vt 0.5565 1.6755 0.0000
vt 0.5554 1.6821 0.0000
vt 0.5157 1.5683 0.0000
vt 0.5083 1.5519 0.0000
vt 0.5030 1.5364 0.0000
vt 0.4985 1.5229 0.0000
vt 0.4945 1.5105 0.0000
vt 0.4904 1.4968 0.0000
vt 0.4860 1.4860 0.0000
vt 0.5156 1.7314 0.0000
vt 0.5159 1.7429 0.0000
vt 0.5153 1.7187 0.0000
vt 0.5149 1.7038 0.0000
vt 0.5164 1.6873 0.0000
vt 0.5283 1.5599 0.0000
vt 0.5202 1.5448 0.0000
vt 0.5148 1.5307 0.0000
vt 0.5069 1.5050 0.0000
vt 0.5107 1.5177 0.0000
vt 0.5024 1.4908 0.0000
vt 0.4977 1.4804 0.0000
vt 0.5288 1.7325 0.0000
vt 0.5286 1.7439 0.0000
vt 0.5288 1.7205 0.0000
vt 0.5282 1.7056 0.0000
vt 0.5290 1.6907 0.0000
vt 0.5421 1.6925 0.0000
vt 0.5415 1.7107 0.0000
vt 0.5425 1.7219 0.0000
vt 0.5418 1.7337 0.0000
vt 0.5420 1.7453 0.0000
vt 0.5142 1.4841 0.0000
vt 0.5097 1.4737 0.0000
vt 0.5192 1.4993 0.0000
vt 0.5224 1.5108 0.0000
vt 0.5263 1.5234 0.0000
vt 0.5312 1.5367 0.0000
vt 0.5389 1.5510 0.0000
vt 0.5577 1.5498 0.0000
vt 0.5705 1.5575 0.0000
vt 0.5489 1.5421 0.0000
vt 0.5426 1.5288 0.0000
vt 0.5382 1.5152 0.0000
vt 0.5346 1.5029 0.0000
vt 0.5307 1.4919 0.0000
vt 0.5259 1.4777 0.0000
vt 0.5221 1.4680 0.0000
vt 0.5559 1.7330 0.0000
vt 0.5555 1.7450 0.0000
vt 0.5559 1.7217 0.0000
vt 0.5547 1.7104 0.0000
vt 0.5543 1.6926 0.0000
vt 0.5801 1.6433 0.0000
vt 0.5847 1.6525 0.0000
vt 0.5754 1.6333 0.0000
vt 0.5943 1.6393 0.0000
vt 0.6000 1.6473 0.0000
vt 0.6119 1.6388 0.0000
vt 0.6046 1.6326 0.0000
vt 0.5720 1.6229 0.0000
vt 0.5715 1.6109 0.0000
vt 0.5712 1.5983 0.0000
vt 0.5726 1.5859 0.0000
vt 0.5772 1.5746 0.0000
vt 0.5833 1.5641 0.0000
vt 0.5889 1.5795 0.0000
vt 0.5959 1.5714 0.0000
vt 0.6074 1.5815 0.0000
vt 0.6159 1.5909 0.0000
vt 0.6085 1.5950 0.0000
vt 0.6011 1.5881 0.0000
vt 0.6222 1.6089 0.0000
vt 0.6107 1.6110 0.0000
vt 0.6095 1.6223 0.0000
vt 0.6203 1.6266 0.0000
vt 0.5896 1.6304 0.0000
vt 0.5986 1.6273 0.0000
vt 0.5996 1.6209 0.0000
vt 0.5999 1.6114 0.0000
vt 0.5979 1.6003 0.0000
vt 0.5953 1.5938 0.0000
vt 0.5852 1.5894 0.0000
vt 0.5869 1.6214 0.0000
vt 0.5880 1.6111 0.0000
vt 0.5854 1.6003 0.0000
vt 0.5619 1.2035 0.0000
vt 0.5636 1.2046 0.0000
vt 0.5454 1.2125 0.0000
vt 0.5454 1.2151 0.0000
vt 0.5230 1.2168 0.0000
vt 0.5225 1.2138 0.0000
vt 0.5073 1.2128 0.0000
vt 0.5079 1.2092 0.0000
vt 0.4916 1.2013 0.0000
vt 0.4931 1.1984 0.0000
vt 0.4795 1.1862 0.0000
vt 0.4819 1.1833 0.0000
vt 0.4702 1.1685 0.0000
vt 0.4733 1.1661 0.0000
vt 0.4626 1.1489 0.0000
vt 0.4668 1.1475 0.0000
vt 0.4571 1.1309 0.0000
vt 0.4613 1.1293 0.0000
vt 0.4541 1.1095 0.0000
vt 0.4575 1.1092 0.0000
vt 0.4537 1.0895 0.0000
vt 0.4572 1.0900 0.0000
vt 0.4572 1.0721 0.0000
vt 0.4601 1.0735 0.0000
vt 0.4664 1.0600 0.0000
vt 0.4643 1.0576 0.0000
vt 0.4785 1.0448 0.0000
vt 0.4797 1.0476 0.0000
vt 0.4922 1.0423 0.0000
vt 0.4916 1.0392 0.0000
vt 0.5075 1.0380 0.0000
vt 0.5085 1.0412 0.0000
vt 0.5226 1.0414 0.0000
vt 0.5216 1.0440 0.0000
vt 0.5364 1.0494 0.0000
vt 0.5344 1.0516 0.0000
vt 0.5480 1.0703 0.0000
vt 0.5509 1.0680 0.0000
vt 0.5576 1.0839 0.0000
vt 0.5540 1.0861 0.0000
vt 0.5622 1.0966 0.0000
vt 0.5585 1.0986 0.0000
vt 0.5689 1.1135 0.0000
vt 0.5656 1.1142 0.0000
vt 0.5770 1.1325 0.0000
vt 0.5745 1.1340 0.0000
vt 0.5812 1.1520 0.0000
vt 0.5777 1.1520 0.0000
vt 0.5800 1.1728 0.0000
vt 0.5776 1.1721 0.0000
vt 0.5726 1.1885 0.0000
vt 0.5745 1.1902 0.0000
vt 0.5531 1.1940 0.0000
vt 0.5609 1.1825 0.0000
vt 0.5414 1.2005 0.0000
vt 0.5237 1.2005 0.0000
vt 0.5131 1.1968 0.0000
vt 0.5026 1.1892 0.0000
vt 0.4926 1.1755 0.0000
vt 0.4866 1.1595 0.0000
vt 0.4807 1.1432 0.0000
vt 0.4760 1.1248 0.0000
vt 0.4725 1.1060 0.0000
vt 0.4720 1.0895 0.0000
vt 0.4731 1.0779 0.0000
vt 0.4776 1.0668 0.0000
vt 0.4880 1.0575 0.0000
vt 0.4966 1.0538 0.0000
vt 0.5087 1.0529 0.0000
vt 0.5178 1.0543 0.0000
vt 0.5271 1.0616 0.0000
vt 0.5368 1.0771 0.0000
vt 0.4892 1.0795 0.0000
vt 0.5049 1.0770 0.0000
vt 0.5079 1.0881 0.0000
vt 0.4879 1.0911 0.0000
vt 0.5405 1.0908 0.0000
vt 0.5454 1.1061 0.0000
vt 0.5525 1.1201 0.0000
vt 0.5609 1.1376 0.0000
vt 0.5644 1.1533 0.0000
vt 0.5646 1.1691 0.0000
vt 0.5180 1.1842 0.0000
vt 0.5117 1.1790 0.0000
vt 0.5036 1.1684 0.0000
vt 0.4982 1.1538 0.0000
vt 0.4936 1.1387 0.0000
vt 0.4885 1.1224 0.0000
vt 0.4863 1.1064 0.0000
vt 0.4906 1.0716 0.0000
vt 0.4947 1.0674 0.0000
vt 0.5013 1.0647 0.0000
vt 0.5080 1.0633 0.0000
vt 0.5146 1.0640 0.0000
vt 0.5190 1.0708 0.0000
vt 0.5254 1.0833 0.0000
vt 0.5317 1.0959 0.0000
vt 0.5360 1.1098 0.0000
vt 0.5417 1.1237 0.0000
vt 0.5499 1.1397 0.0000
vt 0.5532 1.1559 0.0000
vt 0.5530 1.1656 0.0000
vt 0.5514 1.1762 0.0000
vt 0.5448 1.1834 0.0000
vt 0.5365 1.1885 0.0000
vt 0.5268 1.1867 0.0000
vt 0.5320 1.1780 0.0000
vt 0.5291 1.1691 0.0000
vt 0.5255 1.1591 0.0000
vt 0.5218 1.1475 0.0000
vt 0.5174 1.1312 0.0000
vt 0.5128 1.1172 0.0000
vt 0.5092 1.1010 0.0000
vt 0.5031 1.0693 0.0000
vt 0.8420 1.6257 0.0000
vt 0.8506 1.6279 0.0000
vt 0.8596 1.6242 0.0000
vt 0.8698 1.6221 0.0000
vt 0.8847 1.6184 0.0000
vt 0.8986 1.6174 0.0000
vt 0.9119 1.6160 0.0000
vt 0.9241 1.6159 0.0000
vt 0.9371 1.6200 0.0000
vt 0.7108 1.6281 0.0000
vt 0.7003 1.6309 0.0000
vt 0.7220 1.6256 0.0000
vt 0.7345 1.6224 0.0000
vt 0.7497 1.6234 0.0000
vt 0.7630 1.6241 0.0000
vt 0.7948 1.6297 0.0000
vt 0.8137 1.6324 0.0000
vt 0.8298 1.6324 0.0000
vt 0.5794 1.1027 0.0000
vt 0.5803 1.0846 0.0000
vt 0.5903 1.1036 0.0000
vt 0.5918 1.0864 0.0000
vt 0.5950 1.0681 0.0000
vt 0.5825 1.0668 0.0000
vt 0.5859 1.0526 0.0000
vt 0.5972 1.0539 0.0000
vt 0.6007 1.0377 0.0000
vt 0.5887 1.0353 0.0000
vt 0.6038 1.0287 0.0000
vt 0.5888 1.0306 0.0000
vt 0.5910 1.0243 0.0000
vt 0.6064 1.0191 0.0000
vt 0.5939 1.0123 0.0000
vt 0.6425 1.5798 0.0000
vt 0.6314 1.5885 0.0000
vt 0.6335 1.5709 0.0000
vt 0.6237 1.5797 0.0000
vt 0.6244 1.5626 0.0000
vt 0.6149 1.5722 0.0000
vt 0.6156 1.5558 0.0000
vt 0.6067 1.5649 0.0000
vt 0.5984 1.5551 0.0000
vt 0.6067 1.5461 0.0000
vt 0.5906 1.5483 0.0000
vt 0.5987 1.5406 0.0000
vt 0.5886 1.5328 0.0000
vt 0.5821 1.5418 0.0000
vt 0.5700 1.5390 0.0000
vt 0.5749 1.5313 0.0000
vt 0.5552 1.5360 0.0000
vt 0.5601 1.5279 0.0000
vt 0.5805 1.1129 0.0000
vt 0.5913 1.1146 0.0000
vt 0.5812 1.1257 0.0000
vt 0.5903 1.1294 0.0000
vt 0.5971 1.5245 0.0000
vt 0.6065 1.5292 0.0000
vt 0.7493 1.0517 0.0000
vt 0.7512 1.0569 0.0000
vt 0.7416 1.0543 0.0000
vt 0.7412 1.0648 0.0000
vt 0.5864 1.5081 0.0000
vt 0.5972 1.5132 0.0000
vt 0.5819 1.5187 0.0000
vt 0.5732 1.5030 0.0000
vt 0.5683 1.5132 0.0000
vt 0.6218 1.1352 0.0000
vt 0.6153 1.1450 0.0000
vt 0.6048 1.1394 0.0000
vt 0.6114 1.1257 0.0000
vt 0.6341 1.1267 0.0000
vt 0.6247 1.1174 0.0000
vt 0.6393 1.1126 0.0000
vt 0.6462 1.1208 0.0000
vt 0.6086 1.1049 0.0000
vt 0.6111 1.0864 0.0000
vt 0.6117 1.0675 0.0000
vt 0.6145 1.0524 0.0000
vt 0.6175 1.0377 0.0000
vt 0.6217 1.0301 0.0000
vt 0.6205 1.0213 0.0000
vt 0.6427 1.5637 0.0000
vt 0.6523 1.5712 0.0000
vt 0.6342 1.5562 0.0000
vt 0.7404 1.0500 0.0000
vt 0.7476 1.0444 0.0000
vt 0.6244 1.5475 0.0000
vt 0.6146 1.5357 0.0000
vt 0.5892 1.5043 0.0000
vt 0.5978 1.5074 0.0000
vt 0.5764 1.4997 0.0000
vt 0.6263 1.1376 0.0000
vt 0.6198 1.1471 0.0000
vt 0.6374 1.1297 0.0000
vt 0.6484 1.1260 0.0000
vt 0.6213 1.1037 0.0000
vt 0.6337 1.1018 0.0000
vt 0.6225 1.0868 0.0000
vt 0.6240 1.0677 0.0000
vt 0.6327 1.0875 0.0000
vt 0.6332 1.0678 0.0000
vt 0.6259 1.0523 0.0000
vt 0.6300 1.0385 0.0000
vt 0.6384 1.0402 0.0000
vt 0.6356 1.0549 0.0000
vt 0.6320 1.0288 0.0000
vt 0.6446 1.0306 0.0000
vt 0.6329 1.0202 0.0000
vt 0.6479 1.0199 0.0000
vt 0.6630 1.5541 0.0000
vt 0.6577 1.5628 0.0000
vt 0.6488 1.5570 0.0000
vt 0.6547 1.5482 0.0000
vt 0.6497 1.5429 0.0000
vt 0.6413 1.5476 0.0000
vt 0.7215 1.0278 0.0000
vt 0.7160 1.0243 0.0000
vt 0.7207 1.0181 0.0000
vt 0.7268 1.0211 0.0000
vt 0.7323 1.0360 0.0000
vt 0.7368 1.0315 0.0000
vt 0.7347 1.0432 0.0000
vt 0.7441 1.0383 0.0000
vt 0.7529 1.0620 0.0000
vt 0.7431 1.0698 0.0000
vt 0.7268 1.0320 0.0000
vt 0.7334 1.0266 0.0000
vt 0.6643 1.1019 0.0000
vt 0.6610 1.1013 0.0000
vt 0.6639 1.0944 0.0000
vt 0.6609 1.0948 0.0000
vt 0.6544 1.0936 0.0000
vt 0.6548 1.1004 0.0000
vt 0.6487 1.1000 0.0000
vt 0.6473 1.0924 0.0000
vt 0.6414 1.1016 0.0000
vt 0.6400 1.0919 0.0000
vt 0.6566 1.1079 0.0000
vt 0.6589 1.1116 0.0000
vt 0.6483 1.1078 0.0000
vt 0.6475 1.1131 0.0000
vt 0.6593 1.1191 0.0000
vt 0.6620 1.1261 0.0000
vt 0.6604 1.0897 0.0000
vt 0.6622 1.0898 0.0000
vt 0.6546 1.0886 0.0000
vt 0.6466 1.0876 0.0000
vt 0.6429 1.0871 0.0000
vt 0.6607 1.0843 0.0000
vt 0.6640 1.0842 0.0000
vt 0.6544 1.0832 0.0000
vt 0.6463 1.0827 0.0000
vt 0.6396 1.0829 0.0000
vt 0.6459 1.0741 0.0000
vt 0.6392 1.0730 0.0000
vt 0.6423 1.0702 0.0000
vt 0.6462 1.0708 0.0000
vt 0.6544 1.0771 0.0000
vt 0.6543 1.0721 0.0000
vt 0.6614 1.0772 0.0000
vt 0.6599 1.0716 0.0000
vt 0.6644 1.0777 0.0000
vt 0.6637 1.0720 0.0000
vt 0.6453 1.0675 0.0000
vt 0.6399 1.0661 0.0000
vt 0.6472 1.0567 0.0000
vt 0.6462 1.0605 0.0000
vt 0.6427 1.0558 0.0000
vt 0.6400 1.0592 0.0000
vt 0.6532 1.0688 0.0000
vt 0.6528 1.0606 0.0000
vt 0.6532 1.0575 0.0000
vt 0.6572 1.0682 0.0000
vt 0.6566 1.0613 0.0000
vt 0.6567 1.0564 0.0000
vt 0.6472 1.0524 0.0000
vt 0.6406 1.0517 0.0000
vt 0.6482 1.0451 0.0000
vt 0.6426 1.0428 0.0000
vt 0.6504 1.0400 0.0000
vt 0.6474 1.0383 0.0000
vt 0.6531 1.0541 0.0000
vt 0.6539 1.0454 0.0000
vt 0.6556 1.0405 0.0000
vt 0.6557 1.0541 0.0000
vt 0.6566 1.0455 0.0000
vt 0.6585 1.0400 0.0000
vt 0.6627 1.0672 0.0000
vt 0.6612 1.0613 0.0000
vt 0.6619 1.0552 0.0000
vt 0.6610 1.0510 0.0000
vt 0.6614 1.0445 0.0000
vt 0.6626 1.0378 0.0000
vt 0.6550 1.0310 0.0000
vt 0.6599 1.0328 0.0000
vt 0.6627 1.0230 0.0000
vt 0.6569 1.5420 0.0000
vt 0.6663 1.5479 0.0000
vt 0.6541 1.5387 0.0000
vt 0.6663 1.0288 0.0000
vt 0.6674 1.0368 0.0000
vt 0.6658 1.0438 0.0000
vt 0.6648 1.0502 0.0000
vt 0.6653 1.0549 0.0000
vt 0.6658 1.0605 0.0000
vt 0.6669 1.0668 0.0000
vt 0.6673 1.0720 0.0000
vt 0.6680 1.0782 0.0000
vt 0.6687 1.0853 0.0000
vt 0.6687 1.0899 0.0000
vt 0.6690 1.0932 0.0000
vt 0.6697 1.1014 0.0000
vt 0.6690 1.1086 0.0000
vt 0.6699 1.1152 0.0000
vt 0.6750 1.1261 0.0000
vt 0.6797 1.1015 0.0000
vt 0.6797 1.0943 0.0000
vt 0.6791 1.1079 0.0000
vt 0.6800 1.0911 0.0000
vt 0.6803 1.0875 0.0000
vt 0.6802 1.0785 0.0000
vt 0.6796 1.0736 0.0000
vt 0.6791 1.0697 0.0000
vt 0.6945 1.0711 0.0000
vt 0.6944 1.0751 0.0000
vt 0.6782 1.0614 0.0000
vt 0.6931 1.0636 0.0000
vt 0.6772 1.0560 0.0000
vt 0.6911 1.0581 0.0000
vt 0.6768 1.0520 0.0000
vt 0.6909 1.0545 0.0000
vt 0.6769 1.0452 0.0000
vt 0.6896 1.0467 0.0000
vt 0.6777 1.0392 0.0000
vt 0.6887 1.0407 0.0000
vt 0.6945 1.0792 0.0000
vt 0.6944 1.0880 0.0000
vt 0.6936 1.0910 0.0000
vt 0.6926 1.0946 0.0000
vt 0.6914 1.0996 0.0000
vt 0.6899 1.1045 0.0000
vt 0.6785 1.0286 0.0000
vt 0.6882 1.0307 0.0000
vt 0.6815 1.0186 0.0000
vt 0.6943 1.0196 0.0000
vt 0.7021 1.0548 0.0000
vt 0.7006 1.0514 0.0000
vt 0.7033 1.0604 0.0000
vt 0.7056 1.0695 0.0000
vt 0.7066 1.0725 0.0000
vt 0.7070 1.0772 0.0000
vt 0.7090 1.0867 0.0000
vt 0.7085 1.0914 0.0000
vt 0.7065 1.0953 0.0000
vt 0.7043 1.1008 0.0000
vt 0.7016 1.1079 0.0000
vt 0.6789 1.1131 0.0000
vt 0.6862 1.1141 0.0000
vt 0.6953 1.1158 0.0000
vt 0.6856 1.1231 0.0000
vt 0.6921 1.1242 0.0000
vt 0.6981 1.0443 0.0000
vt 0.6963 1.0396 0.0000
vt 0.6975 1.0340 0.0000
vt 0.6984 1.0268 0.0000
vt 0.7178 1.0636 0.0000
vt 0.7155 1.0558 0.0000
vt 0.7196 1.0677 0.0000
vt 0.7198 1.0724 0.0000
vt 0.7219 1.0828 0.0000
vt 0.7250 1.0901 0.0000
vt 0.7196 1.0987 0.0000
vt 0.7308 1.0791 0.0000
vt 0.7279 1.0701 0.0000
vt 0.7253 1.0603 0.0000
vt 0.7218 1.0520 0.0000
vt 0.7270 1.0647 0.0000
vt 0.5747 1.4903 0.0000
vt 0.5675 1.4908 0.0000
vt 0.5740 1.4799 0.0000
vt 0.5660 1.4771 0.0000
vt 0.5803 1.4961 0.0000
vt 0.5898 1.5014 0.0000
vt 0.5777 1.4723 0.0000
vt 0.5848 1.4772 0.0000
vt 0.5825 1.4829 0.0000
vt 0.5807 1.4680 0.0000
vt 0.5876 1.4731 0.0000
vt 0.7159 1.0357 0.0000
vt 0.7115 1.0317 0.0000
vt 0.5918 1.4655 0.0000
vt 0.5939 1.4694 0.0000
vt 0.5873 1.4624 0.0000
vt 0.5795 1.4618 0.0000
vt 0.7128 1.0505 0.0000
vt 0.7190 1.0473 0.0000
vt 0.7122 1.0375 0.0000
vt 0.7195 1.0408 0.0000
vt 0.7160 1.0437 0.0000
vt 0.7079 1.0400 0.0000
vt 0.7110 1.0464 0.0000
vt 0.7058 1.0360 0.0000
vt 0.7085 1.0335 0.0000
vt 0.7035 1.0325 0.0000
vt 0.7046 1.0297 0.0000
vt 0.7060 1.0276 0.0000
vt 0.7244 1.0440 0.0000
vt 0.7103 1.0208 0.0000
vt 0.7325 1.0840 0.0000
vt 0.5940 1.4827 0.0000
vt 0.5944 1.4884 0.0000
vt 0.5825 1.4895 0.0000
vt 0.5848 1.4919 0.0000
vt 0.5944 1.4927 0.0000
vt 0.5907 1.4980 0.0000
vt 0.5957 1.4970 0.0000
vt 0.5990 1.5043 0.0000
vt 0.6020 1.5016 0.0000
vt 0.5942 1.4781 0.0000
vt 0.7128 1.1060 0.0000
vt 0.7067 1.1122 0.0000
vt 0.6989 1.1187 0.0000
vt 0.6025 1.4721 0.0000
vt 0.6022 1.4774 0.0000
vt 0.6023 1.4831 0.0000
vt 0.6013 1.4883 0.0000
vt 0.6009 1.4930 0.0000
vt 0.6093 1.4782 0.0000
vt 0.6108 1.4745 0.0000
vt 0.6083 1.4833 0.0000
vt 0.6076 1.4890 0.0000
vt 0.6075 1.4931 0.0000
vt 0.6084 1.4980 0.0000
vt 0.6136 1.4802 0.0000
vt 0.6158 1.4768 0.0000
vt 0.6176 1.4831 0.0000
vt 0.6198 1.4812 0.0000
vt 0.6129 1.4841 0.0000
vt 0.6119 1.4886 0.0000
vt 0.6120 1.4914 0.0000
vt 0.6115 1.4998 0.0000
vt 0.6157 1.4860 0.0000
vt 0.6150 1.4889 0.0000
vt 0.6145 1.4905 0.0000
vt 0.6222 1.4847 0.0000
vt 0.6213 1.4912 0.0000
vt 0.6173 1.4918 0.0000
vt 0.6159 1.4970 0.0000
vt 0.5712 1.4679 0.0000
vt 0.7273 1.0495 0.0000
vt 0.7308 1.0567 0.0000
vt 0.7336 1.0613 0.0000
vt 0.7349 1.0679 0.0000
vt 0.7374 1.0741 0.0000
vt 0.7403 1.0784 0.0000
vt 0.7478 1.0737 0.0000
vt 0.6175 1.4991 0.0000
vt 0.6132 1.5064 0.0000
vt 0.7044 1.0164 0.0000
vt 0.7539 1.0678 0.0000
vt 0.6087 1.5142 0.0000
vt 0.6040 1.5071 0.0000
vt 0.6125 1.5198 0.0000
vt 0.6160 1.5230 0.0000
vt 0.7159 1.0158 0.0000
vt 0.6198 1.5247 0.0000
vt 0.6241 1.5286 0.0000
vt 0.6271 1.5320 0.0000
vt 0.6313 1.5382 0.0000
vt 0.6323 1.5409 0.0000
vt 0.6349 1.5453 0.0000
vt 0.6385 1.5462 0.0000
vt 0.0445 1.9268 0.0000
vt 0.0374 1.9261 0.0000
vt 0.0445 1.9219 0.0000
vt 0.0378 1.9216 0.0000
vt 0.0322 1.9208 0.0000
vt 0.0311 1.9248 0.0000
vt 0.0243 1.9234 0.0000
vt 0.0258 1.9192 0.0000
vt 0.0175 1.9203 0.0000
vt 0.0190 1.9163 0.0000
vt 0.0369 1.9309 0.0000
vt 0.0444 1.9314 0.0000
vt 0.0303 1.9299 0.0000
vt 0.0237 1.9278 0.0000
vt 0.0162 1.9244 0.0000
vt 0.0382 1.9188 0.0000
vt 0.0445 1.9191 0.0000
vt 0.0328 1.9181 0.0000
vt 0.0271 1.9171 0.0000
vt 0.0201 1.9142 0.0000
vt 0.0511 1.9217 0.0000
vt 0.0515 1.9261 0.0000
vt 0.0567 1.9209 0.0000
vt 0.0578 1.9250 0.0000
vt 0.0632 1.9194 0.0000
vt 0.0646 1.9236 0.0000
vt 0.0700 1.9166 0.0000
vt 0.0715 1.9205 0.0000
vt 0.0520 1.9310 0.0000
vt 0.0586 1.9300 0.0000
vt 0.0652 1.9280 0.0000
vt 0.0728 1.9246 0.0000
vt 0.0508 1.9189 0.0000
vt 0.0562 1.9182 0.0000
vt 0.0619 1.9173 0.0000
vt 0.0689 1.9144 0.0000
vt 0.0388 1.9129 0.0000
vt 0.0445 1.9132 0.0000
vt 0.0337 1.9122 0.0000
vt 0.0283 1.9114 0.0000
vt 0.0218 1.9085 0.0000
vt 0.0502 1.9130 0.0000
vt 0.0554 1.9123 0.0000
vt 0.0607 1.9115 0.0000
vt 0.0673 1.9087 0.0000
vt 0.0093 1.9205 0.0000
vt 0.0111 1.9167 0.0000
vt 0.0127 1.9129 0.0000
vt 0.0139 1.9110 0.0000
vt 0.0156 1.9053 0.0000
vt 0.0752 1.9113 0.0000
vt 0.0735 1.9056 0.0000
vt 0.0764 1.9132 0.0000
vt 0.0779 1.9170 0.0000
vt 0.0796 1.9208 0.0000
# 4637 texture coords

o polySurface7_0
g polySurface7_0
usemtl wire_204204204
s off
f 1/1/1 2/2/2 3/3/3 
f 2/2/2 4/4/4 3/3/3 
f 2/2/2 5/5/5 4/4/4 
f 5/5/5 6/6/6 4/4/4 
f 5/5/5 7/7/7 6/6/6 
f 7/7/7 8/8/8 6/6/6 
f 9/9/9 10/10/10 11/11/11 
f 9/9/9 11/11/11 12/12/12 
f 12/12/12 13/13/13 14/14/14 
f 12/12/12 14/14/14 9/9/9 
f 14/14/14 13/13/13 8/8/8 
f 14/14/14 8/8/8 7/7/7 
f 15/15/15 16/16/16 12/17/12 
f 15/15/15 12/17/12 11/18/11 
f 15/15/15 17/19/17 18/20/18 
f 15/15/15 18/20/18 16/16/16 
f 13/13/13 12/17/12 16/16/16 
f 13/13/13 16/16/16 19/21/19 
f 20/22/20 19/21/19 18/20/18 
f 19/21/19 16/16/16 18/20/18 
f 18/20/18 21/23/21 20/22/20 
f 21/23/21 22/24/22 20/22/20 
f 23/25/23 21/23/21 17/19/17 
f 21/23/21 18/20/18 17/19/17 
f 24/26/24 25/27/25 20/22/20 
f 24/26/24 20/22/20 22/24/22 
f 25/27/25 26/28/26 20/22/20 
f 26/28/26 19/21/19 20/22/20 
f 13/13/13 19/21/19 8/8/8 
f 19/21/19 26/28/26 8/8/8 
f 24/26/24 22/24/22 27/29/27 
f 22/24/22 28/30/28 27/29/27 
f 28/30/28 22/24/22 21/31/21 
f 28/30/28 21/31/21 29/32/29 
f 30/33/30 25/27/25 24/26/24 
f 30/33/30 24/26/24 31/34/31 
f 30/33/30 32/35/32 25/27/25 
f 32/35/32 26/28/26 25/27/25 
f 32/35/32 6/6/6 26/28/26 
f 6/6/6 8/8/8 26/28/26 
f 32/35/32 30/33/30 33/36/33 
f 30/33/30 34/37/34 33/36/33 
f 32/35/32 33/36/33 4/4/4 
f 32/35/32 4/4/4 6/6/6 
f 35/38/35 34/37/34 31/34/31 
f 34/37/34 30/33/30 31/34/31 
f 31/34/31 24/26/24 27/29/27 
f 31/34/31 27/29/27 36/39/36 
f 35/38/35 31/34/31 36/39/36 
f 35/38/35 36/39/36 37/40/37 
f 38/41/38 3/3/3 33/36/33 
f 3/3/3 4/4/4 33/36/33 
f 33/36/33 34/37/34 38/41/38 
f 34/37/34 39/42/39 38/41/38 
f 34/37/34 35/38/35 39/42/39 
f 35/38/35 40/43/40 39/42/39 
f 40/43/40 35/38/35 37/40/37 
f 40/43/40 37/40/37 41/44/41 
f 3/3/3 38/41/38 42/45/42 
f 3/3/3 42/45/42 1/1/1 
f 38/41/38 39/42/39 43/46/43 
f 38/41/38 43/46/43 42/45/42 
f 39/42/39 40/43/40 43/46/43 
f 40/43/40 41/44/41 43/46/43 
f 21/31/21 23/47/23 29/32/29 
f 23/47/23 44/48/44 29/32/29 
f 1/1/1 42/45/42 45/49/45 
f 42/45/42 46/50/46 45/49/45 
f 47/51/47 46/50/46 43/46/43 
f 46/50/46 42/45/42 43/46/43 
f 41/44/41 48/52/48 43/46/43 
f 48/52/48 47/51/47 43/46/43 
f 49/53/49 50/54/50 10/10/10 
f 49/53/49 10/10/10 9/9/9 
f 9/9/9 14/14/14 49/53/49 
f 14/14/14 7/7/7 49/53/49 
f 51/55/51 49/53/49 7/7/7 
f 51/55/51 7/7/7 5/5/5 
f 51/55/51 52/56/52 50/54/50 
f 51/55/51 50/54/50 49/53/49 
f 2/2/2 53/57/53 51/55/51 
f 2/2/2 51/55/51 5/5/5 
f 53/57/53 54/58/54 52/56/52 
f 53/57/53 52/56/52 51/55/51 
f 55/59/55 54/58/54 53/57/53 
f 55/59/55 53/57/53 56/60/56 
f 56/60/56 53/57/53 2/2/2 
f 56/60/56 2/2/2 1/1/1 
f 57/61/57 56/60/56 1/1/1 
f 57/61/57 1/1/1 45/49/45 
f 55/59/55 56/60/56 58/62/58 
f 56/60/56 57/61/57 58/62/58 
f 59/63/59 58/62/58 60/64/60 
f 58/62/58 57/61/57 60/64/60 
f 60/64/60 57/61/57 61/65/61 
f 57/61/57 45/49/45 61/65/61 
f 62/66/62 47/51/47 63/67/63 
f 47/51/47 48/52/48 63/67/63 
f 62/66/62 64/68/64 46/50/46 
f 62/66/62 46/50/46 47/51/47 
f 45/49/45 46/50/46 61/65/61 
f 46/50/46 64/68/64 61/65/61 
f 65/69/65 66/70/66 60/64/60 
f 65/69/65 60/64/60 61/65/61 
f 67/71/67 59/63/59 60/64/60 
f 67/71/67 60/64/60 66/70/66 
f 68/72/68 67/71/67 66/70/66 
f 68/72/68 66/70/66 69/73/69 
f 65/69/65 70/74/70 66/70/66 
f 70/74/70 69/73/69 66/70/66 
f 65/69/65 61/65/61 64/68/64 
f 65/69/65 64/68/64 71/75/71 
f 72/76/72 71/75/71 64/68/64 
f 72/76/72 64/68/64 62/66/62 
f 63/67/63 73/77/73 62/66/62 
f 73/77/73 72/76/72 62/66/62 
f 74/78/74 70/74/70 71/75/71 
f 70/74/70 65/69/65 71/75/71 
f 75/79/75 74/78/74 71/75/71 
f 75/79/75 71/75/71 72/76/72 
f 72/76/72 73/77/73 76/80/76 
f 72/76/72 76/80/76 75/79/75 
f 77/81/77 48/52/48 41/44/41 
f 77/81/77 41/44/41 78/82/78 
f 78/82/78 41/44/41 37/40/37 
f 78/82/78 37/40/37 79/83/79 
f 79/83/79 37/40/37 80/84/80 
f 37/40/37 36/39/36 80/84/80 
f 36/39/36 27/29/27 80/84/80 
f 27/29/27 81/85/81 80/84/80 
f 27/29/27 28/30/28 81/85/81 
f 28/30/28 29/32/29 81/85/81 
f 81/85/81 29/32/29 44/48/44 
f 81/85/81 44/48/44 82/86/82 
f 83/87/83 80/84/80 81/85/81 
f 83/87/83 81/85/81 82/86/82 
f 79/83/79 80/84/80 83/87/83 
f 79/83/79 83/87/83 84/88/84 
f 84/88/84 85/89/85 78/82/78 
f 84/88/84 78/82/78 79/83/79 
f 86/90/86 77/81/77 85/89/85 
f 77/81/77 78/82/78 85/89/85 
f 86/90/86 87/91/87 77/81/77 
f 87/91/87 88/92/88 77/81/77 
f 77/81/77 88/92/88 48/52/48 
f 88/92/88 63/67/63 48/52/48 
f 89/93/89 90/94/90 88/92/88 
f 89/93/89 88/92/88 87/91/87 
f 90/94/90 73/77/73 63/67/63 
f 90/94/90 63/67/63 88/92/88 
f 91/95/91 92/96/92 90/94/90 
f 91/95/91 90/94/90 89/93/89 
f 90/94/90 92/96/92 76/80/76 
f 90/94/90 76/80/76 73/77/73 
f 93/97/93 69/98/69 70/74/70 
f 93/97/93 70/74/70 74/78/74 
f 94/99/94 93/97/93 74/78/74 
f 94/99/94 74/78/74 75/79/75 
f 75/79/75 76/80/76 94/99/94 
f 76/80/76 92/100/92 94/99/94 
f 95/101/95 68/102/68 69/98/69 
f 95/101/95 69/98/69 93/97/93 
f 96/103/96 95/101/95 94/99/94 
f 95/101/95 93/97/93 94/99/94 
f 92/100/92 91/104/91 96/103/96 
f 92/100/92 96/103/96 94/99/94 
f 97/105/97 96/106/96 91/107/91 
f 97/105/97 91/107/91 89/108/89 
f 97/105/97 98/109/98 96/106/96 
f 98/109/98 95/110/95 96/106/96 
f 68/111/68 95/110/95 98/109/98 
f 68/111/68 98/109/98 67/112/67 
f 98/109/98 97/105/97 99/113/99 
f 97/105/97 100/114/100 99/113/99 
f 67/112/67 98/109/98 99/113/99 
f 67/112/67 99/113/99 59/115/59 
f 89/108/89 87/116/87 100/114/100 
f 89/108/89 100/114/100 97/105/97 
f 86/117/86 101/118/101 87/116/87 
f 101/118/101 100/114/100 87/116/87 
f 101/118/101 102/119/102 99/113/99 
f 101/118/101 99/113/99 100/114/100 
f 102/119/102 58/120/58 59/115/59 
f 102/119/102 59/115/59 99/113/99 
f 103/121/103 55/122/55 58/120/58 
f 103/121/103 58/120/58 102/119/102 
f 104/123/104 103/121/103 102/119/102 
f 104/123/104 102/119/102 101/118/101 
f 101/118/101 86/117/86 104/123/104 
f 86/117/86 85/124/85 104/123/104 
f 105/125/105 106/126/106 103/121/103 
f 105/125/105 103/121/103 104/123/104 
f 104/123/104 85/124/85 105/125/105 
f 85/124/85 84/127/84 105/125/105 
f 55/122/55 103/121/103 106/126/106 
f 55/122/55 106/126/106 54/128/54 
f 83/129/83 107/130/107 105/125/105 
f 83/129/83 105/125/105 84/127/84 
f 105/125/105 107/130/107 106/126/106 
f 107/130/107 108/131/108 106/126/106 
f 54/128/54 106/126/106 108/131/108 
f 54/128/54 108/131/108 52/132/52 
f 82/133/82 109/134/109 107/130/107 
f 82/133/82 107/130/107 83/129/83 
f 52/132/52 108/131/108 50/135/50 
f 108/131/108 110/136/110 50/135/50 
f 110/136/110 108/131/108 109/134/109 
f 108/131/108 107/130/107 109/134/109 
f 110/136/110 109/134/109 111/137/111 
f 109/134/109 112/138/112 111/137/111 
f 109/134/109 82/133/82 44/139/44 
f 109/134/109 44/139/44 112/138/112 
f 50/135/50 110/136/110 10/140/10 
f 110/136/110 111/137/111 10/140/10 
f 112/138/112 44/139/44 23/141/23 
f 112/138/112 23/141/23 17/142/17 
f 111/137/111 112/138/112 15/143/15 
f 112/138/112 17/142/17 15/143/15 
f 111/137/111 15/143/15 10/140/10 
f 15/143/15 11/144/11 10/140/10 
f 113/145/113 114/146/114 115/147/115 
f 114/146/114 116/148/116 115/147/115 
f 117/149/117 118/150/118 119/151/119 
f 118/150/118 120/152/120 119/151/119 
f 121/153/121 122/154/122 114/146/114 
f 122/154/122 116/148/116 114/146/114 
f 122/154/122 121/153/121 123/155/123 
f 122/154/122 123/155/123 124/156/124 
f 125/157/125 124/156/124 126/158/126 
f 124/156/124 123/155/123 126/158/126 
f 126/158/126 127/159/127 125/157/125 
f 127/159/127 128/160/128 125/157/125 
f 127/159/127 129/161/129 128/160/128 
f 129/161/129 130/162/130 128/160/128 
f 129/161/129 131/163/131 130/162/130 
f 131/163/131 132/164/132 130/162/130 
f 131/163/131 133/165/133 132/164/132 
f 133/165/133 134/166/134 132/164/132 
f 133/165/133 135/167/135 134/166/134 
f 135/167/135 136/168/136 134/166/134 
f 126/158/126 137/169/137 127/159/127 
f 137/169/137 129/161/129 127/159/127 
f 137/169/137 138/170/138 129/161/129 
f 138/170/138 131/163/131 129/161/129 
f 138/170/138 139/171/139 131/163/131 
f 139/171/139 133/165/133 131/163/131 
f 135/167/135 133/165/133 139/171/139 
f 135/167/135 139/171/139 140/172/140 
f 141/173/141 136/168/136 135/167/135 
f 141/173/141 135/167/135 140/172/140 
f 123/155/123 142/174/142 126/158/126 
f 142/174/142 137/169/137 126/158/126 
f 143/175/143 138/170/138 137/169/137 
f 143/175/143 137/169/137 142/174/142 
f 143/175/143 144/176/144 138/170/138 
f 144/176/144 139/171/139 138/170/138 
f 145/177/145 140/172/140 144/176/144 
f 140/172/140 139/171/139 144/176/144 
f 140/172/140 145/177/145 146/178/146 
f 140/172/140 146/178/146 141/173/141 
f 145/177/145 147/179/147 148/180/148 
f 145/177/145 148/180/148 146/178/146 
f 149/181/149 142/174/142 123/155/123 
f 149/181/149 123/155/123 121/153/121 
f 143/175/143 142/174/142 149/181/149 
f 143/175/143 149/181/149 150/182/150 
f 150/182/150 151/183/151 144/176/144 
f 150/182/150 144/176/144 143/175/143 
f 151/183/151 147/179/147 145/177/145 
f 151/183/151 145/177/145 144/176/144 
f 149/181/149 121/153/121 152/184/152 
f 121/153/121 114/185/114 152/184/152 
f 153/186/153 150/182/150 149/181/149 
f 153/186/153 149/181/149 152/184/152 
f 153/186/153 154/187/154 150/182/150 
f 154/187/154 151/183/151 150/182/150 
f 148/180/148 147/179/147 155/188/155 
f 148/180/148 155/188/155 156/189/156 
f 154/187/154 155/190/155 147/179/147 
f 154/187/154 147/179/147 151/183/151 
f 155/188/155 157/191/157 156/189/156 
f 157/191/157 158/192/158 156/189/156 
f 154/187/154 159/193/159 157/194/157 
f 154/187/154 157/194/157 155/190/155 
f 153/186/153 160/195/160 159/193/159 
f 153/186/153 159/193/159 154/187/154 
f 160/195/160 153/186/153 152/184/152 
f 160/195/160 152/184/152 161/196/161 
f 162/197/162 163/198/163 117/149/117 
f 162/197/162 117/149/117 119/151/119 
f 164/199/164 163/198/163 162/197/162 
f 164/199/164 162/197/162 165/200/165 
f 166/201/166 120/152/120 167/202/167 
f 120/152/120 118/150/118 167/202/167 
f 168/203/168 169/204/169 170/205/170 
f 169/204/169 171/206/171 170/205/170 
f 152/184/152 114/185/114 161/196/161 
f 114/185/114 113/207/113 161/196/161 
f 168/203/168 170/205/170 166/201/166 
f 170/205/170 172/208/172 166/201/166 
f 159/209/159 173/210/173 158/211/158 
f 159/209/159 158/211/158 157/212/157 
f 159/209/159 160/213/160 173/210/173 
f 160/213/160 174/214/174 173/210/173 
f 160/213/160 161/215/161 174/214/174 
f 161/215/161 175/216/175 174/214/174 
f 113/217/113 115/218/115 161/215/161 
f 115/218/115 175/216/175 161/215/161 
f 156/189/156 158/192/158 176/219/176 
f 158/192/158 177/220/177 176/219/176 
f 172/208/172 178/221/178 120/152/120 
f 172/208/172 120/152/120 166/201/166 
f 148/180/148 156/189/156 176/219/176 
f 148/180/148 176/219/176 146/178/146 
f 179/222/179 180/223/180 177/220/177 
f 180/223/180 176/219/176 177/220/177 
f 120/152/120 178/221/178 181/224/181 
f 120/152/120 181/224/181 119/151/119 
f 176/219/176 180/223/180 146/178/146 
f 180/223/180 141/173/141 146/178/146 
f 182/225/182 183/226/183 179/222/179 
f 183/226/183 180/223/180 179/222/179 
f 165/200/165 162/197/162 184/227/184 
f 162/197/162 185/228/185 184/227/184 
f 183/226/183 136/168/136 141/173/141 
f 183/226/183 141/173/141 180/223/180 
f 186/229/186 116/148/116 122/154/122 
f 186/229/186 122/154/122 124/156/124 
f 186/229/186 187/230/187 116/148/116 
f 187/230/187 115/147/115 116/148/116 
f 162/197/162 119/151/119 185/228/185 
f 119/151/119 181/224/181 185/228/185 
f 188/231/188 186/229/186 124/156/124 
f 188/231/188 124/156/124 125/157/125 
f 188/231/188 189/232/189 187/230/187 
f 188/231/188 187/230/187 186/229/186 
f 190/233/190 191/234/191 171/235/171 
f 190/233/190 171/235/171 192/236/192 
f 125/157/125 128/160/128 188/231/188 
f 128/160/128 193/237/193 188/231/188 
f 193/237/193 191/238/191 189/232/189 
f 193/237/193 189/232/189 188/231/188 
f 192/236/192 194/239/194 190/233/190 
f 194/239/194 195/240/195 190/233/190 
f 196/241/196 177/242/177 158/211/158 
f 196/241/196 158/211/158 173/210/173 
f 173/210/173 174/214/174 196/241/196 
f 174/214/174 197/243/197 196/241/196 
f 198/244/198 197/243/197 175/216/175 
f 197/243/197 174/214/174 175/216/175 
f 187/245/187 198/244/198 175/216/175 
f 187/245/187 175/216/175 115/218/115 
f 177/242/177 196/241/196 179/246/179 
f 196/241/196 199/247/199 179/246/179 
f 200/248/200 199/247/199 197/243/197 
f 199/247/199 196/241/196 197/243/197 
f 201/249/201 200/248/200 198/244/198 
f 200/248/200 197/243/197 198/244/198 
f 198/244/198 187/245/187 189/250/189 
f 198/244/198 189/250/189 201/249/201 
f 179/246/179 199/247/199 182/251/182 
f 199/247/199 202/252/202 182/251/182 
f 200/248/200 195/240/195 199/247/199 
f 195/240/195 202/252/202 199/247/199 
f 190/233/190 195/240/195 201/249/201 
f 195/240/195 200/248/200 201/249/201 
f 189/250/189 191/234/191 201/249/201 
f 191/234/191 190/233/190 201/249/201 
f 136/168/136 184/227/184 134/166/134 
f 184/227/184 185/228/185 134/166/134 
f 181/224/181 178/221/178 130/162/130 
f 181/224/181 130/162/130 132/164/132 
f 185/228/185 181/224/181 134/166/134 
f 181/224/181 132/164/132 134/166/134 
f 172/208/172 128/160/128 130/162/130 
f 172/208/172 130/162/130 178/221/178 
f 128/160/128 172/208/172 193/237/193 
f 172/208/172 170/205/170 193/237/193 
f 170/205/170 171/206/171 191/238/191 
f 170/205/170 191/238/191 193/237/193 
f 194/239/194 203/253/203 195/240/195 
f 203/253/203 202/252/202 195/240/195 
f 183/226/183 204/254/204 136/168/136 
f 204/254/204 184/227/184 136/168/136 
f 183/226/183 182/225/182 204/254/204 
f 182/225/182 205/255/205 204/254/204 
f 205/256/205 182/251/182 202/252/202 
f 205/256/205 202/252/202 203/253/203 
f 204/254/204 206/257/206 165/200/165 
f 204/254/204 165/200/165 184/227/184 
f 165/200/165 206/257/206 164/199/164 
f 206/257/206 207/258/207 164/199/164 
f 205/255/205 208/259/208 204/254/204 
f 208/259/208 206/257/206 204/254/204 
f 208/259/208 209/260/209 206/257/206 
f 209/260/209 207/258/207 206/257/206 
f 210/261/210 208/262/208 203/253/203 
f 208/262/208 205/256/205 203/253/203 
f 194/239/194 211/263/211 203/253/203 
f 211/263/211 210/261/210 203/253/203 
f 194/239/194 192/236/192 212/264/212 
f 194/239/194 212/264/212 211/263/211 
f 169/265/169 212/264/212 192/236/192 
f 169/265/169 192/236/192 171/235/171 
f 210/261/210 213/266/213 208/262/208 
f 213/266/213 209/267/209 208/262/208 
f 210/261/210 211/263/211 214/268/214 
f 210/261/210 214/268/214 213/266/213 
f 212/264/212 215/269/215 211/263/211 
f 215/269/215 214/268/214 211/263/211 
f 216/270/216 215/269/215 212/264/212 
f 216/270/216 212/264/212 169/265/169 
f 168/203/168 217/271/217 216/272/216 
f 168/203/168 216/272/216 169/204/169 
f 217/271/217 168/203/168 166/201/166 
f 217/271/217 166/201/166 167/202/167 
f 118/150/118 218/273/218 167/202/167 
f 218/273/218 217/274/217 167/202/167 
f 218/273/218 215/275/215 217/274/217 
f 215/275/215 216/276/216 217/274/217 
f 117/149/117 219/277/219 118/150/118 
f 219/277/219 218/273/218 118/150/118 
f 215/275/215 218/273/218 214/278/214 
f 218/273/218 219/277/219 214/278/214 
f 220/279/220 219/277/219 117/149/117 
f 220/279/220 117/149/117 163/198/163 
f 219/277/219 220/279/220 214/278/214 
f 220/279/220 213/280/213 214/278/214 
f 207/281/207 220/279/220 163/198/163 
f 207/281/207 163/198/163 164/199/164 
f 220/279/220 207/281/207 209/282/209 
f 220/279/220 209/282/209 213/280/213 
f 221/283/221 222/284/222 223/285/223 
f 222/284/222 224/286/224 223/285/223 
f 223/285/223 224/286/224 225/287/225 
f 224/286/224 226/288/226 225/287/225 
f 225/287/225 226/288/226 227/289/227 
f 226/288/226 228/290/228 227/289/227 
f 229/291/229 230/292/230 231/293/231 
f 229/291/229 231/293/231 232/294/232 
f 230/292/230 229/291/229 233/295/233 
f 229/291/229 234/296/234 233/295/233 
f 234/296/234 227/289/227 228/290/228 
f 234/296/234 228/290/228 233/295/233 
f 235/297/235 231/298/231 230/299/230 
f 235/297/235 230/299/230 236/300/236 
f 235/297/235 236/300/236 237/301/237 
f 235/297/235 237/301/237 238/302/238 
f 233/295/233 239/303/239 236/300/236 
f 233/295/233 236/300/236 230/299/230 
f 240/304/240 237/301/237 239/303/239 
f 237/301/237 236/300/236 239/303/239 
f 237/301/237 240/304/240 241/305/241 
f 240/304/240 242/306/242 241/305/241 
f 243/307/243 238/302/238 241/305/241 
f 238/302/238 237/301/237 241/305/241 
f 244/308/244 242/306/242 240/304/240 
f 244/308/244 240/304/240 245/309/245 
f 245/309/245 240/304/240 239/303/239 
f 245/309/245 239/303/239 246/310/246 
f 233/295/233 228/290/228 239/303/239 
f 228/290/228 246/310/246 239/303/239 
f 244/308/244 247/311/247 248/312/248 
f 244/308/244 248/312/248 242/306/242 
f 248/312/248 249/313/249 241/314/241 
f 248/312/248 241/314/241 242/306/242 
f 250/315/250 251/316/251 245/309/245 
f 251/316/251 244/308/244 245/309/245 
f 250/315/250 245/309/245 252/317/252 
f 245/309/245 246/310/246 252/317/252 
f 252/317/252 246/310/246 226/288/226 
f 246/310/246 228/290/228 226/288/226 
f 252/317/252 253/318/253 250/315/250 
f 253/318/253 254/319/254 250/315/250 
f 252/317/252 226/288/226 224/286/224 
f 252/317/252 224/286/224 253/318/253 
f 255/320/255 251/316/251 254/319/254 
f 251/316/251 250/315/250 254/319/254 
f 251/316/251 256/321/256 247/311/247 
f 251/316/251 247/311/247 244/308/244 
f 255/320/255 257/322/257 256/321/256 
f 255/320/255 256/321/256 251/316/251 
f 258/323/258 253/318/253 222/284/222 
f 253/318/253 224/286/224 222/284/222 
f 253/318/253 258/323/258 254/319/254 
f 258/323/258 259/324/259 254/319/254 
f 254/319/254 259/324/259 260/325/260 
f 254/319/254 260/325/260 255/320/255 
f 260/325/260 261/326/261 257/322/257 
f 260/325/260 257/322/257 255/320/255 
f 222/284/222 221/283/221 262/327/262 
f 222/284/222 262/327/262 258/323/258 
f 258/323/258 262/327/262 263/328/263 
f 258/323/258 263/328/263 259/324/259 
f 259/324/259 263/328/263 261/326/261 
f 259/324/259 261/326/261 260/325/260 
f 241/314/241 249/313/249 243/329/243 
f 249/313/249 264/330/264 243/329/243 
f 221/283/221 265/331/265 262/327/262 
f 265/331/265 266/332/266 262/327/262 
f 267/333/267 263/328/263 266/332/266 
f 263/328/263 262/327/262 266/332/266 
f 261/326/261 263/328/263 268/334/268 
f 263/328/263 267/333/267 268/334/268 
f 269/335/269 229/291/229 232/294/232 
f 269/335/269 232/294/232 270/336/270 
f 229/291/229 269/335/269 234/296/234 
f 269/335/269 227/289/227 234/296/234 
f 271/337/271 225/287/225 227/289/227 
f 271/337/271 227/289/227 269/335/269 
f 271/337/271 269/335/269 272/338/272 
f 269/335/269 270/336/270 272/338/272 
f 223/285/223 225/287/225 271/337/271 
f 223/285/223 271/337/271 273/339/273 
f 273/339/273 271/337/271 274/340/274 
f 271/337/271 272/338/272 274/340/274 
f 275/341/275 276/342/276 273/339/273 
f 275/341/275 273/339/273 274/340/274 
f 276/342/276 221/283/221 223/285/223 
f 276/342/276 223/285/223 273/339/273 
f 277/343/277 265/331/265 221/283/221 
f 277/343/277 221/283/221 276/342/276 
f 275/341/275 278/344/278 276/342/276 
f 278/344/278 277/343/277 276/342/276 
f 279/345/279 280/346/280 277/343/277 
f 279/345/279 277/343/277 278/344/278 
f 280/346/280 281/347/281 265/331/265 
f 280/346/280 265/331/265 277/343/277 
f 282/348/282 283/349/283 267/333/267 
f 283/349/283 268/334/268 267/333/267 
f 282/348/282 267/333/267 284/350/284 
f 267/333/267 266/332/266 284/350/284 
f 265/331/265 281/347/281 266/332/266 
f 281/347/281 284/350/284 266/332/266 
f 285/351/285 281/347/281 286/352/286 
f 281/347/281 280/346/280 286/352/286 
f 287/353/287 286/352/286 280/346/280 
f 287/353/287 280/346/280 279/345/279 
f 288/354/288 289/355/289 286/352/286 
f 288/354/288 286/352/286 287/353/287 
f 285/351/285 286/352/286 290/356/290 
f 286/352/286 289/355/289 290/356/290 
f 285/351/285 291/357/291 284/350/284 
f 285/351/285 284/350/284 281/347/281 
f 292/358/292 282/348/282 284/350/284 
f 292/358/292 284/350/284 291/357/291 
f 283/349/283 282/348/282 293/359/293 
f 282/348/282 292/358/292 293/359/293 
f 294/360/294 291/357/291 290/361/290 
f 291/357/291 285/351/285 290/361/290 
f 295/362/295 292/358/292 291/357/291 
f 295/362/295 291/357/291 294/360/294 
f 292/358/292 295/362/295 296/363/296 
f 292/358/292 296/363/296 293/359/293 
f 297/364/297 298/365/298 261/326/261 
f 297/364/297 261/326/261 268/334/268 
f 298/365/298 299/366/299 257/322/257 
f 298/365/298 257/322/257 261/326/261 
f 299/366/299 300/367/300 256/321/256 
f 299/366/299 256/321/256 257/322/257 
f 256/321/256 300/367/300 247/311/247 
f 300/367/300 301/368/301 247/311/247 
f 247/311/247 301/368/301 248/312/248 
f 301/368/301 249/313/249 248/312/248 
f 301/368/301 302/369/302 264/330/264 
f 301/368/301 264/330/264 249/313/249 
f 303/370/303 302/369/302 301/368/301 
f 303/370/303 301/368/301 300/367/300 
f 299/366/299 304/371/304 300/367/300 
f 304/371/304 303/370/303 300/367/300 
f 304/371/304 299/366/299 298/365/298 
f 304/371/304 298/365/298 305/372/305 
f 306/373/306 305/372/305 297/364/297 
f 305/372/305 298/365/298 297/364/297 
f 306/373/306 297/364/297 307/374/307 
f 297/364/297 308/375/308 307/374/307 
f 297/364/297 268/334/268 308/375/308 
f 268/334/268 283/349/283 308/375/308 
f 309/376/309 307/374/307 308/375/308 
f 309/376/309 308/375/308 310/377/310 
f 310/377/310 308/375/308 283/349/283 
f 310/377/310 283/349/283 293/359/293 
f 311/378/311 309/376/309 310/377/310 
f 311/378/311 310/377/310 312/379/312 
f 310/377/310 293/359/293 296/363/296 
f 310/377/310 296/363/296 312/379/312 
f 313/380/313 294/360/294 290/361/290 
f 313/380/313 290/361/290 289/381/289 
f 314/382/314 295/362/295 294/360/294 
f 314/382/314 294/360/294 313/380/313 
f 295/362/295 314/382/314 296/363/296 
f 314/382/314 312/383/312 296/363/296 
f 315/384/315 313/380/313 289/381/289 
f 315/384/315 289/381/289 288/385/288 
f 316/386/316 314/382/314 315/384/315 
f 314/382/314 313/380/313 315/384/315 
f 312/383/312 314/382/314 316/386/316 
f 312/383/312 316/386/316 311/387/311 
f 317/388/317 309/389/309 311/387/311 
f 317/388/317 311/387/311 316/386/316 
f 317/388/317 316/386/316 318/390/318 
f 316/386/316 315/384/315 318/390/318 
f 288/385/288 287/391/287 318/390/318 
f 288/385/288 318/390/318 315/384/315 
f 318/392/318 319/393/319 317/394/317 
f 319/393/319 320/395/320 317/394/317 
f 287/396/287 279/397/279 319/393/319 
f 287/396/287 319/393/319 318/392/318 
f 309/398/309 317/394/317 320/395/320 
f 309/398/309 320/395/320 307/399/307 
f 306/400/306 307/399/307 321/401/321 
f 307/399/307 320/395/320 321/401/321 
f 321/401/321 320/395/320 319/393/319 
f 321/401/321 319/393/319 322/402/322 
f 322/402/322 319/393/319 279/397/279 
f 322/402/322 279/397/279 278/403/278 
f 323/404/323 322/402/322 278/403/278 
f 323/404/323 278/403/278 275/405/275 
f 324/406/324 321/401/321 322/402/322 
f 324/406/324 322/402/322 323/404/323 
f 321/401/321 324/406/324 306/400/306 
f 324/406/324 305/407/305 306/400/306 
f 325/408/325 324/406/324 326/409/326 
f 324/406/324 323/404/323 326/409/326 
f 324/406/324 325/408/325 305/407/305 
f 325/408/325 304/410/304 305/407/305 
f 275/405/275 274/411/274 326/409/326 
f 275/405/275 326/409/326 323/404/323 
f 303/412/303 304/410/304 325/408/325 
f 303/412/303 325/408/325 327/413/327 
f 325/408/325 326/409/326 328/414/328 
f 325/408/325 328/414/328 327/413/327 
f 274/411/274 272/415/272 328/414/328 
f 274/411/274 328/414/328 326/409/326 
f 302/416/302 303/412/303 327/413/327 
f 302/416/302 327/413/327 329/417/329 
f 272/415/272 270/418/270 328/414/328 
f 270/418/270 330/419/330 328/414/328 
f 330/419/330 329/417/329 327/413/327 
f 330/419/330 327/413/327 328/414/328 
f 330/419/330 331/420/331 329/417/329 
f 331/420/331 332/421/332 329/417/329 
f 329/417/329 332/421/332 302/416/302 
f 332/421/332 264/422/264 302/416/302 
f 270/418/270 232/423/232 330/419/330 
f 232/423/232 331/420/331 330/419/330 
f 332/421/332 238/424/238 243/425/243 
f 332/421/332 243/425/243 264/422/264 
f 331/420/331 235/426/235 332/421/332 
f 235/426/235 238/424/238 332/421/332 
f 331/420/331 232/423/232 235/426/235 
f 232/423/232 231/427/231 235/426/235 
f 333/428/333 334/429/334 335/430/335 
f 334/429/334 336/431/336 335/430/335 
f 337/432/337 338/433/338 339/434/339 
f 338/433/338 340/435/340 339/434/339 
f 341/436/341 335/430/335 342/437/342 
f 335/430/335 336/431/336 342/437/342 
f 342/437/342 343/438/343 344/439/344 
f 342/437/342 344/439/344 341/436/341 
f 345/440/345 346/441/346 343/438/343 
f 346/441/346 344/439/344 343/438/343 
f 346/441/346 345/440/345 347/442/347 
f 345/440/345 348/443/348 347/442/347 
f 347/442/347 348/443/348 349/444/349 
f 348/443/348 350/445/350 349/444/349 
f 349/444/349 350/445/350 351/446/351 
f 350/445/350 352/447/352 351/446/351 
f 351/446/351 352/447/352 353/448/353 
f 352/447/352 354/449/354 353/448/353 
f 353/448/353 354/449/354 355/450/355 
f 354/449/354 356/451/356 355/450/355 
f 346/441/346 347/442/347 357/452/357 
f 347/442/347 349/444/349 357/452/357 
f 357/452/357 349/444/349 358/453/358 
f 349/444/349 351/446/351 358/453/358 
f 358/453/358 351/446/351 359/454/359 
f 351/446/351 353/448/353 359/454/359 
f 355/450/355 360/455/360 359/454/359 
f 355/450/355 359/454/359 353/448/353 
f 361/456/361 360/455/360 355/450/355 
f 361/456/361 355/450/355 356/451/356 
f 344/439/344 346/441/346 362/457/362 
f 346/441/346 357/452/357 362/457/362 
f 363/458/363 362/457/362 357/452/357 
f 363/458/363 357/452/357 358/453/358 
f 363/458/363 358/453/358 364/459/364 
f 358/453/358 359/454/359 364/459/364 
f 365/460/365 364/459/364 360/455/360 
f 364/459/364 359/454/359 360/455/360 
f 360/455/360 361/456/361 366/461/366 
f 360/455/360 366/461/366 365/460/365 
f 365/460/365 366/461/366 367/462/367 
f 365/460/365 367/462/367 368/463/368 
f 369/464/369 341/436/341 344/439/344 
f 369/464/369 344/439/344 362/457/362 
f 363/458/363 370/465/370 369/464/369 
f 363/458/363 369/464/369 362/457/362 
f 370/465/370 363/458/363 364/459/364 
f 370/465/370 364/459/364 371/466/371 
f 371/466/371 364/459/364 365/460/365 
f 371/466/371 365/460/365 368/463/368 
f 369/464/369 372/467/372 341/436/341 
f 372/467/372 335/468/335 341/436/341 
f 373/469/373 372/467/372 369/464/369 
f 373/469/373 369/464/369 370/465/370 
f 373/469/373 370/465/370 374/470/374 
f 370/465/370 371/466/371 374/470/374 
f 367/462/367 375/471/375 376/472/376 
f 367/462/367 376/472/376 368/463/368 
f 374/470/374 371/466/371 368/463/368 
f 374/470/374 368/463/368 376/473/376 
f 376/472/376 375/471/375 377/474/377 
f 375/471/375 378/475/378 377/474/377 
f 374/470/374 376/473/376 377/476/377 
f 374/470/374 377/476/377 379/477/379 
f 373/469/373 374/470/374 379/477/379 
f 373/469/373 379/477/379 380/478/380 
f 380/478/380 381/479/381 372/467/372 
f 380/478/380 372/467/372 373/469/373 
f 382/480/382 338/433/338 337/432/337 
f 382/480/382 337/432/337 383/481/383 
f 384/482/384 385/483/385 382/480/382 
f 384/482/384 382/480/382 383/481/383 
f 386/484/386 387/485/387 340/435/340 
f 387/485/387 339/434/339 340/435/340 
f 388/486/388 389/487/389 390/488/390 
f 389/487/389 391/489/391 390/488/390 
f 372/467/372 381/479/381 335/468/335 
f 381/479/381 333/490/333 335/468/335 
f 388/486/388 386/484/386 389/487/389 
f 386/484/386 392/491/392 389/487/389 
f 379/492/379 377/493/377 378/494/378 
f 379/492/379 378/494/378 393/495/393 
f 379/492/379 393/495/393 380/496/380 
f 393/495/393 394/497/394 380/496/380 
f 380/496/380 394/497/394 381/498/381 
f 394/497/394 395/499/395 381/498/381 
f 333/500/333 381/498/381 334/501/334 
f 381/498/381 395/499/395 334/501/334 
f 375/471/375 396/502/396 378/475/378 
f 396/502/396 397/503/397 378/475/378 
f 392/491/392 386/484/386 340/435/340 
f 392/491/392 340/435/340 398/504/398 
f 367/462/367 366/461/366 396/502/396 
f 367/462/367 396/502/396 375/471/375 
f 399/505/399 397/503/397 400/506/400 
f 397/503/397 396/502/396 400/506/400 
f 340/435/340 338/433/338 401/507/401 
f 340/435/340 401/507/401 398/504/398 
f 396/502/396 366/461/366 400/506/400 
f 366/461/366 361/456/361 400/506/400 
f 402/508/402 399/505/399 403/509/403 
f 399/505/399 400/506/400 403/509/403 
f 385/483/385 404/510/404 382/480/382 
f 404/510/404 405/511/405 382/480/382 
f 403/509/403 400/506/400 361/456/361 
f 403/509/403 361/456/361 356/451/356 
f 406/512/406 343/438/343 342/437/342 
f 406/512/406 342/437/342 336/431/336 
f 406/512/406 336/431/336 407/513/407 
f 336/431/336 334/429/334 407/513/407 
f 382/480/382 405/511/405 338/433/338 
f 405/511/405 401/507/401 338/433/338 
f 408/514/408 345/440/345 343/438/343 
f 408/514/408 343/438/343 406/512/406 
f 408/514/408 406/512/406 407/513/407 
f 408/514/408 407/513/407 409/515/409 
f 410/516/410 411/517/411 391/518/391 
f 410/516/410 391/518/391 412/519/412 
f 345/440/345 408/514/408 348/443/348 
f 408/514/408 413/520/413 348/443/348 
f 413/520/413 408/514/408 409/515/409 
f 413/520/413 409/515/409 412/521/412 
f 411/517/411 410/516/410 414/522/414 
f 410/516/410 415/523/415 414/522/414 
f 416/524/416 393/495/393 378/494/378 
f 416/524/416 378/494/378 397/525/397 
f 393/495/393 416/524/416 394/497/394 
f 416/524/416 417/526/417 394/497/394 
f 418/527/418 395/499/395 417/526/417 
f 395/499/395 394/497/394 417/526/417 
f 407/528/407 334/501/334 395/499/395 
f 407/528/407 395/499/395 418/527/418 
f 397/525/397 399/529/399 416/524/416 
f 399/529/399 419/530/419 416/524/416 
f 420/531/420 417/526/417 419/530/419 
f 417/526/417 416/524/416 419/530/419 
f 421/532/421 418/527/418 420/531/420 
f 418/527/418 417/526/417 420/531/420 
f 418/527/418 421/532/421 409/533/409 
f 418/527/418 409/533/409 407/528/407 
f 399/529/399 402/534/402 419/530/419 
f 402/534/402 422/535/422 419/530/419 
f 420/531/420 419/530/419 415/523/415 
f 419/530/419 422/535/422 415/523/415 
f 410/516/410 421/532/421 415/523/415 
f 421/532/421 420/531/420 415/523/415 
f 409/533/409 421/532/421 412/519/412 
f 421/532/421 410/516/410 412/519/412 
f 356/451/356 354/449/354 404/510/404 
f 354/449/354 405/511/405 404/510/404 
f 401/507/401 352/447/352 350/445/350 
f 401/507/401 350/445/350 398/504/398 
f 405/511/405 354/449/354 401/507/401 
f 354/449/354 352/447/352 401/507/401 
f 392/491/392 398/504/398 350/445/350 
f 392/491/392 350/445/350 348/443/348 
f 348/443/348 413/520/413 392/491/392 
f 413/520/413 389/487/389 392/491/392 
f 389/487/389 413/520/413 412/521/412 
f 389/487/389 412/521/412 391/489/391 
f 414/522/414 415/523/415 423/536/423 
f 415/523/415 422/535/422 423/536/423 
f 403/509/403 356/451/356 424/537/424 
f 356/451/356 404/510/404 424/537/424 
f 403/509/403 424/537/424 402/508/402 
f 424/537/424 425/538/425 402/508/402 
f 425/539/425 423/536/423 422/535/422 
f 425/539/425 422/535/422 402/534/402 
f 424/537/424 404/510/404 385/483/385 
f 424/537/424 385/483/385 426/540/426 
f 385/483/385 384/482/384 426/540/426 
f 384/482/384 427/541/427 426/540/426 
f 425/538/425 424/537/424 428/542/428 
f 424/537/424 426/540/426 428/542/428 
f 428/542/428 426/540/426 429/543/429 
f 426/540/426 427/541/427 429/543/429 
f 430/544/430 423/536/423 428/545/428 
f 423/536/423 425/539/425 428/545/428 
f 414/522/414 423/536/423 431/546/431 
f 423/536/423 430/544/430 431/546/431 
f 414/522/414 431/546/431 432/547/432 
f 414/522/414 432/547/432 411/517/411 
f 390/548/390 391/518/391 411/517/411 
f 390/548/390 411/517/411 432/547/432 
f 430/544/430 428/545/428 433/549/433 
f 428/545/428 429/550/429 433/549/433 
f 430/544/430 433/549/433 434/551/434 
f 430/544/430 434/551/434 431/546/431 
f 432/547/432 431/546/431 435/552/435 
f 431/546/431 434/551/434 435/552/435 
f 436/553/436 390/548/390 432/547/432 
f 436/553/436 432/547/432 435/552/435 
f 388/486/388 390/488/390 436/554/436 
f 388/486/388 436/554/436 437/555/437 
f 437/555/437 387/485/387 386/484/386 
f 437/555/437 386/484/386 388/486/388 
f 339/434/339 387/485/387 438/556/438 
f 387/485/387 437/557/437 438/556/438 
f 438/556/438 437/557/437 435/558/435 
f 437/557/437 436/559/436 435/558/435 
f 337/432/337 339/434/339 439/560/439 
f 339/434/339 438/556/438 439/560/439 
f 435/558/435 434/561/434 438/556/438 
f 434/561/434 439/560/439 438/556/438 
f 440/562/440 383/481/383 337/432/337 
f 440/562/440 337/432/337 439/560/439 
f 439/560/439 434/561/434 440/562/440 
f 434/561/434 433/563/433 440/562/440 
f 427/564/427 384/482/384 383/481/383 
f 427/564/427 383/481/383 440/562/440 
f 440/562/440 433/563/433 429/565/429 
f 440/562/440 429/565/429 427/564/427 
f 441/566/441 442/567/442 443/568/443 
f 442/567/442 444/569/444 443/568/443 
f 445/570/445 446/571/446 444/569/444 
f 445/570/445 444/569/444 442/567/442 
f 447/572/447 448/573/448 449/574/449 
f 447/572/447 449/574/449 450/575/450 
f 447/572/447 444/569/444 446/571/446 
f 447/572/447 446/571/446 451/576/451 
f 450/575/450 443/568/443 444/569/444 
f 450/575/450 444/569/444 447/572/447 
f 451/576/451 452/577/452 447/572/447 
f 452/577/452 448/573/448 447/572/447 
f 443/568/443 453/578/453 441/566/441 
f 453/578/453 454/579/454 441/566/441 
f 455/580/455 453/578/453 450/575/450 
f 453/578/453 443/568/443 450/575/450 
f 455/580/455 450/575/450 449/574/449 
f 455/580/455 449/574/449 456/581/456 
f 457/582/457 458/583/458 446/571/446 
f 457/582/457 446/571/446 445/570/445 
f 458/583/458 459/584/459 451/576/451 
f 458/583/458 451/576/451 446/571/446 
f 459/584/459 460/585/460 452/577/452 
f 459/584/459 452/577/452 451/576/451 
f 461/586/461 449/574/449 462/587/462 
f 449/574/449 448/573/448 462/587/462 
f 462/587/462 448/573/448 452/577/452 
f 462/587/462 452/577/452 463/588/463 
f 452/577/452 460/585/460 464/589/464 
f 452/577/452 464/589/464 463/588/463 
f 449/574/449 461/586/461 465/590/465 
f 449/574/449 465/590/465 456/581/456 
f 466/591/466 467/592/467 462/587/462 
f 467/592/467 461/586/461 462/587/462 
f 466/591/466 462/587/462 463/588/463 
f 466/591/466 463/588/463 468/593/468 
f 464/589/464 469/594/469 468/593/468 
f 464/589/464 468/593/468 463/588/463 
f 470/595/470 467/592/467 471/596/471 
f 467/592/467 466/591/466 471/596/471 
f 468/593/468 472/597/472 466/591/466 
f 472/597/472 471/596/471 466/591/466 
f 472/597/472 468/593/468 469/594/469 
f 472/597/472 469/594/469 473/598/473 
f 472/597/472 474/599/474 471/596/471 
f 474/599/474 475/600/475 471/596/471 
f 475/600/475 476/601/476 471/596/471 
f 476/601/476 470/595/470 471/596/471 
f 476/601/476 477/602/477 478/603/478 
f 476/601/476 478/603/478 470/595/470 
f 467/592/467 470/595/470 478/603/478 
f 467/592/467 478/603/478 479/604/479 
f 465/590/465 461/586/461 479/604/479 
f 461/586/461 467/592/467 479/604/479 
f 473/598/473 480/605/480 474/599/474 
f 473/598/473 474/599/474 472/597/472 
f 481/606/481 482/607/482 474/599/474 
f 482/607/482 475/600/475 474/599/474 
f 475/600/475 482/607/482 476/601/476 
f 482/607/482 483/608/483 476/601/476 
f 484/609/484 477/602/477 476/601/476 
f 484/609/484 476/601/476 483/608/483 
f 481/606/481 474/599/474 485/610/485 
f 474/599/474 480/605/480 485/610/485 
f 486/611/486 482/607/482 487/612/487 
f 482/607/482 481/606/481 487/612/487 
f 482/607/482 486/611/486 488/613/488 
f 482/607/482 488/613/488 483/608/483 
f 489/614/489 487/612/487 481/606/481 
f 489/614/489 481/606/481 485/610/485 
f 490/615/490 491/616/491 488/613/488 
f 490/615/490 488/613/488 486/611/486 
f 492/617/492 490/615/490 486/611/486 
f 492/617/492 486/611/486 487/612/487 
f 491/616/491 490/615/490 493/618/493 
f 491/616/491 493/618/493 494/619/494 
f 495/620/495 493/618/493 490/615/490 
f 495/620/495 490/615/490 492/617/492 
f 496/621/496 497/622/497 493/618/493 
f 497/622/497 494/619/494 493/618/493 
f 498/623/498 496/621/496 493/618/493 
f 498/623/498 493/618/493 495/620/495 
f 497/622/497 496/621/496 499/624/499 
f 496/621/496 500/625/500 499/624/499 
f 501/626/501 500/625/500 498/623/498 
f 500/625/500 496/621/496 498/623/498 
f 502/627/502 503/628/503 499/624/499 
f 502/627/502 499/624/499 500/625/500 
f 504/629/504 502/627/502 500/625/500 
f 504/629/504 500/625/500 501/626/501 
f 505/630/505 506/631/506 503/628/503 
f 505/630/505 503/628/503 502/627/502 
f 505/630/505 502/627/502 507/632/507 
f 502/627/502 504/629/504 507/632/507 
f 508/633/508 509/634/509 506/631/506 
f 508/633/508 506/631/506 505/630/505 
f 510/635/510 508/633/508 505/630/505 
f 510/635/510 505/630/505 507/632/507 
f 511/636/511 512/637/512 509/634/509 
f 511/636/511 509/634/509 508/633/508 
f 513/638/513 511/636/511 508/633/508 
f 513/638/513 508/633/508 510/635/510 
f 512/637/512 511/636/511 514/639/514 
f 511/636/511 515/640/515 514/639/514 
f 515/640/515 511/636/511 516/641/516 
f 511/636/511 513/638/513 516/641/516 
f 492/617/492 487/612/487 517/642/517 
f 487/612/487 489/614/489 517/642/517 
f 495/620/495 492/617/492 518/643/518 
f 492/617/492 517/642/517 518/643/518 
f 498/623/498 495/620/495 518/643/518 
f 498/623/498 518/643/518 519/644/519 
f 520/645/520 501/626/501 498/623/498 
f 520/645/520 498/623/498 519/644/519 
f 504/629/504 501/626/501 521/646/521 
f 501/626/501 520/645/520 521/646/521 
f 522/647/522 507/632/507 504/629/504 
f 522/647/522 504/629/504 521/646/521 
f 523/648/523 510/635/510 507/632/507 
f 523/648/523 507/632/507 522/647/522 
f 524/649/524 513/638/513 510/635/510 
f 524/649/524 510/635/510 523/648/523 
f 513/638/513 524/649/524 516/641/516 
f 524/649/524 525/650/525 516/641/516 
f 526/651/526 484/609/484 483/608/483 
f 526/651/526 483/608/483 488/613/488 
f 491/616/491 527/652/527 488/613/488 
f 527/652/527 526/651/526 488/613/488 
f 491/616/491 494/619/494 528/653/528 
f 491/616/491 528/653/528 527/652/527 
f 529/654/529 528/653/528 497/622/497 
f 528/653/528 494/619/494 497/622/497 
f 497/622/497 499/624/499 530/655/530 
f 497/622/497 530/655/530 529/654/529 
f 499/624/499 503/628/503 531/656/531 
f 499/624/499 531/656/531 530/655/530 
f 531/656/531 503/628/503 532/657/532 
f 503/628/503 506/631/506 532/657/532 
f 509/634/509 533/658/533 506/631/506 
f 533/658/533 532/657/532 506/631/506 
f 509/634/509 512/637/512 534/659/534 
f 509/634/509 534/659/534 533/658/533 
f 512/637/512 514/639/514 535/660/535 
f 512/637/512 535/660/535 534/659/534 
f 536/661/536 537/662/537 442/567/442 
f 536/661/536 442/567/442 441/566/441 
f 442/567/442 537/662/537 445/570/445 
f 537/662/537 538/663/538 445/570/445 
f 539/664/539 540/665/540 541/666/541 
f 540/665/540 542/667/542 541/666/541 
f 543/668/543 538/663/538 541/666/541 
f 538/663/538 537/662/537 541/666/541 
f 541/666/541 537/662/537 539/664/539 
f 537/662/537 536/661/536 539/664/539 
f 541/666/541 542/667/542 544/669/544 
f 541/666/541 544/669/544 543/668/543 
f 441/566/441 454/579/454 536/661/536 
f 454/579/454 545/670/545 536/661/536 
f 539/664/539 536/661/536 545/670/545 
f 539/664/539 545/670/545 546/671/546 
f 547/672/547 540/665/540 546/671/546 
f 540/665/540 539/664/539 546/671/546 
f 445/570/445 538/663/538 457/582/457 
f 538/663/538 548/673/548 457/582/457 
f 538/663/538 543/668/543 548/673/548 
f 543/668/543 549/674/549 548/673/548 
f 543/668/543 544/669/544 549/674/549 
f 544/669/544 550/675/550 549/674/549 
f 551/676/551 542/667/542 540/665/540 
f 551/676/551 540/665/540 552/677/552 
f 553/678/553 544/669/544 551/676/551 
f 544/669/544 542/667/542 551/676/551 
f 553/678/553 554/679/554 544/669/544 
f 554/679/554 550/675/550 544/669/544 
f 547/672/547 555/680/555 540/665/540 
f 555/680/555 552/677/552 540/665/540 
f 551/676/551 552/677/552 556/681/556 
f 551/676/551 556/681/556 557/682/557 
f 558/683/558 553/678/553 557/682/557 
f 553/678/553 551/676/551 557/682/557 
f 553/678/553 558/683/558 554/679/554 
f 558/683/558 559/684/559 554/679/554 
f 560/685/560 557/682/557 556/681/556 
f 560/685/560 556/681/556 561/686/561 
f 557/682/557 560/685/560 562/687/562 
f 557/682/557 562/687/562 558/683/558 
f 563/688/563 559/684/559 562/687/562 
f 559/684/559 558/683/558 562/687/562 
f 560/685/560 564/689/564 565/690/565 
f 560/685/560 565/690/565 562/687/562 
f 560/685/560 561/686/561 566/691/566 
f 560/685/560 566/691/566 564/689/564 
f 561/686/561 567/692/567 566/691/566 
f 567/692/567 568/693/568 566/691/566 
f 569/694/569 567/692/567 556/681/556 
f 567/692/567 561/686/561 556/681/556 
f 569/694/569 556/681/556 555/680/555 
f 556/681/556 552/677/552 555/680/555 
f 562/687/562 565/690/565 563/688/563 
f 565/690/565 570/695/570 563/688/563 
f 565/690/565 564/689/564 571/696/571 
f 565/690/565 571/696/571 572/697/572 
f 566/691/566 573/698/573 571/696/571 
f 566/691/566 571/696/571 564/689/564 
f 573/698/573 566/691/566 574/699/574 
f 566/691/566 568/693/568 574/699/574 
f 575/700/575 570/695/570 565/690/565 
f 575/700/575 565/690/565 572/697/572 
f 576/701/576 572/697/572 571/696/571 
f 576/701/576 571/696/571 577/702/577 
f 573/698/573 578/703/578 571/696/571 
f 578/703/578 577/702/577 571/696/571 
f 575/700/575 572/697/572 579/704/579 
f 572/697/572 576/701/576 579/704/579 
f 577/702/577 578/703/578 580/705/580 
f 578/703/578 581/706/581 580/705/580 
f 576/701/576 577/702/577 582/707/582 
f 577/702/577 580/705/580 582/707/582 
f 583/708/583 584/709/584 581/706/581 
f 584/709/584 580/705/580 581/706/581 
f 582/707/582 580/705/580 585/710/585 
f 580/705/580 584/709/584 585/710/585 
f 584/709/584 583/708/583 586/711/586 
f 584/709/584 586/711/586 587/712/587 
f 585/710/585 584/709/584 588/713/588 
f 584/709/584 587/712/587 588/713/588 
f 589/714/589 590/715/590 587/712/587 
f 589/714/589 587/712/587 586/711/586 
f 588/713/588 587/712/587 590/715/590 
f 588/713/588 590/715/590 591/716/591 
f 590/715/590 589/714/589 592/717/592 
f 589/714/589 593/718/593 592/717/592 
f 591/716/591 590/715/590 594/719/594 
f 590/715/590 592/717/592 594/719/594 
f 592/717/592 593/718/593 595/720/595 
f 593/718/593 596/721/596 595/720/595 
f 597/722/597 594/719/594 592/717/592 
f 597/722/597 592/717/592 595/720/595 
f 595/720/595 596/721/596 598/723/598 
f 596/721/596 599/724/599 598/723/598 
f 597/722/597 595/720/595 600/725/600 
f 595/720/595 598/723/598 600/725/600 
f 598/723/598 599/724/599 601/726/601 
f 599/724/599 602/727/602 601/726/601 
f 600/725/600 598/723/598 603/728/603 
f 598/723/598 601/726/601 603/728/603 
f 514/729/514 515/730/515 601/726/601 
f 514/729/514 601/726/601 602/727/602 
f 516/731/516 603/728/603 601/726/601 
f 516/731/516 601/726/601 515/730/515 
f 604/732/604 579/704/579 576/701/576 
f 604/732/604 576/701/576 582/707/582 
f 605/733/605 604/732/604 582/707/582 
f 605/733/605 582/707/582 585/710/585 
f 606/734/606 605/733/605 588/713/588 
f 605/733/605 585/710/585 588/713/588 
f 606/734/606 588/713/588 607/735/607 
f 588/713/588 591/716/591 607/735/607 
f 608/736/608 607/735/607 591/716/591 
f 608/736/608 591/716/591 594/719/594 
f 608/736/608 594/719/594 609/737/609 
f 594/719/594 597/722/597 609/737/609 
f 609/737/609 597/722/597 610/738/610 
f 597/722/597 600/725/600 610/738/610 
f 610/738/610 600/725/600 611/739/611 
f 600/725/600 603/728/603 611/739/611 
f 516/731/516 525/740/525 611/739/611 
f 516/731/516 611/739/611 603/728/603 
f 578/703/578 573/698/573 612/741/612 
f 573/698/573 574/699/574 612/741/612 
f 578/703/578 612/741/612 613/742/613 
f 578/703/578 613/742/613 581/706/581 
f 613/742/613 614/743/614 581/706/581 
f 614/743/614 583/708/583 581/706/581 
f 586/711/586 583/708/583 614/743/614 
f 586/711/586 614/743/614 615/744/615 
f 615/744/615 616/745/616 586/711/586 
f 616/745/616 589/714/589 586/711/586 
f 616/745/616 617/746/617 589/714/589 
f 617/746/617 593/718/593 589/714/589 
f 618/747/618 596/721/596 593/718/593 
f 618/747/618 593/718/593 617/746/617 
f 596/721/596 618/747/618 599/724/599 
f 618/747/618 619/748/619 599/724/599 
f 619/748/619 620/749/620 599/724/599 
f 620/749/620 602/727/602 599/724/599 
f 620/749/620 535/750/535 602/727/602 
f 535/750/535 514/729/514 602/727/602 
f 621/751/621 622/752/622 623/753/623 
f 622/752/622 624/754/624 623/753/623 
f 625/755/625 621/751/621 623/753/623 
f 625/755/625 623/753/623 626/756/626 
f 622/752/622 621/751/621 627/757/627 
f 621/751/621 628/758/628 627/757/627 
f 627/757/627 628/758/628 629/759/629 
f 628/758/628 630/760/630 629/759/629 
f 621/751/621 625/755/625 631/761/631 
f 621/751/621 631/761/631 628/758/628 
f 632/762/632 630/760/630 628/758/628 
f 632/762/632 628/758/628 631/761/631 
f 622/752/622 633/763/633 624/754/624 
f 633/763/633 634/764/634 624/754/624 
f 627/757/627 635/765/635 622/752/622 
f 635/765/635 633/763/633 622/752/622 
f 635/765/635 627/757/627 636/766/636 
f 627/757/627 629/759/629 636/766/636 
f 637/767/637 638/768/638 629/759/629 
f 638/768/638 636/766/636 629/759/629 
f 637/767/637 629/759/629 639/769/639 
f 629/759/629 630/760/630 639/769/639 
f 640/770/640 641/771/641 632/762/632 
f 641/771/641 630/760/630 632/762/632 
f 630/760/630 641/771/641 639/769/639 
f 623/753/623 624/754/624 642/772/642 
f 623/753/623 642/772/642 643/773/643 
f 626/756/626 623/753/623 644/774/644 
f 623/753/623 643/773/643 644/774/644 
f 645/775/645 646/776/646 643/773/643 
f 645/775/645 643/773/643 642/772/642 
f 647/777/647 648/778/648 646/776/646 
f 647/777/647 646/776/646 645/775/645 
f 646/776/646 649/779/649 643/773/643 
f 649/779/649 644/774/644 643/773/643 
f 649/779/649 646/776/646 650/780/650 
f 646/776/646 648/778/648 650/780/650 
f 624/754/624 634/764/634 651/781/651 
f 624/754/624 651/781/651 642/772/642 
f 642/772/642 651/781/651 652/782/652 
f 642/772/642 652/782/652 645/775/645 
f 653/783/653 647/777/647 645/775/645 
f 653/783/653 645/775/645 652/782/652 
f 647/777/647 653/783/653 654/784/654 
f 647/777/647 654/784/654 655/785/655 
f 656/786/656 648/778/648 647/777/647 
f 656/786/656 647/777/647 655/785/655 
f 650/780/650 648/778/648 657/787/657 
f 650/780/650 657/787/657 658/788/658 
f 656/786/656 657/787/657 648/778/648 
f 625/755/625 626/756/626 659/789/659 
f 626/756/626 660/790/660 659/789/659 
f 631/761/631 625/755/625 661/791/661 
f 625/755/625 659/789/659 661/791/661 
f 632/762/632 631/761/631 662/792/662 
f 631/761/631 661/791/661 662/792/662 
f 640/770/640 632/762/632 662/792/662 
f 640/770/640 662/792/662 663/793/663 
f 626/756/626 644/774/644 660/790/660 
f 644/774/644 664/794/664 660/790/660 
f 644/774/644 649/779/649 664/794/664 
f 649/779/649 665/795/665 664/794/664 
f 649/779/649 650/780/650 666/796/666 
f 649/779/649 666/796/666 665/795/665 
f 650/780/650 658/788/658 666/796/666 
f 658/788/658 667/797/667 666/796/666 
f 668/798/668 669/799/669 670/800/670 
f 668/798/668 670/800/670 671/801/671 
f 672/802/672 673/803/673 668/798/668 
f 672/802/672 668/798/668 671/801/671 
f 674/804/674 673/805/673 672/806/672 
f 674/804/674 672/806/672 675/807/675 
f 676/808/676 677/809/677 673/805/673 
f 676/808/676 673/805/673 674/804/674 
f 678/810/678 679/811/679 677/809/677 
f 678/810/678 677/809/677 676/808/676 
f 680/812/680 681/813/681 682/814/682 
f 680/812/680 682/814/682 683/815/683 
f 684/816/684 685/817/685 686/818/686 
f 684/816/684 686/818/686 687/819/687 
f 688/820/688 684/816/684 687/819/687 
f 688/820/688 687/819/687 689/821/689 
f 690/822/690 691/823/691 692/824/692 
f 691/823/691 693/825/693 692/824/692 
f 694/826/694 695/827/695 691/823/691 
f 695/827/695 693/825/693 691/823/691 
f 696/828/696 695/827/695 694/826/694 
f 696/828/696 694/826/694 697/829/697 
f 696/828/696 697/829/697 698/830/698 
f 697/829/697 699/831/699 698/830/698 
f 698/830/698 699/831/699 700/832/700 
f 699/831/699 701/833/701 700/832/700 
f 689/821/689 690/822/690 688/820/688 
f 690/822/690 692/824/692 688/820/688 
f 702/834/702 703/835/703 677/836/677 
f 702/834/702 677/836/677 679/837/679 
f 673/838/673 677/836/677 703/835/703 
f 673/838/673 703/835/703 668/839/668 
f 704/840/704 705/841/705 706/842/706 
f 705/841/705 707/843/707 706/842/706 
f 708/844/708 683/815/683 709/845/709 
f 683/815/683 682/814/682 709/845/709 
f 685/817/685 684/816/684 710/846/710 
f 684/816/684 711/847/711 710/846/710 
f 684/816/684 688/820/688 712/848/712 
f 684/816/684 712/848/712 711/847/711 
f 688/820/688 692/824/692 712/848/712 
f 692/824/692 713/849/713 712/848/712 
f 692/824/692 693/825/693 713/849/713 
f 693/825/693 714/850/714 713/849/713 
f 693/825/693 695/827/695 715/851/715 
f 693/825/693 715/851/715 714/850/714 
f 695/827/695 696/828/696 716/852/716 
f 695/827/695 716/852/716 715/851/715 
f 696/828/696 698/830/698 716/852/716 
f 698/830/698 717/853/717 716/852/716 
f 698/830/698 700/832/700 717/853/717 
f 700/832/700 718/854/718 717/853/717 
f 719/855/719 717/853/717 718/854/718 
f 719/855/719 718/854/718 720/856/720 
f 716/852/716 717/853/717 721/857/721 
f 717/853/717 719/855/719 721/857/721 
f 716/852/716 721/857/721 715/851/715 
f 721/857/721 722/858/722 715/851/715 
f 715/851/715 722/858/722 714/850/714 
f 722/858/722 723/859/723 714/850/714 
f 714/850/714 723/859/723 724/860/724 
f 714/850/714 724/860/724 713/849/713 
f 713/849/713 724/860/724 725/861/725 
f 713/849/713 725/861/725 712/848/712 
f 726/862/726 711/847/711 712/848/712 
f 726/862/726 712/848/712 725/861/725 
f 727/863/727 710/846/710 728/864/728 
f 710/846/710 711/847/711 728/864/728 
f 729/865/729 727/866/727 728/867/728 
f 729/865/729 728/867/728 730/868/730 
f 726/862/726 731/869/731 728/864/728 
f 726/862/726 728/864/728 711/847/711 
f 732/870/732 733/871/733 734/872/734 
f 733/871/733 735/873/735 734/872/734 
f 733/871/733 732/870/732 736/874/736 
f 732/870/732 737/875/737 736/874/736 
f 738/876/738 736/874/736 737/875/737 
f 738/876/738 737/875/737 739/877/739 
f 740/878/740 741/879/741 742/880/742 
f 740/878/740 742/880/742 743/881/743 
f 744/882/744 687/819/687 745/883/745 
f 687/819/687 686/818/686 745/883/745 
f 744/882/744 680/884/680 689/821/689 
f 744/882/744 689/821/689 687/819/687 
f 690/822/690 689/821/689 683/885/683 
f 689/821/689 680/884/680 683/885/683 
f 683/885/683 708/886/708 690/822/690 
f 708/886/708 691/823/691 690/822/690 
f 694/826/694 691/823/691 746/887/746 
f 691/823/691 708/886/708 746/887/746 
f 746/887/746 747/888/747 694/826/694 
f 747/888/747 697/829/697 694/826/694 
f 699/831/699 697/829/697 740/889/740 
f 697/829/697 747/888/747 740/889/740 
f 743/890/743 701/833/701 699/831/699 
f 743/890/743 699/831/699 740/889/740 
f 748/891/748 719/855/719 720/856/720 
f 748/891/748 720/856/720 749/892/749 
f 750/893/750 721/857/721 748/891/748 
f 721/857/721 719/855/719 748/891/748 
f 721/857/721 750/893/750 722/858/722 
f 750/893/750 751/894/751 722/858/722 
f 722/858/722 751/894/751 723/859/723 
f 751/894/751 752/895/752 723/859/723 
f 724/860/724 723/859/723 753/896/753 
f 723/859/723 752/895/752 753/896/753 
f 754/897/754 731/898/731 755/899/755 
f 731/898/731 726/900/726 755/899/755 
f 755/899/755 726/900/726 756/901/756 
f 726/900/726 725/902/725 756/901/756 
f 756/901/756 725/902/725 757/903/757 
f 725/902/725 724/904/724 757/903/757 
f 757/903/757 724/904/724 758/905/758 
f 724/904/724 753/906/753 758/905/758 
f 759/907/759 741/879/741 747/908/747 
f 741/879/741 740/878/740 747/908/747 
f 730/868/730 728/867/728 731/909/731 
f 730/868/730 731/909/731 760/910/760 
f 749/892/749 761/911/761 748/891/748 
f 761/911/761 762/912/762 748/891/748 
f 762/912/762 763/913/763 750/893/750 
f 762/912/762 750/893/750 748/891/748 
f 763/913/763 764/914/764 751/894/751 
f 763/913/763 751/894/751 750/893/750 
f 752/895/752 751/894/751 765/915/765 
f 751/894/751 764/914/764 765/915/765 
f 762/912/762 761/911/761 766/916/766 
f 762/912/762 766/916/766 767/917/767 
f 762/912/762 767/917/767 763/913/763 
f 767/917/767 764/914/764 763/913/763 
f 764/914/764 767/917/767 768/918/768 
f 764/914/764 768/918/768 765/915/765 
f 768/918/768 767/917/767 769/919/769 
f 767/917/767 766/916/766 769/919/769 
f 758/905/758 753/906/753 770/920/770 
f 753/906/753 752/921/752 770/920/770 
f 770/920/770 752/921/752 771/922/771 
f 752/921/752 765/923/765 771/922/771 
f 771/922/771 765/923/765 772/924/772 
f 765/923/765 768/925/768 772/924/772 
f 772/924/772 768/925/768 773/926/773 
f 768/925/768 769/927/769 773/926/773 
f 774/928/774 754/929/754 775/930/775 
f 754/929/754 776/931/776 775/930/775 
f 777/932/777 778/933/778 775/930/775 
f 777/932/777 775/930/775 776/931/776 
f 778/933/778 777/932/777 779/934/779 
f 778/933/778 779/934/779 780/935/780 
f 781/936/781 782/937/782 783/938/783 
f 781/936/781 783/938/783 784/939/784 
f 784/939/784 780/935/780 779/934/779 
f 784/939/784 779/934/779 781/936/781 
f 783/938/783 782/937/782 785/940/785 
f 782/937/782 786/941/786 785/940/785 
f 747/908/747 746/942/746 759/907/759 
f 746/942/746 787/943/787 759/907/759 
f 788/944/788 783/938/783 789/945/789 
f 783/938/783 785/940/785 789/945/789 
f 790/946/790 784/939/784 783/938/783 
f 790/946/790 783/938/783 788/944/788 
f 791/947/791 780/935/780 790/946/790 
f 780/935/780 784/939/784 790/946/790 
f 792/948/792 778/933/778 780/935/780 
f 792/948/792 780/935/780 791/947/791 
f 787/943/787 746/942/746 708/844/708 
f 787/943/787 708/844/708 709/845/709 
f 793/949/793 794/950/794 795/951/795 
f 796/952/796 797/953/797 669/799/669 
f 797/953/797 670/800/670 669/799/669 
f 796/952/796 798/954/798 799/955/799 
f 796/952/796 799/955/799 797/953/797 
f 798/956/798 796/957/796 800/958/800 
f 796/957/796 801/959/801 800/958/800 
f 796/957/796 669/960/669 802/961/802 
f 796/957/796 802/961/802 801/959/801 
f 669/960/669 668/839/668 703/835/703 
f 669/960/669 703/835/703 802/961/802 
f 803/962/803 804/963/804 805/964/805 
f 804/963/804 806/965/806 805/964/805 
f 807/966/807 808/967/808 809/968/809 
f 807/966/807 809/968/809 810/969/810 
f 811/970/811 809/968/809 812/971/812 
f 809/968/809 808/967/808 812/971/812 
f 813/972/813 811/970/811 814/973/814 
f 811/970/811 812/971/812 814/973/814 
f 811/970/811 815/974/815 809/968/809 
f 816/975/816 793/949/793 795/951/795 
f 816/975/816 795/951/795 817/976/817 
f 786/941/786 782/937/782 817/976/817 
f 782/937/782 816/975/816 817/976/817 
f 785/940/785 786/941/786 817/977/817 
f 785/940/785 817/977/817 789/945/789 
f 795/978/795 818/979/818 789/945/789 
f 795/978/795 789/945/789 817/977/817 
f 819/980/819 820/981/820 821/982/821 
f 819/980/819 821/982/821 822/983/822 
f 820/981/820 823/984/823 821/982/821 
f 823/984/823 824/985/824 821/982/821 
f 823/984/823 825/986/825 824/985/824 
f 825/986/825 818/979/818 824/985/824 
f 826/987/826 827/988/827 828/989/828 
f 826/987/826 828/989/828 829/990/829 
f 830/991/830 819/980/819 822/983/822 
f 830/991/830 822/983/822 831/992/831 
f 827/988/827 832/993/832 833/994/833 
f 827/988/827 833/994/833 828/989/828 
f 834/995/834 833/994/833 832/993/832 
f 834/995/834 832/993/832 835/996/835 
f 836/997/836 837/998/837 838/999/838 
f 836/997/836 838/999/838 839/1000/839 
f 839/1000/839 840/1001/840 841/1002/841 
f 839/1000/839 841/1002/841 836/997/836 
f 842/1003/842 841/1002/841 843/1004/843 
f 841/1002/841 840/1001/840 843/1004/843 
f 745/883/745 686/818/686 844/1005/844 
f 686/818/686 845/1006/845 844/1005/844 
f 835/996/835 846/1007/846 834/995/834 
f 846/1007/846 847/1008/847 834/995/834 
f 848/1009/848 806/965/806 849/1010/849 
f 806/965/806 804/963/804 849/1010/849 
f 850/1011/850 851/1012/851 852/1013/852 
f 851/1012/851 853/1014/853 852/1013/852 
f 812/971/812 808/967/808 832/993/832 
f 812/971/812 832/993/832 827/988/827 
f 814/973/814 812/971/812 826/987/826 
f 812/971/812 827/988/827 826/987/826 
f 685/817/685 854/1015/854 686/818/686 
f 854/1015/854 845/1006/845 686/818/686 
f 852/1013/852 853/1014/853 806/965/806 
f 853/1014/853 805/964/805 806/965/806 
f 848/1009/848 837/998/837 855/1016/855 
f 848/1009/848 855/1016/855 856/1017/856 
f 832/993/832 808/967/808 835/996/835 
f 808/967/808 857/1018/857 835/996/835 
f 807/966/807 858/1019/858 857/1018/857 
f 807/966/807 857/1018/857 808/967/808 
f 859/1020/859 846/1007/846 835/996/835 
f 859/1020/859 835/996/835 857/1018/857 
f 860/1021/860 861/1022/861 842/1003/842 
f 861/1022/861 841/1002/841 842/1003/842 
f 706/1023/706 707/1024/707 854/1015/854 
f 706/1023/706 854/1015/854 685/817/685 
f 836/997/836 841/1002/841 861/1022/861 
f 836/997/836 861/1022/861 862/1025/862 
f 836/997/836 862/1025/862 837/998/837 
f 862/1025/862 855/1016/855 837/998/837 
f 849/1010/849 838/999/838 848/1009/848 
f 838/999/838 837/998/837 848/1009/848 
f 856/1017/856 852/1013/852 806/965/806 
f 856/1017/856 806/965/806 848/1009/848 
f 843/1004/843 840/1001/840 863/1026/863 
f 843/1004/843 863/1026/863 847/1008/847 
f 840/1001/840 839/1000/839 863/1026/863 
f 839/1000/839 838/999/838 863/1026/863 
f 838/999/838 849/1010/849 863/1026/863 
f 849/1010/849 804/963/804 863/1026/863 
f 804/963/804 803/962/803 863/1026/863 
f 675/807/675 735/873/735 733/871/733 
f 675/807/675 733/871/733 674/804/674 
f 674/804/674 733/871/733 736/874/736 
f 674/804/674 736/874/736 676/808/676 
f 828/989/828 833/994/833 863/1026/863 
f 833/994/833 834/995/834 863/1026/863 
f 834/995/834 847/1008/847 863/1026/863 
f 854/1015/854 707/1024/707 679/811/679 
f 854/1015/854 679/811/679 678/810/678 
f 830/991/830 864/1027/864 865/1028/865 
f 830/991/830 865/1028/865 866/1029/866 
f 831/992/831 822/983/822 867/1030/867 
f 831/992/831 867/1030/867 868/1031/868 
f 869/1032/869 870/1033/870 871/1034/871 
f 870/1033/870 872/1035/872 871/1034/871 
f 864/1027/864 871/1034/871 850/1011/850 
f 871/1034/871 872/1035/872 850/1011/850 
f 791/947/791 820/981/820 792/948/792 
f 820/981/820 819/980/819 792/948/792 
f 790/946/790 823/984/823 820/981/820 
f 790/946/790 820/981/820 791/947/791 
f 788/944/788 825/986/825 823/984/823 
f 788/944/788 823/984/823 790/946/790 
f 789/945/789 818/979/818 788/944/788 
f 818/979/818 825/986/825 788/944/788 
f 872/1035/872 870/1033/870 873/1036/873 
f 870/1033/870 874/1037/874 873/1036/873 
f 875/1038/875 760/910/760 774/928/774 
f 875/1038/875 774/928/774 865/1028/865 
f 760/910/760 855/1016/855 730/868/730 
f 855/1016/855 862/1025/862 730/868/730 
f 794/1039/794 824/985/824 795/978/795 
f 824/985/824 818/979/818 795/978/795 
f 774/928/774 760/910/760 754/929/754 
f 760/910/760 731/909/731 754/929/754 
f 794/1039/794 876/1040/876 821/982/821 
f 794/1039/794 821/982/821 824/985/824 
f 821/982/821 876/1040/876 867/1030/867 
f 821/982/821 867/1030/867 822/983/822 
f 792/948/792 866/1029/866 778/933/778 
f 866/1029/866 775/930/775 778/933/778 
f 774/928/774 775/930/775 865/1028/865 
f 775/930/775 866/1029/866 865/1028/865 
f 868/1031/868 869/1032/869 871/1034/871 
f 868/1031/868 871/1034/871 831/992/831 
f 866/1029/866 792/948/792 819/980/819 
f 866/1029/866 819/980/819 830/991/830 
f 831/992/831 871/1034/871 864/1027/864 
f 831/992/831 864/1027/864 830/991/830 
f 850/1011/850 875/1038/875 864/1027/864 
f 875/1038/875 865/1028/865 864/1027/864 
f 850/1011/850 872/1035/872 873/1036/873 
f 850/1011/850 873/1036/873 851/1012/851 
f 875/1038/875 856/1017/856 855/1016/855 
f 875/1038/875 855/1016/855 760/910/760 
f 851/1012/851 873/1036/873 877/1041/877 
f 851/1012/851 877/1041/877 813/972/813 
f 877/1041/877 815/974/815 813/972/813 
f 815/974/815 811/970/811 813/972/813 
f 878/1042/878 877/1041/877 874/1037/874 
f 877/1041/877 873/1036/873 874/1037/874 
f 879/1043/879 815/974/815 878/1042/878 
f 815/974/815 877/1041/877 878/1042/878 
f 880/1044/880 809/968/809 879/1043/879 
f 809/968/809 815/974/815 879/1043/879 
f 798/956/798 810/969/810 880/1044/880 
f 810/969/810 809/968/809 880/1044/880 
f 856/1017/856 875/1038/875 852/1013/852 
f 875/1038/875 850/1011/850 852/1013/852 
f 862/1025/862 861/1022/861 729/865/729 
f 862/1025/862 729/865/729 730/868/730 
f 676/808/676 736/874/736 738/876/738 
f 676/808/676 738/876/738 678/810/678 
f 727/863/727 706/1023/706 685/817/685 
f 727/863/727 685/817/685 710/846/710 
f 843/1004/843 847/1008/847 842/1003/842 
f 847/1008/847 846/1007/846 842/1003/842 
f 842/1003/842 846/1007/846 860/1021/860 
f 846/1007/846 859/1020/859 860/1021/860 
f 860/1021/860 859/1020/859 705/841/705 
f 860/1021/860 705/841/705 704/840/704 
f 706/842/706 727/866/727 729/865/729 
f 706/842/706 729/865/729 704/840/704 
f 828/989/828 863/1026/863 829/990/829 
f 829/990/829 863/1026/863 803/962/803 
f 829/990/829 803/962/803 826/987/826 
f 803/962/803 805/964/805 826/987/826 
f 826/987/826 805/964/805 814/973/814 
f 805/964/805 853/1014/853 814/973/814 
f 704/840/704 729/865/729 861/1022/861 
f 704/840/704 861/1022/861 860/1021/860 
f 814/973/814 853/1014/853 813/972/813 
f 853/1014/853 851/1012/851 813/972/813 
f 702/834/702 705/841/705 859/1020/859 
f 702/834/702 859/1020/859 881/1045/881 
f 679/837/679 707/843/707 705/841/705 
f 679/837/679 705/841/705 702/834/702 
f 881/1045/881 802/961/802 703/835/703 
f 881/1045/881 703/835/703 702/834/702 
f 678/810/678 738/876/738 845/1006/845 
f 678/810/678 845/1006/845 854/1015/854 
f 739/877/739 844/1005/844 845/1006/845 
f 739/877/739 845/1006/845 738/876/738 
f 881/1045/881 859/1020/859 857/1018/857 
f 881/1045/881 857/1018/857 858/1019/858 
f 801/959/801 802/961/802 881/1045/881 
f 801/959/801 881/1045/881 858/1019/858 
f 810/969/810 798/956/798 800/958/800 
f 810/969/810 800/958/800 807/966/807 
f 800/958/800 858/1019/858 807/966/807 
f 801/959/801 858/1019/858 800/958/800 
f 680/812/680 744/1046/744 882/1047/882 
f 680/812/680 882/1047/882 681/813/681 
f 744/1046/744 745/1048/745 883/1049/883 
f 744/1046/744 883/1049/883 882/1047/882 
f 745/1048/745 844/1050/844 884/1051/884 
f 745/1048/745 884/1051/884 883/1049/883 
f 844/1050/844 739/1052/739 885/1053/885 
f 844/1050/844 885/1053/885 884/1051/884 
f 739/1052/739 737/1054/737 886/1055/886 
f 739/1052/739 886/1055/886 885/1053/885 
f 737/1054/737 732/1056/732 887/1057/887 
f 737/1054/737 887/1057/887 886/1055/886 
f 732/1056/732 734/1058/734 888/1059/888 
f 732/1056/732 888/1059/888 887/1057/887 
f 889/1060/889 742/880/742 741/879/741 
f 889/1060/889 741/879/741 890/1061/890 
f 759/907/759 891/1062/891 890/1061/890 
f 759/907/759 890/1061/890 741/879/741 
f 759/907/759 787/943/787 891/1062/891 
f 787/943/787 892/1063/892 891/1062/891 
f 709/845/709 893/1064/893 892/1063/892 
f 709/845/709 892/1063/892 787/943/787 
f 682/814/682 681/813/681 893/1064/893 
f 682/814/682 893/1064/893 709/845/709 
f 889/1060/889 890/1061/890 887/1057/887 
f 889/1060/889 887/1057/887 888/1059/888 
f 887/1057/887 890/1061/890 886/1055/886 
f 890/1061/890 891/1062/891 886/1055/886 
f 892/1063/892 885/1053/885 891/1062/891 
f 885/1053/885 886/1055/886 891/1062/891 
f 893/1064/893 884/1051/884 892/1063/892 
f 884/1051/884 885/1053/885 892/1063/892 
f 893/1064/893 681/813/681 883/1049/883 
f 681/813/681 882/1047/882 883/1049/883 
f 883/1049/883 884/1051/884 893/1064/893 
f 754/897/754 755/899/755 894/1065/894 
f 754/897/754 894/1065/894 776/1066/776 
f 755/899/755 756/901/756 895/1067/895 
f 755/899/755 895/1067/895 894/1065/894 
f 896/1068/896 895/1067/895 757/903/757 
f 895/1067/895 756/901/756 757/903/757 
f 757/903/757 758/905/758 897/1069/897 
f 757/903/757 897/1069/897 896/1068/896 
f 897/1069/897 758/905/758 770/920/770 
f 897/1069/897 770/920/770 898/1070/898 
f 894/1065/894 899/1071/899 776/1066/776 
f 899/1071/899 777/1072/777 776/1066/776 
f 894/1073/894 895/1074/895 900/1075/900 
f 894/1073/894 900/1075/900 899/1076/899 
f 896/1077/896 901/1078/901 895/1074/895 
f 901/1078/901 900/1075/900 895/1074/895 
f 901/1078/901 896/1077/896 902/1079/902 
f 896/1077/896 897/1080/897 902/1079/902 
f 897/1080/897 898/1081/898 902/1079/902 
f 898/1081/898 903/1082/903 902/1079/902 
f 904/1083/904 903/1082/903 905/1084/905 
f 903/1082/903 898/1081/898 905/1084/905 
f 771/922/771 898/1070/898 770/920/770 
f 771/1085/771 906/1086/906 905/1084/905 
f 771/1085/771 905/1084/905 898/1081/898 
f 772/1087/772 907/1088/907 906/1086/906 
f 772/1087/772 906/1086/906 771/1085/771 
f 908/1089/908 907/1088/907 773/1090/773 
f 907/1088/907 772/1087/772 773/1090/773 
f 909/1091/909 777/1072/777 910/1092/910 
f 777/1072/777 899/1071/899 910/1092/910 
f 911/1093/911 912/1094/912 913/1095/913 
f 912/1094/912 914/1096/914 913/1095/913 
f 915/1097/915 916/1098/916 912/1099/912 
f 915/1097/915 912/1099/912 911/1100/911 
f 910/1101/910 899/1076/899 917/1102/917 
f 899/1076/899 900/1075/900 917/1102/917 
f 918/1103/918 919/1104/919 915/1097/915 
f 919/1104/919 916/1098/916 915/1097/915 
f 920/1105/920 917/1102/917 900/1075/900 
f 920/1105/920 900/1075/900 901/1078/901 
f 901/1078/901 902/1079/902 921/1106/921 
f 901/1078/901 921/1106/921 920/1105/920 
f 922/1107/922 923/1108/923 919/1104/919 
f 922/1107/922 919/1104/919 918/1103/918 
f 924/1109/924 925/1110/925 923/1108/923 
f 925/1110/925 919/1104/919 923/1108/923 
f 925/1110/925 926/1111/926 919/1104/919 
f 926/1111/926 916/1098/916 919/1104/919 
f 926/1111/926 927/1112/927 916/1098/916 
f 927/1112/927 912/1099/912 916/1098/916 
f 928/1113/928 929/1114/929 927/1112/927 
f 928/1113/928 927/1112/927 926/1111/926 
f 930/1115/930 931/1116/931 932/1117/932 
f 914/1096/914 912/1094/912 933/1118/933 
f 912/1094/912 927/1119/927 933/1118/933 
f 929/1120/929 934/1121/934 933/1118/933 
f 929/1120/929 933/1118/933 927/1119/927 
f 935/1122/935 936/1123/936 937/1124/937 
f 935/1122/935 937/1124/937 938/1125/938 
f 939/1126/939 940/1127/940 930/1115/930 
f 940/1127/940 931/1116/931 930/1115/930 
f 928/1113/928 926/1111/926 941/1128/941 
f 926/1111/926 925/1110/925 941/1128/941 
f 942/1129/942 943/1130/943 939/1126/939 
f 943/1130/943 940/1127/940 939/1126/939 
f 944/1131/944 941/1128/941 925/1110/925 
f 944/1131/944 925/1110/925 924/1109/924 
f 921/1106/921 902/1079/902 945/1132/945 
f 902/1079/902 903/1082/903 945/1132/945 
f 946/1133/946 947/1134/947 923/1108/923 
f 946/1133/946 923/1108/923 922/1107/922 
f 948/1135/948 924/1109/924 947/1134/947 
f 924/1109/924 923/1108/923 947/1134/947 
f 948/1135/948 949/1136/949 944/1131/944 
f 948/1135/948 944/1131/944 924/1109/924 
f 942/1129/942 944/1131/944 950/1137/950 
f 944/1131/944 949/1136/949 950/1137/950 
f 951/1138/951 952/1139/952 953/1140/953 
f 952/1139/952 954/1141/954 953/1140/953 
f 954/1141/954 952/1139/952 955/1142/955 
f 954/1141/954 955/1142/955 956/1143/956 
f 957/1144/957 958/1145/958 952/1139/952 
f 958/1145/958 955/1142/955 952/1139/952 
f 959/1146/959 957/1144/957 951/1138/951 
f 957/1144/957 952/1139/952 951/1138/951 
f 903/1082/903 904/1083/904 960/1147/960 
f 903/1082/903 960/1147/960 945/1132/945 
f 961/1148/961 962/1149/962 947/1134/947 
f 961/1148/961 947/1134/947 946/1133/946 
f 962/1149/962 963/1150/963 948/1135/948 
f 962/1149/962 948/1135/948 947/1134/947 
f 948/1135/948 963/1150/963 964/1151/964 
f 948/1135/948 964/1151/964 949/1136/949 
f 907/1088/907 908/1089/908 965/1152/965 
f 907/1088/907 965/1152/965 966/1153/966 
f 906/1086/906 907/1088/907 967/1154/967 
f 907/1088/907 966/1153/966 967/1154/967 
f 906/1086/906 967/1154/967 968/1155/968 
f 906/1086/906 968/1155/968 905/1084/905 
f 905/1084/905 968/1155/968 904/1083/904 
f 968/1155/968 969/1156/969 904/1083/904 
f 969/1156/969 970/1157/970 904/1083/904 
f 970/1157/970 960/1147/960 904/1083/904 
f 961/1148/961 960/1147/960 970/1157/970 
f 961/1148/961 970/1157/970 971/1158/971 
f 972/1159/972 963/1150/963 962/1149/962 
f 972/1159/972 962/1149/962 973/1160/973 
f 964/1151/964 963/1150/963 974/1161/974 
f 963/1150/963 972/1159/972 974/1161/974 
f 974/1161/974 975/1162/975 964/1151/964 
f 975/1162/975 976/1163/976 964/1151/964 
f 977/1164/977 949/1136/949 976/1163/976 
f 949/1136/949 964/1151/964 976/1163/976 
f 978/1165/978 979/1166/979 959/1146/959 
f 979/1166/979 957/1144/957 959/1146/959 
f 980/1167/980 972/1168/972 981/1169/981 
f 972/1168/972 973/1170/973 981/1169/981 
f 946/1133/946 945/1132/945 960/1147/960 
f 946/1133/946 960/1147/960 961/1148/961 
f 982/1171/982 983/1172/983 984/1173/984 
f 982/1171/982 984/1173/984 985/1174/985 
f 983/1172/983 986/1175/986 987/1176/987 
f 983/1172/983 987/1176/987 984/1173/984 
f 988/1177/988 987/1176/987 986/1175/986 
f 988/1177/988 986/1175/986 989/1178/989 
f 988/1177/988 989/1178/989 990/1179/990 
f 989/1178/989 991/1180/991 990/1179/990 
f 992/1181/992 993/1182/993 994/1183/994 
f 993/1182/993 995/1184/995 994/1183/994 
f 996/1185/996 994/1183/994 995/1184/995 
f 996/1185/996 995/1184/995 997/1186/997 
f 997/1186/997 998/1187/998 999/1188/999 
f 997/1186/997 999/1188/999 996/1185/996 
f 999/1188/999 998/1187/998 1000/1189/1000 
f 998/1187/998 1001/1190/1001 1000/1189/1000 
f 1002/1191/1002 1000/1189/1000 1003/1192/1003 
f 1000/1189/1000 1001/1190/1001 1003/1192/1003 
f 1002/1191/1002 1003/1192/1003 989/1193/989 
f 1002/1191/1002 989/1193/989 986/1194/986 
f 1004/1195/1004 1005/1196/1005 983/1197/983 
f 1004/1195/1004 983/1197/983 982/1198/982 
f 1004/1195/1004 1006/1199/1006 1007/1200/1007 
f 1004/1195/1004 1007/1200/1007 1008/1201/1008 
f 1008/1201/1008 1007/1200/1007 1009/1202/1009 
f 1008/1201/1008 1009/1202/1009 1010/1203/1010 
f 1010/1203/1010 1009/1202/1009 1011/1204/1011 
f 1009/1202/1009 1012/1205/1012 1011/1204/1011 
f 1011/1204/1011 1012/1205/1012 1013/1206/1013 
f 1012/1205/1012 1014/1207/1014 1013/1206/1013 
f 1013/1206/1013 1014/1207/1014 1015/1208/1015 
f 1014/1207/1014 1016/1209/1016 1015/1208/1015 
f 1002/1191/1002 986/1194/986 1005/1196/1005 
f 986/1194/986 983/1197/983 1005/1196/1005 
f 1000/1189/1000 1002/1191/1002 1017/1210/1017 
f 1002/1191/1002 1005/1196/1005 1017/1210/1017 
f 999/1188/999 1000/1189/1000 1018/1211/1018 
f 1000/1189/1000 1017/1210/1017 1018/1211/1018 
f 996/1185/996 999/1188/999 1018/1211/1018 
f 996/1185/996 1018/1211/1018 1019/1212/1019 
f 1019/1212/1019 1020/1213/1020 994/1183/994 
f 1019/1212/1019 994/1183/994 996/1185/996 
f 992/1181/992 994/1183/994 1020/1213/1020 
f 992/1181/992 1020/1213/1020 1021/1214/1021 
f 989/1193/989 1003/1192/1003 991/1215/991 
f 1003/1192/1003 1022/1216/1022 991/1215/991 
f 1022/1216/1022 1003/1192/1003 1023/1217/1023 
f 1003/1192/1003 1001/1190/1001 1023/1217/1023 
f 1023/1217/1023 1001/1190/1001 1024/1218/1024 
f 1001/1190/1001 998/1187/998 1024/1218/1024 
f 997/1186/997 1025/1219/1025 1024/1218/1024 
f 997/1186/997 1024/1218/1024 998/1187/998 
f 997/1186/997 995/1184/995 1025/1219/1025 
f 995/1184/995 1026/1220/1026 1025/1219/1025 
f 993/1182/993 1027/1221/1027 995/1184/995 
f 1027/1221/1027 1026/1220/1026 995/1184/995 
f 971/1158/971 973/1160/973 961/1148/961 
f 973/1160/973 962/1149/962 961/1148/961 
f 922/1107/922 921/1106/921 945/1132/945 
f 922/1107/922 945/1132/945 946/1133/946 
f 918/1103/918 920/1105/920 921/1106/921 
f 918/1103/918 921/1106/921 922/1107/922 
f 915/1097/915 917/1102/917 920/1105/920 
f 915/1097/915 920/1105/920 918/1103/918 
f 911/1100/911 910/1101/910 915/1097/915 
f 910/1101/910 917/1102/917 915/1097/915 
f 913/1095/913 909/1091/909 911/1093/911 
f 909/1091/909 910/1092/910 911/1093/911 
f 1013/1206/1013 1020/1213/1020 1011/1204/1011 
f 1020/1213/1020 1019/1212/1019 1011/1204/1011 
f 1011/1204/1011 1019/1212/1019 1010/1203/1010 
f 1019/1212/1019 1018/1211/1018 1010/1203/1010 
f 1010/1203/1010 1018/1211/1018 1017/1210/1017 
f 1010/1203/1010 1017/1210/1017 1008/1201/1008 
f 1008/1201/1008 1017/1210/1017 1005/1196/1005 
f 1008/1201/1008 1005/1196/1005 1004/1195/1004 
f 982/1198/982 1028/1222/1028 1006/1199/1006 
f 982/1198/982 1006/1199/1006 1004/1195/1004 
f 1015/1208/1015 1021/1214/1021 1013/1206/1013 
f 1021/1214/1021 1020/1213/1020 1013/1206/1013 
f 985/1174/985 1029/1223/1029 1028/1224/1028 
f 985/1174/985 1028/1224/1028 982/1171/982 
f 1029/1223/1029 1030/1225/1030 1028/1224/1028 
f 1030/1225/1030 971/1226/971 1028/1224/1028 
f 1030/1225/1030 981/1169/981 973/1170/973 
f 1030/1225/1030 973/1170/973 971/1226/971 
f 970/1157/970 1006/1199/1006 1028/1222/1028 
f 970/1157/970 1028/1222/1028 971/1158/971 
f 1007/1200/1007 1006/1199/1006 969/1156/969 
f 1006/1199/1006 970/1157/970 969/1156/969 
f 969/1156/969 968/1155/968 1007/1200/1007 
f 968/1155/968 1009/1202/1009 1007/1200/1007 
f 968/1155/968 967/1154/967 1009/1202/1009 
f 967/1154/967 1012/1205/1012 1009/1202/1009 
f 1012/1205/1012 967/1154/967 1014/1207/1014 
f 967/1154/967 966/1153/966 1014/1207/1014 
f 965/1152/965 1016/1209/1016 966/1153/966 
f 1016/1209/1016 1014/1207/1014 966/1153/966 
f 990/1179/990 991/1180/991 1031/1227/1031 
f 991/1180/991 1032/1228/1032 1031/1227/1031 
f 1033/1229/1033 1031/1227/1031 1032/1228/1032 
f 1033/1229/1033 1032/1228/1032 1034/1230/1034 
f 1034/1230/1034 1035/1231/1035 1033/1229/1033 
f 1035/1231/1035 1036/1232/1036 1033/1229/1033 
f 1037/1233/1037 1038/1234/1038 1039/1235/1039 
f 1037/1233/1037 1039/1235/1039 1040/1236/1040 
f 1041/1237/1041 1042/1238/1042 1038/1234/1038 
f 1042/1238/1042 1039/1235/1039 1038/1234/1038 
f 1043/1239/1043 1044/1240/1044 1041/1237/1041 
f 1044/1240/1044 1042/1238/1042 1041/1237/1041 
f 1045/1241/1045 1046/1242/1046 1047/1243/1047 
f 1046/1242/1046 1048/1244/1048 1047/1243/1047 
f 979/1245/979 1049/1246/1049 1046/1242/1046 
f 979/1245/979 1046/1242/1046 1050/1247/1050 
f 974/1248/974 972/1168/972 1051/1249/1051 
f 972/1168/972 980/1167/980 1051/1249/1051 
f 975/1250/975 974/1248/974 1052/1251/1052 
f 974/1248/974 1051/1249/1051 1052/1251/1052 
f 1053/1252/1053 1049/1246/1049 978/1253/978 
f 1049/1246/1049 979/1245/979 978/1253/978 
f 1054/1254/1054 1034/1255/1034 1055/1256/1055 
f 1034/1255/1034 1032/1257/1032 1055/1256/1055 
f 991/1215/991 1022/1216/1022 1032/1257/1032 
f 1022/1216/1022 1055/1256/1055 1032/1257/1032 
f 1056/1258/1056 1057/1259/1057 1037/1260/1037 
f 1057/1259/1057 1038/1261/1038 1037/1260/1037 
f 1054/1254/1054 1058/1262/1058 1035/1263/1035 
f 1054/1254/1054 1035/1263/1035 1034/1255/1034 
f 1059/1264/1059 1060/1265/1060 1057/1259/1057 
f 1060/1265/1060 1038/1261/1038 1057/1259/1057 
f 1038/1261/1038 1060/1265/1060 1041/1266/1041 
f 1060/1265/1060 1061/1267/1061 1041/1266/1041 
f 1061/1267/1061 1062/1268/1062 1043/1269/1043 
f 1061/1267/1061 1043/1269/1043 1041/1266/1041 
f 1063/1270/1063 1043/1269/1043 1064/1271/1064 
f 1043/1269/1043 1062/1268/1062 1064/1271/1064 
f 957/1144/957 979/1166/979 1050/1272/1050 
f 957/1144/957 1050/1272/1050 958/1145/958 
f 1065/1273/1065 1066/1274/1066 1060/1265/1060 
f 1065/1273/1065 1060/1265/1060 1059/1264/1059 
f 1066/1274/1066 1065/1273/1065 1067/1275/1067 
f 1065/1273/1065 1068/1276/1068 1067/1275/1067 
f 1068/1276/1068 1069/1277/1069 1070/1278/1070 
f 1068/1276/1068 1070/1278/1070 1067/1275/1067 
f 1071/1279/1071 1072/1280/1072 1067/1275/1067 
f 1071/1279/1071 1067/1275/1067 1070/1278/1070 
f 1061/1267/1061 1060/1265/1060 1066/1274/1066 
f 1061/1267/1061 1066/1274/1066 1073/1281/1073 
f 1067/1275/1067 1072/1280/1072 1073/1281/1073 
f 1067/1275/1067 1073/1281/1073 1066/1274/1066 
f 1073/1281/1073 1074/1282/1074 1062/1268/1062 
f 1073/1281/1073 1062/1268/1062 1061/1267/1061 
f 1073/1281/1073 1072/1280/1072 1074/1282/1074 
f 1072/1280/1072 1075/1283/1075 1074/1282/1074 
f 1072/1280/1072 1071/1279/1071 1076/1284/1076 
f 1072/1280/1072 1076/1284/1076 1075/1283/1075 
f 1077/1285/1077 1075/1283/1075 1078/1286/1078 
f 1075/1283/1075 1076/1284/1076 1078/1286/1078 
f 1079/1287/1079 1074/1282/1074 1075/1283/1075 
f 1079/1287/1079 1075/1283/1075 1077/1285/1077 
f 1064/1271/1064 1062/1268/1062 1079/1287/1079 
f 1062/1268/1062 1074/1282/1074 1079/1287/1079 
f 939/1126/939 941/1128/941 942/1129/942 
f 941/1128/941 944/1131/944 942/1129/942 
f 950/1137/950 1080/1288/1080 942/1129/942 
f 1080/1288/1080 943/1130/943 942/1129/942 
f 930/1115/930 928/1113/928 939/1126/939 
f 928/1113/928 941/1128/941 939/1126/939 
f 932/1117/932 929/1114/929 930/1115/930 
f 929/1114/929 928/1113/928 930/1115/930 
f 1081/1289/1081 934/1121/934 932/1290/932 
f 934/1121/934 929/1120/929 932/1290/932 
f 977/1164/977 1082/1291/1082 950/1137/950 
f 977/1164/977 950/1137/950 949/1136/949 
f 956/1143/956 1083/1292/1083 954/1141/954 
f 1083/1292/1083 1084/1293/1084 954/1141/954 
f 953/1140/953 954/1141/954 1084/1293/1084 
f 953/1140/953 1084/1293/1084 1085/1294/1085 
f 1080/1288/1080 950/1137/950 1086/1295/1086 
f 950/1137/950 1082/1291/1082 1086/1295/1086 
f 1087/1296/1087 1088/1297/1088 1069/1277/1069 
f 1087/1296/1087 1069/1277/1069 1068/1276/1068 
f 1087/1296/1087 1068/1276/1068 1089/1298/1089 
f 1068/1276/1068 1065/1273/1065 1089/1298/1089 
f 1090/1299/1090 1089/1298/1089 1059/1264/1059 
f 1089/1298/1089 1065/1273/1065 1059/1264/1059 
f 1059/1264/1059 1057/1259/1057 1090/1299/1090 
f 1057/1259/1057 1091/1300/1091 1090/1299/1090 
f 1056/1258/1056 1058/1262/1058 1092/1301/1092 
f 1056/1258/1056 1092/1301/1092 1093/1302/1093 
f 1058/1262/1058 1094/1303/1094 1092/1301/1092 
f 1094/1303/1094 1095/1304/1095 1092/1301/1092 
f 1095/1304/1095 1094/1303/1094 1096/1305/1096 
f 1095/1304/1095 1096/1305/1096 1097/1306/1097 
f 1098/1307/1098 1097/1306/1097 1099/1308/1099 
f 1097/1306/1097 1096/1305/1096 1099/1308/1099 
f 1100/1309/1100 1054/1254/1054 1101/1310/1101 
f 1054/1254/1054 1055/1256/1055 1101/1310/1101 
f 1055/1256/1055 1022/1216/1022 1101/1310/1101 
f 1022/1216/1022 1023/1217/1023 1101/1310/1101 
f 1054/1254/1054 1100/1309/1100 1094/1303/1094 
f 1054/1254/1054 1094/1303/1094 1058/1262/1058 
f 1037/1260/1037 1035/1263/1035 1056/1258/1056 
f 1035/1263/1035 1058/1262/1058 1056/1258/1056 
f 1093/1302/1093 1091/1300/1091 1056/1258/1056 
f 1091/1300/1091 1057/1259/1057 1056/1258/1056 
f 1040/1311/1040 1036/1232/1036 1037/1312/1037 
f 1036/1232/1036 1035/1231/1035 1037/1312/1037 
f 1101/1310/1101 1102/1313/1102 1100/1309/1100 
f 1102/1313/1102 1103/1314/1103 1100/1309/1100 
f 1024/1218/1024 1102/1313/1102 1023/1217/1023 
f 1102/1313/1102 1101/1310/1101 1023/1217/1023 
f 1094/1303/1094 1100/1309/1100 1096/1305/1096 
f 1100/1309/1100 1103/1314/1103 1096/1305/1096 
f 1103/1314/1103 1102/1313/1102 1104/1315/1104 
f 1102/1313/1102 1105/1316/1105 1104/1315/1104 
f 1025/1219/1025 1105/1316/1105 1024/1218/1024 
f 1105/1316/1105 1102/1313/1102 1024/1218/1024 
f 1025/1219/1025 1026/1220/1026 1106/1317/1106 
f 1025/1219/1025 1106/1317/1106 1105/1316/1105 
f 1026/1220/1026 1027/1221/1027 1107/1318/1107 
f 1026/1220/1026 1107/1318/1107 1106/1317/1106 
f 1107/1318/1107 1108/1319/1108 1106/1317/1106 
f 1108/1319/1108 1109/1320/1109 1106/1317/1106 
f 1104/1315/1104 1105/1316/1105 1109/1320/1109 
f 1105/1316/1105 1106/1317/1106 1109/1320/1109 
f 1110/1321/1110 1111/1322/1111 1112/1323/1112 
f 1111/1322/1111 1113/1324/1113 1112/1323/1112 
f 1099/1308/1099 1096/1305/1096 1103/1314/1103 
f 1099/1308/1099 1103/1314/1103 1104/1315/1104 
f 1112/1323/1112 1098/1307/1098 1110/1321/1110 
f 1098/1307/1098 1099/1308/1099 1110/1321/1110 
f 1099/1308/1099 1104/1315/1104 1110/1321/1110 
f 1104/1315/1104 1109/1320/1109 1110/1321/1110 
f 1108/1319/1108 1111/1322/1111 1109/1320/1109 
f 1111/1322/1111 1110/1321/1110 1109/1320/1109 
f 1112/1323/1112 1113/1324/1113 1114/1325/1114 
f 1113/1324/1113 1115/1326/1115 1114/1325/1114 
f 1114/1325/1114 1116/1327/1116 1112/1323/1112 
f 1116/1327/1116 1098/1307/1098 1112/1323/1112 
f 1117/1328/1117 1097/1306/1097 1098/1307/1098 
f 1117/1328/1117 1098/1307/1098 1116/1327/1116 
f 1097/1306/1097 1117/1328/1117 1118/1329/1118 
f 1097/1306/1097 1118/1329/1118 1095/1304/1095 
f 1092/1301/1092 1095/1304/1095 1119/1330/1119 
f 1095/1304/1095 1118/1329/1118 1119/1330/1119 
f 1093/1302/1093 1092/1301/1092 1119/1330/1119 
f 1093/1302/1093 1119/1330/1119 1120/1331/1120 
f 1120/1331/1120 1121/1332/1121 1091/1300/1091 
f 1120/1331/1120 1091/1300/1091 1093/1302/1093 
f 1087/1296/1087 1122/1333/1122 1088/1297/1088 
f 1122/1333/1122 1123/1334/1123 1088/1297/1088 
f 1089/1298/1089 1124/1335/1124 1122/1333/1122 
f 1089/1298/1089 1122/1333/1122 1087/1296/1087 
f 1124/1335/1124 1089/1298/1089 1090/1299/1090 
f 1124/1335/1124 1090/1299/1090 1125/1336/1125 
f 1090/1299/1090 1091/1300/1091 1121/1332/1121 
f 1090/1299/1090 1121/1332/1121 1125/1336/1125 
f 1126/1337/1126 1127/1338/1127 1115/1339/1115 
f 1127/1338/1127 1114/1340/1114 1115/1339/1115 
f 1116/1341/1116 1114/1340/1114 1127/1338/1127 
f 1116/1341/1116 1127/1338/1127 1128/1342/1128 
f 1129/1343/1129 1117/1344/1117 1128/1342/1128 
f 1117/1344/1117 1116/1341/1116 1128/1342/1128 
f 1129/1343/1129 1130/1345/1130 1117/1344/1117 
f 1130/1345/1130 1118/1346/1118 1117/1344/1117 
f 1119/1347/1119 1118/1346/1118 1131/1348/1131 
f 1118/1346/1118 1130/1345/1130 1131/1348/1131 
f 1132/1349/1132 1120/1350/1120 1119/1347/1119 
f 1132/1349/1132 1119/1347/1119 1131/1348/1131 
f 1121/1351/1121 1120/1350/1120 1132/1349/1132 
f 1121/1351/1121 1132/1349/1132 1133/1352/1133 
f 1125/1353/1125 1121/1351/1121 1133/1352/1133 
f 1125/1353/1125 1133/1352/1133 1134/1354/1134 
f 1124/1355/1124 1125/1353/1125 1135/1356/1135 
f 1125/1353/1125 1134/1354/1134 1135/1356/1135 
f 1136/1357/1136 1122/1358/1122 1124/1355/1124 
f 1136/1357/1136 1124/1355/1124 1135/1356/1135 
f 1137/1359/1137 1123/1360/1123 1122/1358/1122 
f 1137/1359/1137 1122/1358/1122 1136/1357/1136 
f 988/1177/988 1138/1361/1138 987/1176/987 
f 1138/1361/1138 1139/1362/1139 987/1176/987 
f 1139/1362/1139 1138/1361/1138 1140/1363/1140 
f 1139/1362/1139 1140/1363/1140 1141/1364/1141 
f 1141/1364/1141 1142/1365/1142 1139/1362/1139 
f 1142/1365/1142 1143/1366/1143 1139/1362/1139 
f 1144/1367/1144 1145/1368/1145 1146/1369/1146 
f 1145/1368/1145 1147/1370/1147 1146/1369/1146 
f 1147/1370/1147 1148/1371/1148 1149/1372/1149 
f 1147/1370/1147 1149/1372/1149 1146/1369/1146 
f 1150/1373/1150 1149/1372/1149 1151/1374/1151 
f 1149/1372/1149 1148/1371/1148 1151/1374/1151 
f 1150/1373/1150 1151/1374/1151 1152/1375/1152 
f 1150/1373/1150 1152/1375/1152 1153/1376/1153 
f 1048/1244/1048 1154/1377/1154 1153/1376/1153 
f 1048/1244/1048 1153/1376/1153 1152/1375/1152 
f 1052/1251/1052 1155/1378/1155 975/1250/975 
f 1155/1378/1155 1156/1379/1156 975/1250/975 
f 1049/1246/1049 1154/1377/1154 1046/1242/1046 
f 1154/1377/1154 1048/1244/1048 1046/1242/1046 
f 1157/1380/1157 1158/1381/1158 981/1169/981 
f 1158/1381/1158 980/1167/980 981/1169/981 
f 1159/1382/1159 1160/1383/1160 1157/1380/1157 
f 1160/1383/1160 1158/1381/1158 1157/1380/1157 
f 1161/1384/1161 1162/1385/1162 1163/1386/1163 
f 1162/1385/1162 1164/1387/1164 1163/1386/1163 
f 1165/1388/1165 1166/1389/1166 1146/1369/1146 
f 1165/1388/1165 1146/1369/1146 1149/1372/1149 
f 1143/1366/1143 984/1173/984 987/1176/987 
f 1143/1366/1143 987/1176/987 1139/1362/1139 
f 985/1174/985 984/1173/984 1143/1366/1143 
f 985/1174/985 1143/1366/1143 1167/1390/1167 
f 1029/1223/1029 985/1174/985 1168/1391/1168 
f 985/1174/985 1167/1390/1167 1168/1391/1168 
f 1169/1392/1169 1030/1225/1030 1168/1391/1168 
f 1030/1225/1030 1029/1223/1029 1168/1391/1168 
f 1030/1225/1030 1169/1392/1169 1157/1380/1157 
f 1030/1225/1030 1157/1380/1157 981/1169/981 
f 1164/1387/1164 1159/1382/1159 1157/1380/1157 
f 1164/1387/1164 1157/1380/1157 1169/1392/1169 
f 1168/1391/1168 1163/1386/1163 1169/1392/1169 
f 1163/1386/1163 1164/1387/1164 1169/1392/1169 
f 1168/1391/1168 1167/1390/1167 1163/1386/1163 
f 1167/1390/1167 1170/1393/1170 1163/1386/1163 
f 1167/1390/1167 1143/1366/1143 1170/1393/1170 
f 1143/1366/1143 1142/1365/1142 1170/1393/1170 
f 1141/1364/1141 1140/1363/1140 1144/1367/1144 
f 1140/1363/1140 1145/1368/1145 1144/1367/1144 
f 1142/1365/1142 1141/1364/1141 1171/1394/1171 
f 1141/1364/1141 1144/1367/1144 1171/1394/1171 
f 1144/1367/1144 1146/1369/1146 1166/1389/1166 
f 1144/1367/1144 1166/1389/1166 1171/1394/1171 
f 1172/1395/1172 1170/1393/1170 1142/1365/1142 
f 1172/1395/1172 1142/1365/1142 1171/1394/1171 
f 1173/1396/1173 1166/1389/1166 1174/1397/1174 
f 1166/1389/1166 1165/1388/1165 1174/1397/1174 
f 1172/1395/1172 1171/1394/1171 1173/1396/1173 
f 1171/1394/1171 1166/1389/1166 1173/1396/1173 
f 1170/1393/1170 1172/1395/1172 1163/1386/1163 
f 1172/1395/1172 1161/1384/1161 1163/1386/1163 
f 1175/1398/1175 1173/1396/1173 1174/1397/1174 
f 1175/1398/1175 1174/1397/1174 1176/1399/1176 
f 1173/1396/1173 1175/1398/1175 1161/1384/1161 
f 1173/1396/1173 1161/1384/1161 1172/1395/1172 
f 1161/1384/1161 1175/1398/1175 1162/1385/1162 
f 1175/1398/1175 1177/1400/1177 1162/1385/1162 
f 1162/1385/1162 1177/1400/1177 1159/1382/1159 
f 1162/1385/1162 1159/1382/1159 1164/1387/1164 
f 1177/1400/1177 1175/1398/1175 1176/1399/1176 
f 1177/1400/1177 1176/1399/1176 1178/1401/1178 
f 1178/1401/1178 1160/1383/1160 1159/1382/1159 
f 1178/1401/1178 1159/1382/1159 1177/1400/1177 
f 1179/1402/1179 1180/1403/1180 1160/1383/1160 
f 1179/1402/1179 1160/1383/1160 1178/1401/1178 
f 1181/1404/1181 1158/1381/1158 1180/1403/1180 
f 1158/1381/1158 1160/1383/1160 1180/1403/1180 
f 1181/1404/1181 1051/1249/1051 980/1167/980 
f 1181/1404/1181 980/1167/980 1158/1381/1158 
f 1182/1405/1182 1179/1402/1179 1176/1399/1176 
f 1179/1402/1179 1178/1401/1178 1176/1399/1176 
f 1182/1405/1182 1183/1406/1183 1180/1403/1180 
f 1182/1405/1182 1180/1403/1180 1179/1402/1179 
f 1181/1404/1181 1180/1403/1180 1184/1407/1184 
f 1180/1403/1180 1183/1406/1183 1184/1407/1184 
f 1051/1249/1051 1181/1404/1181 1184/1407/1184 
f 1051/1249/1051 1184/1407/1184 1052/1251/1052 
f 1185/1408/1185 1154/1377/1154 1053/1252/1053 
f 1154/1377/1154 1049/1246/1049 1053/1252/1053 
f 951/1138/951 953/1140/953 1186/1409/1186 
f 951/1138/951 1186/1409/1186 1187/1410/1187 
f 1174/1397/1174 1188/1411/1188 1182/1405/1182 
f 1174/1397/1174 1182/1405/1182 1176/1399/1176 
f 1189/1412/1189 1188/1411/1188 1165/1388/1165 
f 1188/1411/1188 1174/1397/1174 1165/1388/1165 
f 1165/1388/1165 1149/1372/1149 1189/1412/1189 
f 1149/1372/1149 1150/1373/1150 1189/1412/1189 
f 1150/1373/1150 1153/1376/1153 1189/1412/1189 
f 1153/1376/1153 1190/1413/1190 1189/1412/1189 
f 959/1146/959 951/1138/951 1187/1410/1187 
f 959/1146/959 1187/1410/1187 1191/1414/1191 
f 1190/1413/1190 1153/1376/1153 1154/1377/1154 
f 1190/1413/1190 1154/1377/1154 1185/1408/1185 
f 978/1165/978 959/1146/959 1191/1414/1191 
f 978/1165/978 1191/1414/1191 1156/1415/1156 
f 1053/1252/1053 978/1253/978 1156/1379/1156 
f 1053/1252/1053 1156/1379/1156 1155/1378/1155 
f 1185/1408/1185 1053/1252/1053 1155/1378/1155 
f 1185/1408/1185 1155/1378/1155 1192/1416/1192 
f 1185/1408/1185 1192/1416/1192 1193/1417/1193 
f 1185/1408/1185 1193/1417/1193 1190/1413/1190 
f 1184/1407/1184 1192/1416/1192 1052/1251/1052 
f 1192/1416/1192 1155/1378/1155 1052/1251/1052 
f 1183/1406/1183 1193/1417/1193 1192/1416/1192 
f 1183/1406/1183 1192/1416/1192 1184/1407/1184 
f 1193/1417/1193 1188/1411/1188 1190/1413/1190 
f 1188/1411/1188 1189/1412/1189 1190/1413/1190 
f 953/1140/953 1085/1294/1085 1186/1409/1186 
f 1085/1294/1085 1194/1418/1194 1186/1409/1186 
f 1188/1411/1188 1193/1417/1193 1183/1406/1183 
f 1188/1411/1188 1183/1406/1183 1182/1405/1182 
f 975/1162/975 1156/1415/1156 976/1163/976 
f 1156/1415/1156 1191/1414/1191 976/1163/976 
f 1191/1414/1191 1187/1410/1187 977/1164/977 
f 1191/1414/1191 977/1164/977 976/1163/976 
f 1186/1409/1186 1082/1291/1082 977/1164/977 
f 1186/1409/1186 977/1164/977 1187/1410/1187 
f 1082/1291/1082 1186/1409/1186 1194/1418/1194 
f 1082/1291/1082 1194/1418/1194 1086/1295/1086 
f 1140/1363/1140 1138/1361/1138 1195/1419/1195 
f 1138/1361/1138 1196/1420/1196 1195/1419/1195 
f 1196/1420/1196 1138/1361/1138 988/1177/988 
f 1140/1363/1140 1195/1419/1195 1197/1421/1197 
f 1140/1363/1140 1197/1421/1197 1145/1368/1145 
f 1145/1368/1145 1197/1421/1197 1147/1370/1147 
f 1197/1421/1197 1198/1422/1198 1147/1370/1147 
f 1199/1423/1199 1148/1371/1148 1198/1422/1198 
f 1148/1371/1148 1147/1370/1147 1198/1422/1198 
f 1148/1371/1148 1199/1423/1199 1151/1374/1151 
f 1199/1423/1199 1200/1424/1200 1151/1374/1151 
f 1151/1374/1151 1200/1424/1200 1201/1425/1201 
f 1151/1374/1151 1201/1425/1201 1152/1375/1152 
f 1048/1244/1048 1152/1375/1152 1047/1243/1047 
f 1152/1375/1152 1201/1425/1201 1047/1243/1047 
f 1050/1247/1050 1046/1242/1046 1045/1241/1045 
f 1202/1426/1202 1044/1240/1044 1043/1239/1043 
f 1202/1426/1202 1043/1239/1043 1063/1427/1063 
f 1064/1271/1064 958/1145/958 1063/1270/1063 
f 958/1145/958 1050/1272/1050 1063/1270/1063 
f 1079/1287/1079 955/1142/955 1064/1271/1064 
f 955/1142/955 958/1145/958 1064/1271/1064 
f 1077/1285/1077 956/1143/956 1079/1287/1079 
f 956/1143/956 955/1142/955 1079/1287/1079 
f 1078/1286/1078 1083/1292/1083 1077/1285/1077 
f 1083/1292/1083 956/1143/956 1077/1285/1077 
f 1050/1247/1050 1045/1241/1045 1202/1426/1202 
f 1050/1247/1050 1202/1426/1202 1063/1427/1063 
f 1203/1428/1203 1204/1429/1204 1199/1423/1199 
f 1203/1428/1203 1199/1423/1199 1198/1422/1198 
f 1205/1430/1205 1206/1431/1206 1207/1432/1207 
f 1206/1431/1206 1208/1433/1208 1207/1432/1207 
f 1207/1432/1207 1208/1433/1208 1209/1434/1209 
f 1207/1432/1207 1209/1434/1209 1210/1435/1210 
f 1211/1436/1211 1212/1437/1212 1213/1438/1213 
f 1212/1437/1212 1214/1439/1214 1213/1438/1213 
f 1203/1428/1203 1198/1422/1198 1215/1440/1215 
f 1198/1422/1198 1216/1441/1216 1215/1440/1215 
f 1215/1440/1215 1216/1441/1216 1217/1442/1217 
f 1215/1440/1215 1217/1442/1217 1218/1443/1218 
f 1198/1422/1198 1197/1421/1197 1216/1441/1216 
f 1219/1444/1219 1220/1445/1220 1221/1446/1221 
f 1220/1445/1220 1222/1447/1222 1221/1446/1221 
f 1196/1420/1196 1223/1448/1223 1195/1419/1195 
f 1196/1420/1196 990/1179/990 1224/1449/1224 
f 1196/1420/1196 1224/1449/1224 1223/1448/1223 
f 1216/1441/1216 1197/1421/1197 1225/1450/1225 
f 1216/1441/1216 1225/1450/1225 1217/1442/1217 
f 1226/1451/1226 1218/1443/1218 1227/1452/1227 
f 1218/1443/1218 1217/1442/1217 1227/1452/1227 
f 1227/1452/1227 1217/1442/1217 1228/1453/1228 
f 1217/1442/1217 1225/1450/1225 1228/1453/1228 
f 1229/1454/1229 1230/1455/1230 1231/1456/1231 
f 1229/1454/1229 1231/1456/1231 1232/1457/1232 
f 1211/1436/1211 1042/1238/1042 1212/1437/1212 
f 1042/1238/1042 1044/1240/1044 1212/1437/1212 
f 1197/1421/1197 1195/1419/1195 1225/1450/1225 
f 1195/1419/1195 1223/1448/1223 1225/1450/1225 
f 990/1179/990 1196/1420/1196 988/1177/988 
f 1228/1453/1228 1225/1450/1225 1223/1448/1223 
f 1228/1453/1228 1223/1448/1223 1224/1449/1224 
f 1233/1458/1233 1224/1449/1224 990/1179/990 
f 1233/1458/1233 990/1179/990 1031/1227/1031 
f 1233/1458/1233 1234/1459/1234 1224/1449/1224 
f 1234/1459/1234 1228/1453/1228 1224/1449/1224 
f 1033/1229/1033 1235/1460/1235 1031/1227/1031 
f 1235/1460/1235 1233/1458/1233 1031/1227/1031 
f 1235/1460/1235 1236/1461/1236 1234/1459/1234 
f 1235/1460/1235 1234/1459/1234 1233/1458/1233 
f 1236/1461/1236 1237/1462/1237 1238/1463/1238 
f 1236/1461/1236 1238/1463/1238 1234/1459/1234 
f 1228/1453/1228 1234/1459/1234 1227/1452/1227 
f 1234/1459/1234 1238/1463/1238 1227/1452/1227 
f 1239/1464/1239 1235/1460/1235 1033/1229/1033 
f 1239/1464/1239 1033/1229/1033 1036/1232/1036 
f 1240/1465/1240 1237/1462/1237 1241/1466/1241 
f 1237/1462/1237 1236/1461/1236 1241/1466/1241 
f 1236/1461/1236 1235/1460/1235 1239/1464/1239 
f 1236/1461/1236 1239/1464/1239 1241/1466/1241 
f 1237/1462/1237 1240/1465/1240 1242/1467/1242 
f 1237/1462/1237 1242/1467/1242 1243/1468/1243 
f 1244/1469/1244 1238/1463/1238 1237/1462/1237 
f 1244/1469/1244 1237/1462/1237 1243/1468/1243 
f 1227/1452/1227 1238/1463/1238 1226/1451/1226 
f 1238/1463/1238 1244/1469/1244 1226/1451/1226 
f 1245/1470/1245 1203/1428/1203 1246/1471/1246 
f 1203/1428/1203 1215/1440/1215 1246/1471/1246 
f 1203/1428/1203 1245/1470/1245 1204/1429/1204 
f 1245/1470/1245 1247/1472/1247 1204/1429/1204 
f 1232/1457/1232 1231/1456/1231 1248/1473/1248 
f 1232/1457/1232 1248/1473/1248 1249/1474/1249 
f 1249/1474/1249 1248/1473/1248 1250/1475/1250 
f 1248/1473/1248 1251/1476/1251 1250/1475/1250 
f 1214/1439/1214 1252/1477/1252 1253/1478/1253 
f 1214/1439/1214 1253/1478/1253 1213/1438/1213 
f 1254/1479/1254 1255/1480/1255 1256/1481/1256 
f 1254/1479/1254 1256/1481/1256 1257/1482/1257 
f 1250/1475/1250 1251/1476/1251 1258/1483/1258 
f 1251/1476/1251 1259/1484/1259 1258/1483/1258 
f 1260/1485/1260 1261/1486/1261 1262/1487/1262 
f 1263/1488/1263 1264/1489/1264 1206/1431/1206 
f 1263/1488/1263 1206/1431/1206 1265/1490/1265 
f 1266/1491/1266 1262/1487/1262 1267/1492/1267 
f 1262/1487/1262 1261/1486/1261 1267/1492/1267 
f 1268/1493/1268 1269/1494/1269 1270/1495/1270 
f 1268/1493/1268 1270/1495/1270 1271/1496/1271 
f 1261/1486/1261 1260/1485/1260 1272/1497/1272 
f 1260/1485/1260 1273/1498/1273 1272/1497/1272 
f 1274/1499/1274 1256/1481/1256 1255/1480/1255 
f 1274/1499/1274 1255/1480/1255 1275/1500/1275 
f 1276/1501/1276 1277/1502/1277 1275/1500/1275 
f 1276/1501/1276 1275/1500/1275 1255/1480/1255 
f 1278/1503/1278 1276/1501/1276 1255/1480/1255 
f 1278/1503/1278 1255/1480/1255 1254/1479/1254 
f 1274/1499/1274 1253/1478/1253 1256/1481/1256 
f 1253/1478/1253 1252/1477/1252 1256/1481/1256 
f 1265/1490/1265 1206/1431/1206 1205/1430/1205 
f 1265/1490/1265 1205/1430/1205 1279/1504/1279 
f 1257/1482/1257 1256/1481/1256 1252/1477/1252 
f 1257/1482/1257 1252/1477/1252 1280/1505/1280 
f 1280/1505/1280 1252/1477/1252 1214/1439/1214 
f 1280/1505/1280 1214/1439/1214 1281/1506/1281 
f 1219/1444/1219 1246/1471/1246 1215/1440/1215 
f 1219/1444/1219 1215/1440/1215 1218/1443/1218 
f 1220/1445/1220 1219/1444/1219 1226/1451/1226 
f 1219/1444/1219 1218/1443/1218 1226/1451/1226 
f 1282/1507/1282 1220/1445/1220 1244/1469/1244 
f 1220/1445/1220 1226/1451/1226 1244/1469/1244 
f 1244/1469/1244 1243/1468/1243 1282/1507/1282 
f 1243/1468/1243 1283/1508/1283 1282/1507/1282 
f 1284/1509/1284 1283/1508/1283 1243/1468/1243 
f 1284/1509/1284 1243/1468/1243 1242/1467/1242 
f 1210/1435/1210 1209/1434/1209 1258/1483/1258 
f 1209/1434/1209 1285/1510/1285 1258/1483/1258 
f 1286/1511/1286 1287/1512/1287 1288/1513/1288 
f 1286/1511/1286 1288/1513/1288 1289/1514/1289 
f 1290/1515/1290 1291/1516/1291 1278/1503/1278 
f 1292/1517/1292 1293/1518/1293 1276/1501/1276 
f 1292/1517/1292 1276/1501/1276 1278/1503/1278 
f 1294/1519/1294 1277/1502/1277 1293/1518/1293 
f 1277/1502/1277 1276/1501/1276 1293/1518/1293 
f 1262/1487/1262 1286/1511/1286 1260/1485/1260 
f 1286/1511/1286 1289/1514/1289 1260/1485/1260 
f 1288/1513/1288 1295/1520/1295 1289/1514/1289 
f 1295/1520/1295 1279/1504/1279 1289/1514/1289 
f 1296/1521/1296 1265/1490/1265 1295/1520/1295 
f 1265/1490/1265 1279/1504/1279 1295/1520/1295 
f 1297/1522/1297 1289/1514/1289 1279/1504/1279 
f 1297/1522/1297 1279/1504/1279 1205/1430/1205 
f 1278/1503/1278 1287/1512/1287 1290/1515/1290 
f 1287/1512/1287 1286/1511/1286 1290/1515/1290 
f 1254/1479/1254 1298/1523/1298 1287/1512/1287 
f 1254/1479/1254 1287/1512/1287 1278/1503/1278 
f 1257/1482/1257 1299/1524/1299 1254/1479/1254 
f 1299/1524/1299 1298/1523/1298 1254/1479/1254 
f 1280/1505/1280 1300/1525/1300 1257/1482/1257 
f 1300/1525/1300 1299/1524/1299 1257/1482/1257 
f 1281/1506/1281 1301/1526/1301 1280/1505/1280 
f 1301/1526/1301 1300/1525/1300 1280/1505/1280 
f 1267/1492/1267 1270/1495/1270 1266/1491/1266 
f 1270/1495/1270 1269/1494/1269 1266/1491/1266 
f 1302/1527/1302 1263/1488/1263 1296/1521/1296 
f 1263/1488/1263 1265/1490/1265 1296/1521/1296 
f 1302/1527/1302 1303/1528/1303 1304/1529/1304 
f 1302/1527/1302 1304/1529/1304 1263/1488/1263 
f 1271/1496/1271 1305/1530/1305 1306/1531/1306 
f 1271/1496/1271 1306/1531/1306 1268/1493/1268 
f 1273/1498/1273 1260/1485/1260 1297/1522/1297 
f 1260/1485/1260 1289/1514/1289 1297/1522/1297 
f 1278/1503/1278 1291/1516/1291 1292/1517/1292 
f 1202/1426/1202 1045/1241/1045 1307/1532/1307 
f 1212/1437/1212 1044/1240/1044 1307/1532/1307 
f 1044/1240/1044 1202/1426/1202 1307/1532/1307 
f 1047/1243/1047 1281/1506/1281 1307/1532/1307 
f 1047/1243/1047 1307/1532/1307 1045/1241/1045 
f 1307/1532/1307 1281/1506/1281 1214/1439/1214 
f 1307/1532/1307 1214/1439/1214 1212/1437/1212 
f 1221/1446/1221 1308/1533/1308 1304/1529/1304 
f 1221/1446/1221 1304/1529/1304 1303/1528/1303 
f 1221/1446/1221 1222/1447/1222 1308/1533/1308 
f 1222/1447/1222 1309/1534/1309 1308/1533/1308 
f 1309/1534/1309 1222/1447/1222 1310/1535/1310 
f 1309/1534/1309 1310/1535/1310 1311/1536/1311 
f 1245/1470/1245 1302/1527/1302 1296/1521/1296 
f 1245/1470/1245 1296/1521/1296 1247/1472/1247 
f 1311/1536/1311 1310/1535/1310 1312/1537/1312 
f 1311/1536/1311 1312/1537/1312 1313/1538/1313 
f 1245/1470/1245 1246/1471/1246 1302/1527/1302 
f 1246/1471/1246 1303/1528/1303 1302/1527/1302 
f 1303/1528/1303 1246/1471/1246 1219/1444/1219 
f 1303/1528/1303 1219/1444/1219 1221/1446/1221 
f 1314/1539/1314 1315/1540/1315 1312/1537/1312 
f 1315/1540/1315 1313/1538/1313 1312/1537/1312 
f 1315/1540/1315 1314/1539/1314 1316/1541/1316 
f 1314/1539/1314 1317/1542/1317 1316/1541/1316 
f 1310/1535/1310 1222/1447/1222 1282/1507/1282 
f 1222/1447/1222 1220/1445/1220 1282/1507/1282 
f 1317/1543/1317 1318/1544/1318 1319/1545/1319 
f 1317/1543/1317 1319/1545/1319 1316/1546/1316 
f 1207/1432/1207 1320/1547/1320 1205/1430/1205 
f 1320/1547/1320 1297/1522/1297 1205/1430/1205 
f 1208/1433/1208 1206/1431/1206 1264/1489/1264 
f 1320/1547/1320 1273/1498/1273 1297/1522/1297 
f 1321/1548/1321 1322/1549/1322 1320/1547/1320 
f 1322/1549/1322 1273/1498/1273 1320/1547/1320 
f 1210/1435/1210 1321/1548/1321 1320/1547/1320 
f 1210/1435/1210 1320/1547/1320 1207/1432/1207 
f 1264/1489/1264 1323/1550/1323 1208/1433/1208 
f 1323/1550/1323 1209/1434/1209 1208/1433/1208 
f 1324/1551/1324 1285/1510/1285 1209/1434/1209 
f 1324/1551/1324 1209/1434/1209 1323/1550/1323 
f 1258/1483/1258 1259/1484/1259 1210/1435/1210 
f 1259/1484/1259 1321/1548/1321 1210/1435/1210 
f 1322/1549/1322 1321/1548/1321 1325/1552/1325 
f 1321/1548/1321 1259/1484/1259 1325/1552/1325 
f 1326/1553/1326 1325/1552/1325 1251/1476/1251 
f 1325/1552/1325 1259/1484/1259 1251/1476/1251 
f 1258/1483/1258 1285/1510/1285 1250/1475/1250 
f 1285/1510/1285 1327/1554/1327 1250/1475/1250 
f 1324/1551/1324 1328/1555/1328 1327/1554/1327 
f 1324/1551/1324 1327/1554/1327 1285/1510/1285 
f 1329/1556/1329 1328/1555/1328 1324/1551/1324 
f 1329/1556/1329 1324/1551/1324 1323/1550/1323 
f 1330/1557/1330 1328/1555/1328 1331/1558/1331 
f 1328/1555/1328 1329/1556/1329 1331/1558/1331 
f 1330/1557/1330 1331/1558/1331 1332/1559/1332 
f 1330/1557/1330 1332/1559/1332 1333/1560/1333 
f 1330/1557/1330 1334/1561/1334 1328/1555/1328 
f 1334/1561/1334 1327/1554/1327 1328/1555/1328 
f 1250/1475/1250 1327/1554/1327 1334/1561/1334 
f 1250/1475/1250 1334/1561/1334 1249/1474/1249 
f 1248/1473/1248 1335/1562/1335 1326/1553/1326 
f 1248/1473/1248 1326/1553/1326 1251/1476/1251 
f 1326/1553/1326 1336/1563/1336 1325/1552/1325 
f 1336/1563/1336 1322/1549/1322 1325/1552/1325 
f 1337/1564/1337 1336/1563/1336 1326/1553/1326 
f 1337/1564/1337 1326/1553/1326 1335/1562/1335 
f 1335/1562/1335 1338/1565/1338 1339/1566/1339 
f 1335/1562/1335 1339/1566/1339 1337/1564/1337 
f 1338/1565/1338 1335/1562/1335 1231/1456/1231 
f 1335/1562/1335 1248/1473/1248 1231/1456/1231 
f 1249/1474/1249 1334/1561/1334 1340/1567/1340 
f 1249/1474/1249 1340/1567/1340 1232/1457/1232 
f 1340/1567/1340 1334/1561/1334 1333/1560/1333 
f 1334/1561/1334 1330/1557/1330 1333/1560/1333 
f 1341/1568/1341 1340/1567/1340 1333/1560/1333 
f 1341/1568/1341 1333/1560/1333 1332/1559/1332 
f 1232/1457/1232 1340/1567/1340 1229/1454/1229 
f 1340/1567/1340 1341/1568/1341 1229/1454/1229 
f 1339/1566/1339 1338/1565/1338 1230/1455/1230 
f 1338/1565/1338 1231/1456/1231 1230/1455/1230 
f 1294/1519/1294 1319/1545/1319 1318/1544/1318 
f 1294/1519/1294 1318/1544/1318 1277/1502/1277 
f 1296/1521/1296 1295/1520/1295 1342/1569/1342 
f 1296/1521/1296 1342/1569/1342 1247/1472/1247 
f 1295/1520/1295 1288/1513/1288 1343/1570/1343 
f 1295/1520/1295 1343/1570/1343 1342/1569/1342 
f 1344/1571/1344 1204/1429/1204 1342/1569/1342 
f 1204/1429/1204 1247/1472/1247 1342/1569/1342 
f 1204/1429/1204 1344/1571/1344 1199/1423/1199 
f 1344/1571/1344 1200/1424/1200 1199/1423/1199 
f 1343/1570/1343 1345/1572/1345 1344/1571/1344 
f 1343/1570/1343 1344/1571/1344 1342/1569/1342 
f 1346/1573/1346 1200/1424/1200 1345/1572/1345 
f 1200/1424/1200 1344/1571/1344 1345/1572/1345 
f 1288/1513/1288 1287/1512/1287 1298/1523/1298 
f 1288/1513/1288 1298/1523/1298 1343/1570/1343 
f 1343/1570/1343 1298/1523/1298 1345/1572/1345 
f 1298/1523/1298 1299/1524/1299 1345/1572/1345 
f 1300/1525/1300 1346/1573/1346 1299/1524/1299 
f 1346/1573/1346 1345/1572/1345 1299/1524/1299 
f 1201/1425/1201 1346/1573/1346 1300/1525/1300 
f 1201/1425/1201 1300/1525/1300 1301/1526/1301 
f 1201/1425/1201 1200/1424/1200 1346/1573/1346 
f 1301/1526/1301 1281/1506/1281 1047/1243/1047 
f 1301/1526/1301 1047/1243/1047 1201/1425/1201 
f 1211/1436/1211 1347/1574/1347 1039/1235/1039 
f 1211/1436/1211 1039/1235/1039 1042/1238/1042 
f 1348/1575/1348 1347/1574/1347 1213/1438/1213 
f 1347/1574/1347 1211/1436/1211 1213/1438/1213 
f 1348/1575/1348 1213/1438/1213 1253/1478/1253 
f 1348/1575/1348 1253/1478/1253 1349/1576/1349 
f 1274/1499/1274 1350/1577/1350 1349/1576/1349 
f 1274/1499/1274 1349/1576/1349 1253/1478/1253 
f 1350/1577/1350 1274/1499/1274 1275/1500/1275 
f 1350/1577/1350 1275/1500/1275 1351/1578/1351 
f 1275/1500/1275 1277/1502/1277 1351/1578/1351 
f 1277/1502/1277 1318/1544/1318 1351/1578/1351 
f 1040/1236/1040 1039/1235/1039 1347/1574/1347 
f 1040/1236/1040 1347/1574/1347 1352/1579/1352 
f 1239/1464/1239 1036/1232/1036 1352/1580/1352 
f 1036/1232/1036 1040/1311/1040 1352/1580/1352 
f 1347/1574/1347 1348/1575/1348 1353/1581/1353 
f 1347/1574/1347 1353/1581/1353 1352/1579/1352 
f 1239/1464/1239 1352/1580/1352 1241/1466/1241 
f 1352/1580/1352 1353/1582/1353 1241/1466/1241 
f 1353/1581/1353 1348/1575/1348 1349/1576/1349 
f 1353/1581/1353 1349/1576/1349 1354/1583/1354 
f 1240/1465/1240 1241/1466/1241 1354/1584/1354 
f 1241/1466/1241 1353/1582/1353 1354/1584/1354 
f 1240/1465/1240 1354/1584/1354 1355/1585/1355 
f 1240/1465/1240 1355/1585/1355 1242/1467/1242 
f 1350/1577/1350 1355/1586/1355 1354/1583/1354 
f 1350/1577/1350 1354/1583/1354 1349/1576/1349 
f 1355/1586/1355 1350/1577/1350 1351/1578/1351 
f 1355/1586/1355 1351/1578/1351 1356/1587/1356 
f 1356/1587/1356 1351/1578/1351 1318/1544/1318 
f 1356/1587/1356 1318/1544/1318 1317/1543/1317 
f 1356/1588/1356 1284/1509/1284 1242/1467/1242 
f 1356/1588/1356 1242/1467/1242 1355/1585/1355 
f 1356/1588/1356 1317/1542/1317 1284/1509/1284 
f 1317/1542/1317 1314/1539/1314 1284/1509/1284 
f 1284/1509/1284 1314/1539/1314 1283/1508/1283 
f 1314/1539/1314 1312/1537/1312 1283/1508/1283 
f 1283/1508/1283 1312/1537/1312 1310/1535/1310 
f 1283/1508/1283 1310/1535/1310 1282/1507/1282 
f 1266/1491/1266 1290/1515/1290 1262/1487/1262 
f 1290/1515/1290 1286/1511/1286 1262/1487/1262 
f 1269/1494/1269 1291/1516/1291 1290/1515/1290 
f 1269/1494/1269 1290/1515/1290 1266/1491/1266 
f 1268/1493/1268 1292/1517/1292 1291/1516/1291 
f 1268/1493/1268 1291/1516/1291 1269/1494/1269 
f 1306/1531/1306 1293/1518/1293 1292/1517/1292 
f 1306/1531/1306 1292/1517/1292 1268/1493/1268 
f 1305/1530/1305 1294/1519/1294 1306/1531/1306 
f 1294/1519/1294 1293/1518/1293 1306/1531/1306 
f 1264/1489/1264 1263/1488/1263 1357/1589/1357 
f 1263/1488/1263 1304/1529/1304 1357/1589/1357 
f 1294/1519/1294 1305/1530/1305 1358/1590/1358 
f 1294/1519/1294 1358/1590/1358 1319/1545/1319 
f 1316/1546/1316 1319/1545/1319 1358/1590/1358 
f 1316/1546/1316 1358/1590/1358 1359/1591/1359 
f 1313/1538/1313 1315/1540/1315 1359/1592/1359 
f 1315/1540/1315 1316/1541/1316 1359/1592/1359 
f 1272/1497/1272 1360/1593/1360 1261/1486/1261 
f 1360/1593/1360 1267/1492/1267 1261/1486/1261 
f 1267/1492/1267 1360/1593/1360 1361/1594/1361 
f 1267/1492/1267 1361/1594/1361 1270/1495/1270 
f 1270/1495/1270 1361/1594/1361 1362/1595/1362 
f 1270/1495/1270 1362/1595/1362 1271/1496/1271 
f 1271/1496/1271 1362/1595/1362 1363/1596/1363 
f 1271/1496/1271 1363/1596/1363 1305/1530/1305 
f 1363/1596/1363 1364/1597/1364 1305/1530/1305 
f 1364/1597/1364 1358/1590/1358 1305/1530/1305 
f 1364/1597/1364 1365/1598/1365 1358/1590/1358 
f 1365/1598/1365 1359/1591/1359 1358/1590/1358 
f 1359/1592/1359 1365/1599/1365 1313/1538/1313 
f 1365/1599/1365 1366/1600/1366 1313/1538/1313 
f 1313/1538/1313 1366/1600/1366 1367/1601/1367 
f 1313/1538/1313 1367/1601/1367 1311/1536/1311 
f 1368/1602/1368 1309/1534/1309 1311/1536/1311 
f 1368/1602/1368 1311/1536/1311 1367/1601/1367 
f 1369/1603/1369 1308/1533/1308 1309/1534/1309 
f 1369/1603/1369 1309/1534/1309 1368/1602/1368 
f 1308/1533/1308 1369/1603/1369 1304/1529/1304 
f 1369/1603/1369 1357/1589/1357 1304/1529/1304 
f 1323/1550/1323 1264/1489/1264 1357/1589/1357 
f 1323/1550/1323 1357/1589/1357 1370/1604/1370 
f 1370/1604/1370 1357/1589/1357 1369/1603/1369 
f 1370/1604/1370 1369/1603/1369 1371/1605/1371 
f 1371/1605/1371 1369/1603/1369 1368/1602/1368 
f 1371/1605/1371 1368/1602/1368 1372/1606/1372 
f 1373/1607/1373 1372/1606/1372 1368/1602/1368 
f 1373/1607/1373 1368/1602/1368 1367/1601/1367 
f 1374/1608/1374 1373/1607/1373 1367/1601/1367 
f 1374/1608/1374 1367/1601/1367 1366/1600/1366 
f 1374/1608/1374 1366/1600/1366 1375/1609/1375 
f 1366/1600/1366 1365/1599/1365 1375/1609/1375 
f 1375/1610/1375 1365/1598/1365 1376/1611/1376 
f 1365/1598/1365 1364/1597/1364 1376/1611/1376 
f 1377/1612/1377 1376/1611/1376 1363/1596/1363 
f 1376/1611/1376 1364/1597/1364 1363/1596/1363 
f 1377/1612/1377 1363/1596/1363 1362/1595/1362 
f 1377/1612/1377 1362/1595/1362 1378/1613/1378 
f 1378/1613/1378 1362/1595/1362 1361/1594/1361 
f 1378/1613/1378 1361/1594/1361 1379/1614/1379 
f 1379/1614/1379 1361/1594/1361 1380/1615/1380 
f 1361/1594/1361 1360/1593/1360 1380/1615/1380 
f 1380/1615/1380 1360/1593/1360 1381/1616/1381 
f 1360/1593/1360 1272/1497/1272 1381/1616/1381 
f 1273/1498/1273 1322/1549/1322 1272/1497/1272 
f 1322/1549/1322 1381/1616/1381 1272/1497/1272 
f 1322/1549/1322 1336/1563/1336 1381/1616/1381 
f 1336/1563/1336 1382/1617/1382 1381/1616/1381 
f 1383/1618/1383 1380/1615/1380 1382/1617/1382 
f 1380/1615/1380 1381/1616/1381 1382/1617/1382 
f 1384/1619/1384 1379/1614/1379 1383/1618/1383 
f 1379/1614/1379 1380/1615/1380 1383/1618/1383 
f 1385/1620/1385 1378/1613/1378 1379/1614/1379 
f 1385/1620/1385 1379/1614/1379 1384/1619/1384 
f 1386/1621/1386 1377/1612/1377 1378/1613/1378 
f 1386/1621/1386 1378/1613/1378 1385/1620/1385 
f 1377/1612/1377 1386/1621/1386 1387/1622/1387 
f 1377/1612/1377 1387/1622/1387 1376/1611/1376 
f 1375/1610/1375 1376/1611/1376 1387/1622/1387 
f 1375/1610/1375 1387/1622/1387 1388/1623/1388 
f 1374/1608/1374 1375/1609/1375 1388/1624/1388 
f 1374/1608/1374 1388/1624/1388 1389/1625/1389 
f 1389/1625/1389 1390/1626/1390 1373/1607/1373 
f 1389/1625/1389 1373/1607/1373 1374/1608/1374 
f 1391/1627/1391 1372/1606/1372 1390/1626/1390 
f 1372/1606/1372 1373/1607/1373 1390/1626/1390 
f 1371/1605/1371 1372/1606/1372 1392/1628/1392 
f 1372/1606/1372 1391/1627/1391 1392/1628/1392 
f 1371/1605/1371 1392/1628/1392 1393/1629/1393 
f 1371/1605/1371 1393/1629/1393 1370/1604/1370 
f 1329/1556/1329 1323/1550/1323 1370/1604/1370 
f 1329/1556/1329 1370/1604/1370 1393/1629/1393 
f 1394/1630/1394 799/955/799 1395/1631/1395 
f 799/955/799 798/954/798 1395/1631/1395 
f 798/954/798 880/1632/880 1395/1631/1395 
f 880/1632/880 1396/1633/1396 1395/1631/1395 
f 879/1634/879 1397/1635/1397 1396/1633/1396 
f 879/1634/879 1396/1633/1396 880/1632/880 
f 1397/1635/1397 879/1634/879 878/1636/878 
f 1397/1635/1397 878/1636/878 1398/1637/1398 
f 874/1638/874 1399/1639/1399 878/1636/878 
f 1399/1639/1399 1398/1637/1398 878/1636/878 
f 870/1640/870 1400/1641/1400 874/1638/874 
f 1400/1641/1400 1399/1639/1399 874/1638/874 
f 1401/1642/1401 1400/1641/1400 870/1640/870 
f 1401/1642/1401 870/1640/870 869/1643/869 
f 1402/1644/1402 1401/1642/1401 869/1643/869 
f 1402/1644/1402 869/1643/869 868/1645/868 
f 1403/1646/1403 1402/1644/1402 868/1645/868 
f 1403/1646/1403 868/1645/868 867/1647/867 
f 1403/1646/1403 867/1647/867 1404/1648/1404 
f 867/1647/867 876/1649/876 1404/1648/1404 
f 1396/1633/1396 1397/1635/1397 1405/1650/1405 
f 1396/1633/1396 1405/1650/1405 1395/1631/1395 
f 1395/1631/1395 1405/1650/1405 1394/1630/1394 
f 1405/1650/1405 1406/1651/1406 1394/1630/1394 
f 1406/1651/1406 1405/1650/1405 1407/1652/1407 
f 1405/1650/1405 1408/1653/1408 1407/1652/1407 
f 1398/1637/1398 1408/1653/1408 1397/1635/1397 
f 1408/1653/1408 1405/1650/1405 1397/1635/1397 
f 1409/1654/1409 1410/1655/1410 1408/1653/1408 
f 1410/1655/1410 1407/1652/1407 1408/1653/1408 
f 1409/1654/1409 1408/1653/1408 1398/1637/1398 
f 1409/1654/1409 1398/1637/1398 1411/1656/1411 
f 1399/1639/1399 1412/1657/1412 1411/1656/1411 
f 1399/1639/1399 1411/1656/1411 1398/1637/1398 
f 1413/1658/1413 1412/1657/1412 1399/1639/1399 
f 1413/1658/1413 1399/1639/1399 1400/1641/1400 
f 1414/1659/1414 1413/1658/1413 1400/1641/1400 
f 1414/1659/1414 1400/1641/1400 1401/1642/1401 
f 1404/1648/1404 876/1649/876 1415/1660/1415 
f 876/1649/876 794/1661/794 1415/1660/1415 
f 1416/1662/1416 1415/1660/1415 794/1661/794 
f 1416/1662/1416 794/1661/794 793/1663/793 
f 1417/1664/1417 1416/1662/1416 816/1665/816 
f 1416/1662/1416 793/1663/793 816/1665/816 
f 782/1666/782 1418/1667/1418 1417/1664/1417 
f 782/1666/782 1417/1664/1417 816/1665/816 
f 1419/1668/1419 1420/1669/1420 1410/1655/1410 
f 1419/1668/1419 1410/1655/1410 1409/1654/1409 
f 1419/1668/1419 1409/1654/1409 1411/1656/1411 
f 1419/1668/1419 1411/1656/1411 1421/1670/1421 
f 1413/1658/1413 1421/1670/1421 1412/1657/1412 
f 1421/1670/1421 1411/1656/1411 1412/1657/1412 
f 1422/1671/1422 1421/1670/1421 1413/1658/1413 
f 1422/1671/1422 1413/1658/1413 1414/1659/1414 
f 1423/1672/1423 1419/1668/1419 1421/1670/1421 
f 1423/1672/1423 1421/1670/1421 1422/1671/1422 
f 1423/1672/1423 1424/1673/1424 1419/1668/1419 
f 1424/1673/1424 1420/1669/1420 1419/1668/1419 
f 1424/1673/1424 1423/1672/1423 1425/1674/1425 
f 1423/1672/1423 1426/1675/1426 1425/1674/1425 
f 1426/1675/1426 1423/1672/1423 1422/1671/1422 
f 1426/1675/1426 1422/1671/1422 1427/1676/1427 
f 1427/1676/1427 1422/1671/1422 1414/1659/1414 
f 1427/1676/1427 1414/1659/1414 1428/1677/1428 
f 1401/1642/1401 1402/1644/1402 1428/1677/1428 
f 1401/1642/1401 1428/1677/1428 1414/1659/1414 
f 1429/1678/1429 938/1125/938 1430/1679/1430 
f 938/1125/938 937/1124/937 1430/1679/1430 
f 1431/1680/1431 914/1096/914 933/1118/933 
f 1431/1680/1431 933/1118/933 1432/1681/1432 
f 1432/1681/1432 933/1118/933 934/1121/934 
f 1432/1681/1432 934/1121/934 1433/1682/1433 
f 1433/1682/1433 934/1121/934 1081/1289/1081 
f 1433/1682/1433 1081/1289/1081 1434/1683/1434 
f 1431/1680/1431 1435/1684/1435 1436/1685/1436 
f 1431/1680/1431 1436/1685/1436 1437/1686/1437 
f 1432/1681/1432 1438/1687/1438 1435/1684/1435 
f 1432/1681/1432 1435/1684/1435 1431/1680/1431 
f 1437/1686/1437 913/1095/913 914/1096/914 
f 1437/1686/1437 914/1096/914 1431/1680/1431 
f 1433/1682/1433 1439/1688/1439 1438/1687/1438 
f 1433/1682/1433 1438/1687/1438 1432/1681/1432 
f 1434/1683/1434 1440/1689/1440 1439/1688/1439 
f 1434/1683/1434 1439/1688/1439 1433/1682/1433 
f 935/1122/935 1441/1690/1441 1442/1691/1442 
f 935/1122/935 1442/1691/1442 936/1123/936 
f 1437/1686/1437 1436/1685/1436 781/1692/781 
f 1437/1686/1437 781/1692/781 779/1693/779 
f 909/1091/909 913/1095/913 1437/1686/1437 
f 909/1091/909 1437/1686/1437 779/1693/779 
f 909/1091/909 779/1693/779 777/1072/777 
f 782/1666/782 781/1692/781 1436/1685/1436 
f 782/1666/782 1436/1685/1436 1418/1667/1418 
f 1435/1684/1435 1443/1694/1443 1418/1667/1418 
f 1435/1684/1435 1418/1667/1418 1436/1685/1436 
f 1438/1687/1438 1444/1695/1444 1443/1694/1443 
f 1438/1687/1438 1443/1694/1443 1435/1684/1435 
f 1444/1695/1444 1438/1687/1438 1439/1688/1439 
f 1444/1695/1444 1439/1688/1439 1445/1696/1445 
f 1440/1689/1440 1446/1697/1446 1445/1696/1445 
f 1440/1689/1440 1445/1696/1445 1439/1688/1439 
f 1447/1698/1447 1448/1699/1448 1449/1700/1449 
f 1448/1699/1448 1450/1701/1450 1449/1700/1449 
f 1417/1664/1417 1418/1667/1418 1451/1702/1451 
f 1418/1667/1418 1443/1694/1443 1451/1702/1451 
f 1444/1695/1444 1452/1703/1452 1443/1694/1443 
f 1452/1703/1452 1451/1702/1451 1443/1694/1443 
f 1452/1703/1452 1444/1695/1444 1453/1704/1453 
f 1444/1695/1444 1445/1696/1445 1453/1704/1453 
f 1453/1704/1453 1445/1696/1445 1454/1705/1454 
f 1445/1696/1445 1446/1697/1446 1454/1705/1454 
f 1450/1701/1450 1448/1699/1448 1455/1706/1455 
f 1450/1701/1450 1455/1706/1455 1456/1707/1456 
f 1428/1677/1428 1402/1644/1402 1457/1708/1457 
f 1402/1644/1402 1403/1646/1403 1457/1708/1457 
f 1457/1708/1457 1403/1646/1403 1458/1709/1458 
f 1403/1646/1403 1404/1648/1404 1458/1709/1458 
f 1459/1710/1459 1458/1709/1458 1415/1660/1415 
f 1458/1709/1458 1404/1648/1404 1415/1660/1415 
f 1415/1660/1415 1416/1662/1416 1459/1710/1459 
f 1416/1662/1416 1460/1711/1460 1459/1710/1459 
f 1417/1664/1417 1451/1702/1451 1460/1711/1460 
f 1417/1664/1417 1460/1711/1460 1416/1662/1416 
f 1461/1712/1461 1460/1711/1460 1452/1703/1452 
f 1460/1711/1460 1451/1702/1451 1452/1703/1452 
f 1453/1704/1453 1462/1713/1462 1452/1703/1452 
f 1462/1713/1462 1461/1712/1461 1452/1703/1452 
f 1462/1713/1462 1453/1704/1453 1454/1705/1454 
f 1462/1713/1462 1454/1705/1454 1463/1714/1463 
f 1464/1715/1464 1465/1716/1465 1455/1706/1455 
f 1465/1716/1465 1456/1707/1456 1455/1706/1455 
f 1466/1717/1466 1459/1710/1459 1461/1712/1461 
f 1459/1710/1459 1460/1711/1460 1461/1712/1461 
f 1461/1712/1461 1462/1713/1462 1466/1717/1466 
f 1462/1713/1462 1467/1718/1467 1466/1717/1466 
f 1462/1713/1462 1463/1714/1463 1467/1718/1467 
f 1463/1714/1463 1468/1719/1468 1467/1718/1467 
f 1393/1629/1393 1331/1558/1331 1329/1556/1329 
f 1469/1720/1469 1458/1709/1458 1466/1717/1466 
f 1458/1709/1458 1459/1710/1459 1466/1717/1466 
f 1457/1708/1457 1458/1709/1458 1469/1720/1469 
f 1457/1708/1457 1469/1720/1469 1470/1721/1470 
f 1457/1708/1457 1470/1721/1470 1428/1677/1428 
f 1470/1721/1470 1427/1676/1427 1428/1677/1428 
f 1427/1676/1427 1470/1721/1470 1471/1722/1471 
f 1427/1676/1427 1471/1722/1471 1426/1675/1426 
f 1470/1721/1470 1469/1720/1469 1472/1723/1472 
f 1470/1721/1470 1472/1723/1472 1471/1722/1471 
f 1472/1723/1472 1469/1720/1469 1467/1718/1467 
f 1469/1720/1469 1466/1717/1466 1467/1718/1467 
f 1467/1718/1467 1468/1719/1468 1472/1723/1472 
f 1468/1719/1468 1473/1724/1473 1472/1723/1472 
f 1472/1723/1472 1473/1724/1473 1471/1722/1471 
f 1473/1724/1473 1474/1725/1474 1471/1722/1471 
f 1471/1722/1471 1474/1725/1474 1426/1675/1426 
f 1474/1725/1474 1425/1674/1425 1426/1675/1426 
f 936/1123/936 1442/1691/1442 1464/1715/1464 
f 1442/1691/1442 1465/1716/1465 1464/1715/1464 
f 1447/1698/1447 1339/1566/1339 1230/1455/1230 
f 1447/1698/1447 1230/1455/1230 1448/1699/1448 
f 1229/1454/1229 1455/1706/1455 1230/1455/1230 
f 1455/1706/1455 1448/1699/1448 1230/1455/1230 
f 1455/1706/1455 1229/1454/1229 1464/1715/1464 
f 1229/1454/1229 1341/1568/1341 1464/1715/1464 
f 936/1123/936 1464/1715/1464 1341/1568/1341 
f 936/1123/936 1341/1568/1341 1332/1559/1332 
f 1336/1563/1336 1337/1564/1337 1382/1617/1382 
f 1475/1726/1475 1382/1617/1382 1339/1566/1339 
f 1382/1617/1382 1337/1564/1337 1339/1566/1339 
f 1476/1727/1476 1383/1618/1383 1475/1726/1475 
f 1383/1618/1383 1382/1617/1382 1475/1726/1475 
f 1383/1618/1383 1476/1727/1476 1384/1619/1384 
f 1476/1727/1476 1477/1728/1477 1384/1619/1384 
f 1384/1619/1384 1477/1728/1477 1385/1620/1385 
f 1477/1728/1477 1478/1729/1478 1385/1620/1385 
f 1478/1729/1478 1479/1730/1479 1385/1620/1385 
f 1479/1730/1479 1386/1621/1386 1385/1620/1385 
f 1386/1621/1386 1479/1730/1479 1480/1731/1480 
f 1386/1621/1386 1480/1731/1480 1387/1622/1387 
f 1481/1732/1481 1388/1623/1388 1480/1731/1480 
f 1388/1623/1388 1387/1622/1387 1480/1731/1480 
f 1389/1625/1389 1388/1624/1388 1481/1733/1481 
f 1389/1625/1389 1481/1733/1481 1482/1734/1482 
f 1483/1735/1483 1390/1626/1390 1482/1734/1482 
f 1390/1626/1390 1389/1625/1389 1482/1734/1482 
f 1484/1736/1484 1391/1627/1391 1390/1626/1390 
f 1484/1736/1484 1390/1626/1390 1483/1735/1483 
f 1430/1679/1430 1392/1628/1392 1391/1627/1391 
f 1430/1679/1430 1391/1627/1391 1484/1736/1484 
f 1392/1628/1392 1430/1679/1430 937/1124/937 
f 1392/1628/1392 937/1124/937 1393/1629/1393 
f 1332/1559/1332 1331/1558/1331 1393/1629/1393 
f 1332/1559/1332 1393/1629/1393 937/1124/937 
f 936/1123/936 1332/1559/1332 937/1124/937 
f 1429/1678/1429 1430/1679/1430 1484/1736/1484 
f 1429/1678/1429 1484/1736/1484 1485/1737/1485 
f 1484/1736/1484 1483/1735/1483 1485/1737/1485 
f 1483/1735/1483 1486/1738/1486 1485/1737/1485 
f 1483/1735/1483 1482/1734/1482 1486/1738/1486 
f 1482/1734/1482 1487/1739/1487 1486/1738/1486 
f 1482/1734/1482 1481/1733/1481 1488/1740/1488 
f 1482/1734/1482 1488/1740/1488 1487/1739/1487 
f 1481/1732/1481 1480/1731/1480 1489/1741/1489 
f 1481/1732/1481 1489/1741/1489 1488/1742/1488 
f 1490/1743/1490 1489/1741/1489 1480/1731/1480 
f 1490/1743/1490 1480/1731/1480 1479/1730/1479 
f 1479/1730/1479 1478/1729/1478 1491/1744/1491 
f 1479/1730/1479 1491/1744/1491 1490/1743/1490 
f 1492/1745/1492 1493/1746/1493 1477/1728/1477 
f 1492/1745/1492 1477/1728/1477 1476/1727/1476 
f 1478/1729/1478 1477/1728/1477 1493/1746/1493 
f 1478/1729/1478 1493/1746/1493 1491/1744/1491 
f 1494/1747/1494 1492/1745/1492 1476/1727/1476 
f 1494/1747/1494 1476/1727/1476 1475/1726/1475 
f 1449/1700/1449 1495/1748/1495 1496/1749/1496 
f 1449/1700/1449 1496/1749/1496 1447/1698/1447 
f 1475/1726/1475 1447/1698/1447 1496/1749/1496 
f 1475/1726/1475 1496/1749/1496 1494/1747/1494 
f 1339/1566/1339 1447/1698/1447 1475/1726/1475 
f 1497/1750/1497 1465/1716/1465 1442/1691/1442 
f 1497/1750/1497 1442/1691/1442 1441/1690/1441 
f 1465/1716/1465 1497/1750/1497 1456/1707/1456 
f 1497/1750/1497 1498/1751/1498 1456/1707/1456 
f 1499/1752/1499 1450/1701/1450 1456/1707/1456 
f 1499/1752/1499 1456/1707/1456 1498/1751/1498 
f 1499/1752/1499 1495/1748/1495 1449/1700/1449 
f 1499/1752/1499 1449/1700/1449 1450/1701/1450 
f 1500/1753/1500 1128/1342/1128 1501/1754/1501 
f 1128/1342/1128 1127/1338/1127 1501/1754/1501 
f 1126/1337/1126 1502/1755/1502 1127/1338/1127 
f 1502/1755/1502 1501/1754/1501 1127/1338/1127 
f 1501/1754/1501 1503/1756/1503 1500/1753/1500 
f 1503/1756/1503 1504/1757/1504 1500/1753/1500 
f 1501/1754/1501 1502/1755/1502 1503/1756/1503 
f 1502/1755/1502 1505/1758/1505 1503/1756/1503 
f 1505/1758/1505 1506/1759/1506 1504/1757/1504 
f 1505/1758/1505 1504/1757/1504 1503/1756/1503 
f 1128/1342/1128 1500/1753/1500 1507/1760/1507 
f 1128/1342/1128 1507/1760/1507 1129/1343/1129 
f 1129/1343/1129 1507/1760/1507 1508/1761/1508 
f 1129/1343/1129 1508/1761/1508 1130/1345/1130 
f 1509/1762/1509 1131/1348/1131 1130/1345/1130 
f 1509/1762/1509 1130/1345/1130 1508/1761/1508 
f 1132/1349/1132 1131/1348/1131 1510/1763/1510 
f 1131/1348/1131 1509/1762/1509 1510/1763/1510 
f 1510/1763/1510 1511/1764/1511 1132/1349/1132 
f 1511/1764/1511 1133/1352/1133 1132/1349/1132 
f 1512/1765/1512 1513/1766/1513 1137/1359/1137 
f 1512/1765/1512 1137/1359/1137 1136/1357/1136 
f 1512/1765/1512 1136/1357/1136 1135/1356/1135 
f 1512/1765/1512 1135/1356/1135 1514/1767/1514 
f 1135/1356/1135 1134/1354/1134 1514/1767/1514 
f 1134/1354/1134 1515/1768/1515 1514/1767/1514 
f 1133/1352/1133 1511/1764/1511 1134/1354/1134 
f 1511/1764/1511 1515/1768/1515 1134/1354/1134 
f 1516/1769/1516 1517/1770/1517 1518/1771/1518 
f 1517/1770/1517 1519/1772/1519 1518/1771/1518 
f 1520/1773/1520 1521/1774/1521 1517/1770/1517 
f 1520/1773/1520 1517/1770/1517 1516/1769/1516 
f 1522/1775/1522 1520/1773/1520 1516/1769/1516 
f 1522/1775/1522 1516/1769/1516 1523/1776/1523 
f 1523/1776/1523 1524/1777/1524 1525/1778/1525 
f 1523/1776/1523 1525/1778/1525 1522/1775/1522 
f 1500/1753/1500 1504/1757/1504 1526/1779/1526 
f 1504/1757/1504 1527/1780/1527 1526/1779/1526 
f 1524/1777/1524 1528/1781/1528 1525/1778/1525 
f 1528/1781/1528 1529/1782/1529 1525/1778/1525 
f 1530/1783/1530 1531/1784/1531 1529/1782/1529 
f 1530/1783/1530 1529/1782/1529 1528/1781/1528 
f 1531/1784/1531 1530/1783/1530 1532/1785/1532 
f 1531/1784/1531 1532/1785/1532 1533/1786/1533 
f 1533/1786/1533 1532/1785/1532 1534/1787/1534 
f 1533/1786/1533 1534/1787/1534 1535/1788/1535 
f 1536/1789/1536 1527/1780/1527 1506/1759/1506 
f 1527/1780/1527 1504/1757/1504 1506/1759/1506 
f 1535/1788/1535 1534/1787/1534 1537/1790/1537 
f 1534/1787/1534 1538/1791/1538 1537/1790/1537 
f 1537/1790/1537 1538/1791/1538 1539/1792/1539 
f 1538/1791/1538 1540/1793/1540 1539/1792/1539 
f 1539/1792/1539 1540/1793/1540 1526/1779/1526 
f 1539/1792/1539 1526/1779/1526 1541/1794/1541 
f 1542/1795/1542 1541/1794/1541 1527/1780/1527 
f 1541/1794/1541 1526/1779/1526 1527/1780/1527 
f 1530/1783/1530 1511/1764/1511 1510/1763/1510 
f 1530/1783/1530 1510/1763/1510 1532/1785/1532 
f 1532/1785/1532 1510/1763/1510 1509/1762/1509 
f 1532/1785/1532 1509/1762/1509 1534/1787/1534 
f 1534/1787/1534 1509/1762/1509 1538/1791/1538 
f 1509/1762/1509 1508/1761/1508 1538/1791/1538 
f 1518/1771/1518 1543/1796/1543 1516/1769/1516 
f 1543/1796/1543 1544/1797/1544 1516/1769/1516 
f 1545/1798/1545 1523/1776/1523 1544/1797/1544 
f 1523/1776/1523 1516/1769/1516 1544/1797/1544 
f 1545/1798/1545 1544/1797/1544 1546/1799/1546 
f 1544/1797/1544 1543/1796/1543 1546/1799/1546 
f 1545/1798/1545 1546/1799/1546 1547/1800/1547 
f 1546/1799/1546 1548/1801/1548 1547/1800/1547 
f 1547/1800/1547 1548/1801/1548 1513/1766/1513 
f 1547/1800/1547 1513/1766/1513 1512/1765/1512 
f 1547/1800/1547 1512/1765/1512 1549/1802/1549 
f 1512/1765/1512 1514/1767/1514 1549/1802/1549 
f 1508/1761/1508 1507/1760/1507 1540/1793/1540 
f 1508/1761/1508 1540/1793/1540 1538/1791/1538 
f 1515/1768/1515 1550/1803/1550 1514/1767/1514 
f 1550/1803/1550 1549/1802/1549 1514/1767/1514 
f 1523/1776/1523 1545/1798/1545 1551/1804/1551 
f 1523/1776/1523 1551/1804/1551 1524/1777/1524 
f 1547/1800/1547 1549/1802/1549 1551/1804/1551 
f 1547/1800/1547 1551/1804/1551 1545/1798/1545 
f 1511/1764/1511 1530/1783/1530 1550/1803/1550 
f 1511/1764/1511 1550/1803/1550 1515/1768/1515 
f 1528/1781/1528 1524/1777/1524 1552/1805/1552 
f 1524/1777/1524 1551/1804/1551 1552/1805/1552 
f 1552/1805/1552 1550/1803/1550 1528/1781/1528 
f 1550/1803/1550 1530/1783/1530 1528/1781/1528 
f 1550/1803/1550 1552/1805/1552 1549/1802/1549 
f 1552/1805/1552 1551/1804/1551 1549/1802/1549 
f 1507/1760/1507 1500/1753/1500 1540/1793/1540 
f 1500/1753/1500 1526/1779/1526 1540/1793/1540 
f 1553/1806/1553 1554/1807/1554 1521/1808/1521 
f 1554/1807/1554 1517/1809/1517 1521/1808/1521 
f 1555/1810/1555 1556/1811/1556 1557/1812/1557 
f 1556/1811/1556 1558/1813/1558 1557/1812/1557 
f 1553/1806/1553 1559/1814/1559 1560/1815/1560 
f 1553/1806/1553 1560/1815/1560 1554/1807/1554 
f 1527/1780/1527 1560/1815/1560 1542/1795/1542 
f 1560/1815/1560 1559/1814/1559 1542/1795/1542 
f 1536/1789/1536 1561/1816/1561 1560/1815/1560 
f 1536/1789/1536 1560/1815/1560 1527/1780/1527 
f 1561/1816/1561 1562/1817/1562 1554/1807/1554 
f 1561/1816/1561 1554/1807/1554 1560/1815/1560 
f 1554/1807/1554 1562/1817/1562 1517/1809/1517 
f 1562/1817/1562 1519/1818/1519 1517/1809/1517 
f 1557/1812/1557 1563/1819/1563 1555/1810/1555 
f 1563/1819/1563 1564/1820/1564 1555/1810/1555 
f 1565/1821/1565 1566/1822/1566 1567/1823/1567 
f 1566/1822/1566 1568/1824/1568 1567/1823/1567 
f 1569/1825/1569 1539/1792/1539 1541/1794/1541 
f 1569/1825/1569 1541/1794/1541 1570/1826/1570 
f 1571/1827/1571 1535/1788/1535 1572/1828/1572 
f 1535/1788/1535 1537/1790/1537 1572/1828/1572 
f 1573/1829/1573 1533/1786/1533 1535/1788/1535 
f 1573/1829/1573 1535/1788/1535 1571/1827/1571 
f 1574/1830/1574 1531/1784/1531 1533/1786/1533 
f 1574/1830/1574 1533/1786/1533 1573/1829/1573 
f 1575/1831/1575 1529/1782/1529 1531/1784/1531 
f 1575/1831/1575 1531/1784/1531 1574/1830/1574 
f 1576/1832/1576 1525/1778/1525 1575/1831/1575 
f 1525/1778/1525 1529/1782/1529 1575/1831/1575 
f 1577/1833/1577 1522/1775/1522 1576/1832/1576 
f 1522/1775/1522 1525/1778/1525 1576/1832/1576 
f 1578/1834/1578 1520/1773/1520 1577/1833/1577 
f 1520/1773/1520 1522/1775/1522 1577/1833/1577 
f 1579/1835/1579 1521/1774/1521 1578/1834/1578 
f 1521/1774/1521 1520/1773/1520 1578/1834/1578 
f 1580/1836/1580 1553/1806/1553 1521/1808/1521 
f 1580/1836/1580 1521/1808/1521 1579/1837/1579 
f 1581/1838/1581 1564/1820/1564 1563/1819/1563 
f 1581/1838/1581 1563/1819/1563 1582/1839/1582 
f 1583/1840/1583 1559/1814/1559 1553/1806/1553 
f 1583/1840/1583 1553/1806/1553 1580/1836/1580 
f 1584/1841/1584 1542/1795/1542 1559/1814/1559 
f 1584/1841/1584 1559/1814/1559 1583/1840/1583 
f 1570/1826/1570 1541/1794/1541 1542/1795/1542 
f 1570/1826/1570 1542/1795/1542 1584/1841/1584 
f 1572/1828/1572 1537/1790/1537 1569/1825/1569 
f 1537/1790/1537 1539/1792/1539 1569/1825/1569 
f 1565/1821/1565 1569/1825/1569 1585/1842/1585 
f 1569/1825/1569 1570/1826/1570 1585/1842/1585 
f 1585/1842/1585 1570/1826/1570 1584/1841/1584 
f 1585/1842/1585 1584/1841/1584 1586/1843/1586 
f 1586/1843/1586 1584/1841/1584 1583/1840/1583 
f 1586/1843/1586 1583/1840/1583 1587/1844/1587 
f 1587/1844/1587 1583/1840/1583 1580/1836/1580 
f 1587/1844/1587 1580/1836/1580 1588/1845/1588 
f 1588/1845/1588 1580/1836/1580 1579/1837/1579 
f 1588/1845/1588 1579/1837/1579 1589/1846/1589 
f 1582/1839/1582 1590/1847/1590 1581/1838/1581 
f 1590/1847/1590 1591/1848/1591 1581/1838/1581 
f 1589/1849/1589 1579/1835/1579 1592/1850/1592 
f 1579/1835/1579 1578/1834/1578 1592/1850/1592 
f 1592/1850/1592 1578/1834/1578 1593/1851/1593 
f 1578/1834/1578 1577/1833/1577 1593/1851/1593 
f 1593/1851/1593 1577/1833/1577 1594/1852/1594 
f 1577/1833/1577 1576/1832/1576 1594/1852/1594 
f 1594/1852/1594 1576/1832/1576 1595/1853/1595 
f 1576/1832/1576 1575/1831/1575 1595/1853/1595 
f 1595/1853/1595 1575/1831/1575 1596/1854/1596 
f 1575/1831/1575 1574/1830/1574 1596/1854/1596 
f 1596/1854/1596 1574/1830/1574 1573/1829/1573 
f 1596/1854/1596 1573/1829/1573 1597/1855/1597 
f 1597/1855/1597 1573/1829/1573 1571/1827/1571 
f 1597/1855/1597 1571/1827/1571 1598/1856/1598 
f 1598/1856/1598 1571/1827/1571 1567/1823/1567 
f 1571/1827/1571 1572/1828/1572 1567/1823/1567 
f 1567/1823/1567 1572/1828/1572 1565/1821/1565 
f 1572/1828/1572 1569/1825/1569 1565/1821/1565 
f 1585/1842/1585 1599/1857/1599 1565/1821/1565 
f 1599/1857/1599 1566/1822/1566 1565/1821/1565 
f 1586/1843/1586 1600/1858/1600 1599/1857/1599 
f 1586/1843/1586 1599/1857/1599 1585/1842/1585 
f 1587/1844/1587 1601/1859/1601 1600/1858/1600 
f 1587/1844/1587 1600/1858/1600 1586/1843/1586 
f 1588/1845/1588 1602/1860/1602 1601/1859/1601 
f 1588/1845/1588 1601/1859/1601 1587/1844/1587 
f 1589/1846/1589 1603/1861/1603 1602/1860/1602 
f 1589/1846/1589 1602/1860/1602 1588/1845/1588 
f 1604/1862/1604 1590/1847/1590 938/1125/938 
f 1590/1847/1590 935/1122/935 938/1125/938 
f 1592/1850/1592 1605/1863/1605 1589/1849/1589 
f 1605/1863/1605 1603/1864/1603 1589/1849/1589 
f 1593/1851/1593 1606/1865/1606 1592/1850/1592 
f 1606/1865/1606 1605/1863/1605 1592/1850/1592 
f 1594/1852/1594 1607/1866/1607 1593/1851/1593 
f 1607/1866/1607 1606/1865/1606 1593/1851/1593 
f 1595/1853/1595 1608/1867/1608 1594/1852/1594 
f 1608/1867/1608 1607/1866/1607 1594/1852/1594 
f 1596/1854/1596 1609/1868/1609 1595/1853/1595 
f 1609/1868/1609 1608/1867/1608 1595/1853/1595 
f 1597/1855/1597 1610/1869/1610 1609/1868/1609 
f 1597/1855/1597 1609/1868/1609 1596/1854/1596 
f 1598/1856/1598 1611/1870/1611 1597/1855/1597 
f 1611/1870/1611 1610/1869/1610 1597/1855/1597 
f 1567/1823/1567 1568/1824/1568 1598/1856/1598 
f 1568/1824/1568 1611/1870/1611 1598/1856/1598 
f 1612/1871/1612 1613/1872/1613 1607/1866/1607 
f 1612/1871/1612 1607/1866/1607 1608/1867/1608 
f 1614/1873/1614 1615/1874/1615 1616/1875/1616 
f 1615/1874/1615 1617/1876/1617 1616/1875/1616 
f 1618/1877/1618 1617/1876/1617 1619/1878/1619 
f 1617/1876/1617 1615/1874/1615 1619/1878/1619 
f 1620/1879/1620 1621/1880/1621 1622/1881/1622 
f 1620/1879/1620 1622/1881/1622 1623/1882/1623 
f 1624/1883/1624 1625/1884/1625 1566/1822/1566 
f 1624/1883/1624 1566/1822/1566 1599/1857/1599 
f 1624/1883/1624 1626/1885/1626 1625/1884/1625 
f 1626/1885/1626 1627/1886/1627 1625/1884/1625 
f 1628/1887/1628 1629/1888/1629 1627/1886/1627 
f 1628/1887/1628 1627/1886/1627 1626/1885/1626 
f 1630/1889/1630 1631/1890/1631 1629/1888/1629 
f 1630/1889/1630 1629/1888/1629 1628/1887/1628 
f 1632/1891/1632 1633/1892/1633 1631/1890/1631 
f 1632/1891/1632 1631/1890/1631 1630/1889/1630 
f 1634/1893/1634 1568/1824/1568 1625/1884/1625 
f 1568/1824/1568 1566/1822/1566 1625/1884/1625 
f 1634/1893/1634 1635/1894/1635 1611/1870/1611 
f 1634/1893/1634 1611/1870/1611 1568/1824/1568 
f 1636/1895/1636 1610/1869/1610 1635/1894/1635 
f 1610/1869/1610 1611/1870/1611 1635/1894/1635 
f 1637/1896/1637 1609/1868/1609 1636/1895/1636 
f 1609/1868/1609 1610/1869/1610 1636/1895/1636 
f 1612/1871/1612 1608/1867/1608 1609/1868/1609 
f 1612/1871/1612 1609/1868/1609 1637/1896/1637 
f 1613/1872/1613 1638/1897/1638 1606/1865/1606 
f 1613/1872/1613 1606/1865/1606 1607/1866/1607 
f 1639/1898/1639 1605/1863/1605 1638/1897/1638 
f 1605/1863/1605 1606/1865/1606 1638/1897/1638 
f 1605/1863/1605 1639/1898/1639 1603/1864/1603 
f 1639/1898/1639 1640/1899/1640 1603/1864/1603 
f 1641/1900/1641 1602/1860/1602 1603/1861/1603 
f 1641/1900/1641 1603/1861/1603 1640/1901/1640 
f 938/1125/938 1429/1678/1429 1604/1862/1604 
f 1429/1678/1429 1642/1902/1642 1604/1862/1604 
f 1643/1903/1643 1601/1859/1601 1602/1860/1602 
f 1643/1903/1643 1602/1860/1602 1641/1900/1641 
f 1601/1859/1601 1643/1903/1643 1644/1904/1644 
f 1601/1859/1601 1644/1904/1644 1600/1858/1600 
f 1600/1858/1600 1644/1904/1644 1624/1883/1624 
f 1600/1858/1600 1624/1883/1624 1599/1857/1599 
f 1627/1886/1627 1645/1905/1645 1634/1893/1634 
f 1627/1886/1627 1634/1893/1634 1625/1884/1625 
f 1634/1893/1634 1645/1905/1645 1635/1894/1635 
f 1645/1905/1645 1646/1906/1646 1635/1894/1635 
f 1647/1907/1647 1636/1895/1636 1646/1906/1646 
f 1636/1895/1636 1635/1894/1635 1646/1906/1646 
f 1648/1908/1648 1637/1896/1637 1647/1907/1647 
f 1637/1896/1637 1636/1895/1636 1647/1907/1647 
f 1616/1875/1616 1613/1872/1613 1614/1873/1614 
f 1613/1872/1613 1612/1871/1612 1614/1873/1614 
f 1637/1896/1637 1648/1908/1648 1612/1871/1612 
f 1648/1908/1648 1614/1873/1614 1612/1871/1612 
f 1613/1872/1613 1616/1875/1616 1638/1897/1638 
f 1616/1875/1616 1649/1909/1649 1638/1897/1638 
f 1649/1909/1649 1650/1910/1650 1639/1898/1639 
f 1649/1909/1649 1639/1898/1639 1638/1897/1638 
f 1639/1898/1639 1650/1910/1650 1640/1899/1640 
f 1650/1910/1650 1651/1911/1651 1640/1899/1640 
f 1640/1901/1640 1651/1912/1651 1652/1913/1652 
f 1640/1901/1640 1652/1913/1652 1641/1900/1641 
f 1485/1737/1485 1653/1914/1653 1642/1902/1642 
f 1485/1737/1485 1642/1902/1642 1429/1678/1429 
f 1652/1913/1652 1654/1915/1654 1641/1900/1641 
f 1654/1915/1654 1643/1903/1643 1641/1900/1641 
f 1655/1916/1655 1644/1904/1644 1654/1915/1654 
f 1644/1904/1644 1643/1903/1643 1654/1915/1654 
f 1624/1883/1624 1644/1904/1644 1655/1916/1655 
f 1624/1883/1624 1655/1916/1655 1626/1885/1626 
f 1655/1916/1655 1656/1917/1656 1626/1885/1626 
f 1656/1917/1656 1628/1887/1628 1626/1885/1626 
f 1656/1917/1656 1655/1916/1655 1657/1918/1657 
f 1655/1916/1655 1654/1915/1654 1657/1918/1657 
f 1658/1919/1658 1652/1913/1652 1651/1912/1651 
f 1658/1919/1658 1651/1912/1651 1659/1920/1659 
f 1652/1913/1652 1658/1919/1658 1654/1915/1654 
f 1658/1919/1658 1657/1918/1657 1654/1915/1654 
f 1486/1738/1486 1660/1921/1660 1653/1914/1653 
f 1486/1738/1486 1653/1914/1653 1485/1737/1485 
f 1659/1922/1659 1651/1911/1651 1661/1923/1661 
f 1651/1911/1651 1650/1910/1650 1661/1923/1661 
f 1662/1924/1662 1661/1923/1661 1650/1910/1650 
f 1662/1924/1662 1650/1910/1650 1649/1909/1649 
f 1617/1876/1617 1662/1924/1662 1649/1909/1649 
f 1617/1876/1617 1649/1909/1649 1616/1875/1616 
f 1615/1874/1615 1614/1873/1614 1663/1925/1663 
f 1614/1873/1614 1648/1908/1648 1663/1925/1663 
f 1663/1925/1663 1648/1908/1648 1664/1926/1664 
f 1648/1908/1648 1647/1907/1647 1664/1926/1664 
f 1664/1926/1664 1647/1907/1647 1665/1927/1665 
f 1647/1907/1647 1646/1906/1646 1665/1927/1665 
f 1666/1928/1666 1665/1927/1665 1646/1906/1646 
f 1666/1928/1666 1646/1906/1646 1645/1905/1645 
f 1629/1888/1629 1666/1928/1666 1645/1905/1645 
f 1629/1888/1629 1645/1905/1645 1627/1886/1627 
f 1667/1929/1667 1630/1889/1630 1628/1887/1628 
f 1667/1929/1667 1628/1887/1628 1656/1917/1656 
f 1668/1930/1668 1667/1929/1667 1657/1918/1657 
f 1667/1929/1667 1656/1917/1656 1657/1918/1657 
f 1658/1919/1658 1669/1931/1669 1668/1930/1668 
f 1658/1919/1658 1668/1930/1668 1657/1918/1657 
f 1669/1931/1669 1658/1919/1658 1659/1920/1659 
f 1669/1931/1669 1659/1920/1659 1670/1932/1670 
f 1660/1921/1660 1486/1738/1486 1487/1739/1487 
f 1660/1921/1660 1487/1739/1487 1671/1933/1671 
f 1670/1934/1670 1659/1922/1659 1672/1935/1672 
f 1659/1922/1659 1661/1923/1661 1672/1935/1672 
f 1673/1936/1673 1672/1935/1672 1661/1923/1661 
f 1673/1936/1673 1661/1923/1661 1662/1924/1662 
f 1619/1878/1619 1620/1937/1620 1618/1877/1618 
f 1620/1937/1620 1623/1938/1623 1618/1877/1618 
f 1662/1924/1662 1617/1876/1617 1618/1877/1618 
f 1662/1924/1662 1618/1877/1618 1673/1936/1673 
f 1663/1925/1663 1674/1939/1674 1615/1874/1615 
f 1674/1939/1674 1619/1878/1619 1615/1874/1615 
f 1664/1926/1664 1675/1940/1675 1663/1925/1663 
f 1675/1940/1675 1674/1939/1674 1663/1925/1663 
f 1675/1940/1675 1664/1926/1664 1676/1941/1676 
f 1664/1926/1664 1665/1927/1665 1676/1941/1676 
f 1666/1928/1666 1677/1942/1677 1665/1927/1665 
f 1677/1942/1677 1676/1941/1676 1665/1927/1665 
f 1677/1942/1677 1666/1928/1666 1631/1890/1631 
f 1666/1928/1666 1629/1888/1629 1631/1890/1631 
f 1678/1943/1678 1673/1936/1673 1623/1938/1623 
f 1673/1936/1673 1618/1877/1618 1623/1938/1623 
f 1673/1936/1673 1678/1943/1678 1672/1935/1672 
f 1678/1943/1678 1679/1944/1679 1672/1935/1672 
f 1680/1945/1680 1670/1934/1670 1679/1944/1679 
f 1670/1934/1670 1672/1935/1672 1679/1944/1679 
f 1670/1932/1670 1680/1946/1680 1681/1947/1681 
f 1670/1932/1670 1681/1947/1681 1669/1931/1669 
f 1671/1933/1671 1487/1739/1487 1682/1948/1682 
f 1487/1739/1487 1488/1740/1488 1682/1948/1682 
f 1683/1949/1683 1668/1930/1668 1681/1947/1681 
f 1668/1930/1668 1669/1931/1669 1681/1947/1681 
f 1684/1950/1684 1667/1929/1667 1683/1949/1683 
f 1667/1929/1667 1668/1930/1668 1683/1949/1683 
f 1684/1950/1684 1632/1891/1632 1630/1889/1630 
f 1684/1950/1684 1630/1889/1630 1667/1929/1667 
f 1631/1890/1631 1633/1892/1633 1677/1942/1677 
f 1633/1892/1633 1685/1951/1685 1677/1942/1677 
f 1686/1952/1686 1676/1941/1676 1677/1942/1677 
f 1686/1952/1686 1677/1942/1677 1685/1951/1685 
f 1687/1953/1687 1675/1940/1675 1686/1952/1686 
f 1675/1940/1675 1676/1941/1676 1686/1952/1686 
f 1687/1953/1687 1688/1954/1688 1674/1939/1674 
f 1687/1953/1687 1674/1939/1674 1675/1940/1675 
f 1620/1937/1620 1619/1878/1619 1688/1954/1688 
f 1619/1878/1619 1674/1939/1674 1688/1954/1688 
f 1688/1955/1688 1689/1956/1689 1621/1880/1621 
f 1688/1955/1688 1621/1880/1621 1620/1879/1620 
f 1688/1955/1688 1687/1957/1687 1690/1958/1690 
f 1688/1955/1688 1690/1958/1690 1689/1956/1689 
f 1687/1957/1687 1686/1959/1686 1691/1960/1691 
f 1687/1957/1687 1691/1960/1691 1690/1958/1690 
f 1691/1960/1691 1686/1959/1686 1692/1961/1692 
f 1686/1959/1686 1685/1962/1685 1692/1961/1692 
f 1633/1963/1633 1693/1964/1693 1685/1962/1685 
f 1693/1964/1693 1692/1961/1692 1685/1962/1685 
f 1632/1965/1632 1694/1966/1694 1633/1963/1633 
f 1694/1966/1694 1693/1964/1693 1633/1963/1633 
f 1694/1966/1694 1632/1965/1632 1695/1967/1695 
f 1632/1965/1632 1684/1968/1684 1695/1967/1695 
f 1683/1969/1683 1696/1970/1696 1684/1968/1684 
f 1696/1970/1696 1695/1967/1695 1684/1968/1684 
f 1696/1970/1696 1683/1969/1683 1697/1971/1697 
f 1683/1969/1683 1681/1972/1681 1697/1971/1697 
f 1697/1971/1697 1681/1972/1681 1680/1973/1680 
f 1697/1971/1697 1680/1973/1680 1698/1974/1698 
f 1488/1742/1488 1489/1741/1489 1699/1975/1699 
f 1488/1742/1488 1699/1975/1699 1682/1976/1682 
f 1698/1974/1698 1680/1973/1680 1679/1977/1679 
f 1698/1974/1698 1679/1977/1679 1700/1978/1700 
f 1700/1978/1700 1679/1977/1679 1701/1979/1701 
f 1679/1977/1679 1678/1980/1678 1701/1979/1701 
f 1701/1979/1701 1678/1980/1678 1622/1981/1622 
f 1678/1980/1678 1623/1982/1623 1622/1981/1622 
f 1702/1983/1702 1703/1984/1703 1704/1985/1704 
f 1703/1984/1703 1705/1986/1705 1704/1985/1704 
f 1706/1987/1706 1707/1988/1707 1708/1989/1708 
f 1706/1987/1706 1708/1989/1708 1709/1990/1709 
f 1710/1991/1710 1708/1989/1708 1711/1992/1711 
f 1708/1989/1708 1707/1988/1707 1711/1992/1711 
f 1712/1993/1712 1713/1994/1713 1714/1995/1714 
f 1713/1994/1713 1715/1996/1715 1714/1995/1714 
f 1709/1990/1709 1708/1989/1708 1710/1991/1710 
f 1709/1990/1709 1710/1991/1710 1716/1997/1716 
f 1717/1998/1717 1718/1999/1718 1719/2000/1719 
f 1717/1998/1717 1719/2000/1719 1720/2001/1720 
f 1716/1997/1716 1710/1991/1710 1721/2002/1721 
f 1716/1997/1716 1721/2002/1721 1722/2003/1722 
f 1721/2002/1721 1710/1991/1710 1711/1992/1711 
f 1721/2002/1721 1711/1992/1711 1723/2004/1723 
f 1704/1985/1704 1717/1998/1717 1720/2001/1720 
f 1704/1985/1704 1720/2001/1720 1702/1983/1702 
f 1722/2003/1722 1721/2002/1721 1713/1994/1713 
f 1722/2003/1722 1713/1994/1713 1712/1993/1712 
f 1723/2004/1723 1715/1996/1715 1713/1994/1713 
f 1723/2004/1723 1713/1994/1713 1721/2002/1721 
f 1717/1998/1717 1704/1985/1704 1691/1960/1691 
f 1704/1985/1704 1690/1958/1690 1691/1960/1691 
f 1691/1960/1691 1718/1999/1718 1717/1998/1717 
f 1690/1958/1690 1704/1985/1704 1705/1986/1705 
f 1724/2005/1724 1718/1999/1718 1692/1961/1692 
f 1718/1999/1718 1691/1960/1691 1692/1961/1692 
f 1724/2005/1724 1692/1961/1692 1693/1964/1693 
f 1724/2005/1724 1693/1964/1693 1725/2006/1725 
f 1689/1956/1689 1690/1958/1690 1705/1986/1705 
f 1689/1956/1689 1705/1986/1705 1726/2007/1726 
f 1726/2007/1726 1727/2008/1727 1621/1880/1621 
f 1726/2007/1726 1621/1880/1621 1689/1956/1689 
f 1728/2009/1728 1622/1881/1622 1727/2008/1727 
f 1622/1881/1622 1621/1880/1621 1727/2008/1727 
f 1729/2010/1729 1701/1979/1701 1622/1981/1622 
f 1729/2010/1729 1622/1981/1622 1728/2011/1728 
f 1730/2012/1730 1700/1978/1700 1729/2010/1729 
f 1700/1978/1700 1701/1979/1701 1729/2010/1729 
f 1731/2013/1731 1698/1974/1698 1700/1978/1700 
f 1731/2013/1731 1700/1978/1700 1730/2012/1730 
f 1731/2013/1731 1732/2014/1732 1697/1971/1697 
f 1731/2013/1731 1697/1971/1697 1698/1974/1698 
f 1699/1975/1699 1489/1741/1489 1733/2015/1733 
f 1489/1741/1489 1490/1743/1490 1733/2015/1733 
f 1696/1970/1696 1697/1971/1697 1732/2014/1732 
f 1696/1970/1696 1732/2014/1732 1734/2016/1734 
f 1734/2016/1734 1735/2017/1735 1695/1967/1695 
f 1734/2016/1734 1695/1967/1695 1696/1970/1696 
f 1694/1966/1694 1695/1967/1695 1735/2017/1735 
f 1694/1966/1694 1735/2017/1735 1736/2018/1736 
f 1736/2018/1736 1725/2006/1725 1693/1964/1693 
f 1736/2018/1736 1693/1964/1693 1694/1966/1694 
f 1714/1995/1714 1715/1996/1715 1737/2019/1737 
f 1715/1996/1715 1738/2020/1738 1737/2019/1737 
f 1737/2019/1737 1738/2020/1738 1739/2021/1739 
f 1737/2019/1737 1739/2021/1739 1740/2022/1740 
f 1740/2022/1740 1739/2021/1739 1741/2023/1741 
f 1739/2021/1739 1742/2024/1742 1741/2023/1741 
f 1741/2025/1741 1742/2026/1742 1743/2027/1743 
f 1741/2025/1741 1743/2027/1743 1744/2028/1744 
f 1744/2028/1744 1743/2027/1743 1745/2029/1745 
f 1744/2028/1744 1745/2029/1745 1746/2030/1746 
f 1746/2030/1746 1745/2029/1745 1747/2031/1747 
f 1746/2030/1746 1747/2031/1747 1748/2032/1748 
f 1748/2032/1748 1747/2031/1747 1749/2033/1749 
f 1747/2031/1747 1750/2034/1750 1749/2033/1749 
f 1733/2015/1733 1490/1743/1490 1751/2035/1751 
f 1490/1743/1490 1491/1744/1491 1751/2035/1751 
f 1749/2033/1749 1750/2034/1750 1752/2036/1752 
f 1750/2034/1750 1753/2037/1753 1752/2036/1752 
f 1752/2036/1752 1753/2037/1753 1754/2038/1754 
f 1753/2037/1753 1755/2039/1755 1754/2038/1754 
f 1754/2038/1754 1755/2039/1755 1756/2040/1756 
f 1755/2039/1755 1757/2041/1757 1756/2040/1756 
f 1756/2040/1756 1757/2041/1757 1758/2042/1758 
f 1757/2041/1757 1759/2043/1759 1758/2042/1758 
f 1760/2044/1760 1724/2005/1724 1758/2042/1758 
f 1724/2005/1724 1725/2006/1725 1758/2042/1758 
f 1760/2044/1760 1761/2045/1761 1706/1987/1706 
f 1761/2045/1761 1707/1988/1707 1706/1987/1706 
f 1762/2046/1762 1711/1992/1711 1707/1988/1707 
f 1762/2046/1762 1707/1988/1707 1763/2047/1763 
f 1723/2004/1723 1711/1992/1711 1764/2048/1764 
f 1711/1992/1711 1762/2046/1762 1764/2048/1764 
f 1764/2048/1764 1765/2049/1765 1723/2004/1723 
f 1765/2049/1765 1715/1996/1715 1723/2004/1723 
f 1763/2047/1763 1707/1988/1707 1766/2050/1766 
f 1707/1988/1707 1761/2045/1761 1766/2050/1766 
f 1766/2050/1766 1761/2045/1761 1767/2051/1767 
f 1761/2045/1761 1759/2043/1759 1767/2051/1767 
f 1757/2041/1757 1768/2052/1768 1759/2043/1759 
f 1768/2052/1768 1767/2051/1767 1759/2043/1759 
f 1768/2052/1768 1757/2041/1757 1769/2053/1769 
f 1757/2041/1757 1755/2039/1755 1769/2053/1769 
f 1769/2053/1769 1755/2039/1755 1770/2054/1770 
f 1755/2039/1755 1753/2037/1753 1770/2054/1770 
f 1753/2037/1753 1750/2034/1750 1771/2055/1771 
f 1753/2037/1753 1771/2055/1771 1770/2054/1770 
f 1771/2055/1771 1750/2034/1750 1772/2056/1772 
f 1750/2034/1750 1747/2031/1747 1772/2056/1772 
f 1491/1744/1491 1493/1746/1493 1773/2057/1773 
f 1491/1744/1491 1773/2057/1773 1751/2035/1751 
f 1774/2058/1774 1772/2056/1772 1745/2029/1745 
f 1772/2056/1772 1747/2031/1747 1745/2029/1745 
f 1743/2027/1743 1775/2059/1775 1774/2058/1774 
f 1743/2027/1743 1774/2058/1774 1745/2029/1745 
f 1776/2060/1776 1775/2059/1775 1742/2026/1742 
f 1775/2059/1775 1743/2027/1743 1742/2026/1742 
f 1777/2061/1777 1776/2062/1776 1739/2021/1739 
f 1776/2062/1776 1742/2024/1742 1739/2021/1739 
f 1739/2021/1739 1738/2020/1738 1777/2061/1777 
f 1738/2020/1738 1778/2063/1778 1777/2061/1777 
f 1765/2049/1765 1778/2063/1778 1715/1996/1715 
f 1778/2063/1778 1738/2020/1738 1715/1996/1715 
f 1763/2047/1763 1779/2064/1779 1762/2046/1762 
f 1779/2064/1779 1780/2065/1780 1762/2046/1762 
f 1781/2066/1781 1764/2048/1764 1762/2046/1762 
f 1781/2066/1781 1762/2046/1762 1780/2065/1780 
f 1782/2067/1782 1765/2049/1765 1764/2048/1764 
f 1782/2067/1782 1764/2048/1764 1781/2066/1781 
f 1783/2068/1783 1784/2069/1784 1782/2067/1782 
f 1784/2069/1784 1765/2049/1765 1782/2067/1782 
f 1778/2063/1778 1765/2049/1765 1784/2069/1784 
f 1778/2063/1778 1784/2069/1784 1785/2070/1785 
f 1786/2071/1786 1787/2072/1787 1776/2060/1776 
f 1787/2072/1787 1775/2059/1775 1776/2060/1776 
f 1788/2073/1788 1786/2074/1786 1776/2062/1776 
f 1788/2073/1788 1776/2062/1776 1777/2061/1777 
f 1777/2061/1777 1778/2063/1778 1785/2070/1785 
f 1777/2061/1777 1785/2070/1785 1788/2073/1788 
f 1774/2058/1774 1775/2059/1775 1789/2075/1789 
f 1775/2059/1775 1787/2072/1787 1789/2075/1789 
f 1789/2075/1789 1790/2076/1790 1774/2058/1774 
f 1790/2076/1790 1772/2056/1772 1774/2058/1774 
f 1791/2077/1791 1771/2055/1771 1790/2076/1790 
f 1771/2055/1771 1772/2056/1772 1790/2076/1790 
f 1792/2078/1792 1773/2057/1773 1493/1746/1493 
f 1792/2078/1792 1493/1746/1493 1492/1745/1492 
f 1770/2054/1770 1771/2055/1771 1791/2077/1791 
f 1770/2054/1770 1791/2077/1791 1793/2079/1793 
f 1769/2053/1769 1770/2054/1770 1794/2080/1794 
f 1770/2054/1770 1793/2079/1793 1794/2080/1794 
f 1768/2052/1768 1769/2053/1769 1794/2080/1794 
f 1768/2052/1768 1794/2080/1794 1795/2081/1795 
f 1767/2051/1767 1768/2052/1768 1795/2081/1795 
f 1767/2051/1767 1795/2081/1795 1796/2082/1796 
f 1797/2083/1797 1766/2050/1766 1796/2082/1796 
f 1766/2050/1766 1767/2051/1767 1796/2082/1796 
f 1798/2084/1798 1763/2047/1763 1797/2083/1797 
f 1763/2047/1763 1766/2050/1766 1797/2083/1797 
f 1763/2047/1763 1798/2084/1798 1779/2064/1779 
f 1798/2084/1798 1799/2085/1799 1779/2064/1779 
f 1800/2086/1800 1780/2065/1780 1779/2064/1779 
f 1800/2086/1800 1779/2064/1779 1799/2085/1799 
f 1801/2087/1801 1781/2066/1781 1780/2065/1780 
f 1801/2087/1801 1780/2065/1780 1800/2086/1800 
f 1801/2087/1801 1783/2068/1783 1782/2067/1782 
f 1801/2087/1801 1782/2067/1782 1781/2066/1781 
f 1758/2042/1758 1759/2043/1759 1760/2044/1760 
f 1759/2043/1759 1761/2045/1761 1760/2044/1760 
f 1706/1987/1706 1718/1999/1718 1760/2044/1760 
f 1718/1999/1718 1724/2005/1724 1760/2044/1760 
f 1709/1990/1709 1719/2000/1719 1706/1987/1706 
f 1719/2000/1719 1718/1999/1718 1706/1987/1706 
f 1716/1997/1716 1720/2001/1720 1719/2000/1719 
f 1716/1997/1716 1719/2000/1719 1709/1990/1709 
f 1722/2003/1722 1702/1983/1702 1720/2001/1720 
f 1722/2003/1722 1720/2001/1720 1716/1997/1716 
f 1712/1993/1712 1703/1984/1703 1702/1983/1702 
f 1712/1993/1712 1702/1983/1702 1722/2003/1722 
f 1714/1995/1714 1705/1986/1705 1703/1984/1703 
f 1714/1995/1714 1703/1984/1703 1712/1993/1712 
f 1737/2019/1737 1726/2007/1726 1714/1995/1714 
f 1726/2007/1726 1705/1986/1705 1714/1995/1714 
f 1740/2022/1740 1727/2008/1727 1737/2019/1737 
f 1727/2008/1727 1726/2007/1726 1737/2019/1737 
f 1741/2023/1741 1728/2009/1728 1740/2022/1740 
f 1728/2009/1728 1727/2008/1727 1740/2022/1740 
f 1744/2028/1744 1729/2010/1729 1728/2011/1728 
f 1744/2028/1744 1728/2011/1728 1741/2025/1741 
f 1746/2030/1746 1730/2012/1730 1729/2010/1729 
f 1746/2030/1746 1729/2010/1729 1744/2028/1744 
f 1748/2032/1748 1731/2013/1731 1730/2012/1730 
f 1748/2032/1748 1730/2012/1730 1746/2030/1746 
f 1749/2033/1749 1732/2014/1732 1748/2032/1748 
f 1732/2014/1732 1731/2013/1731 1748/2032/1748 
f 1492/1745/1492 1494/1747/1494 1802/2088/1802 
f 1492/1745/1492 1802/2088/1802 1792/2078/1792 
f 1752/2036/1752 1734/2016/1734 1749/2033/1749 
f 1734/2016/1734 1732/2014/1732 1749/2033/1749 
f 1754/2038/1754 1735/2017/1735 1752/2036/1752 
f 1735/2017/1735 1734/2016/1734 1752/2036/1752 
f 1756/2040/1756 1736/2018/1736 1754/2038/1754 
f 1736/2018/1736 1735/2017/1735 1754/2038/1754 
f 1758/2042/1758 1725/2006/1725 1756/2040/1756 
f 1725/2006/1725 1736/2018/1736 1756/2040/1756 
f 1799/2085/1799 1798/2084/1798 1803/2089/1803 
f 1798/2084/1798 1804/2090/1804 1803/2089/1803 
f 1799/2085/1799 1803/2089/1803 1805/2091/1805 
f 1799/2085/1799 1805/2091/1805 1800/2086/1800 
f 1805/2091/1805 1806/2092/1806 1800/2086/1800 
f 1806/2092/1806 1801/2087/1801 1800/2086/1800 
f 1807/2093/1807 1783/2068/1783 1806/2092/1806 
f 1783/2068/1783 1801/2087/1801 1806/2092/1806 
f 1807/2093/1807 1808/2094/1808 1784/2069/1784 
f 1807/2093/1807 1784/2069/1784 1783/2068/1783 
f 1785/2070/1785 1784/2069/1784 1809/2095/1809 
f 1784/2069/1784 1808/2094/1808 1809/2095/1809 
f 1788/2073/1788 1785/2070/1785 1809/2095/1809 
f 1788/2073/1788 1809/2095/1809 1810/2096/1810 
f 1786/2074/1786 1788/2073/1788 1810/2096/1810 
f 1786/2074/1786 1810/2096/1810 1811/2097/1811 
f 1812/2098/1812 1787/2072/1787 1786/2071/1786 
f 1812/2098/1812 1786/2071/1786 1811/2099/1811 
f 1812/2098/1812 1813/2100/1813 1787/2072/1787 
f 1813/2100/1813 1789/2075/1789 1787/2072/1787 
f 1813/2100/1813 1814/2101/1814 1789/2075/1789 
f 1814/2101/1814 1790/2076/1790 1789/2075/1789 
f 1815/2102/1815 1791/2077/1791 1814/2101/1814 
f 1791/2077/1791 1790/2076/1790 1814/2101/1814 
f 1494/1747/1494 1496/1749/1496 1816/2103/1816 
f 1494/1747/1494 1816/2103/1816 1802/2088/1802 
f 1815/2102/1815 1817/2104/1817 1793/2079/1793 
f 1815/2102/1815 1793/2079/1793 1791/2077/1791 
f 1817/2104/1817 1818/2105/1818 1794/2080/1794 
f 1817/2104/1817 1794/2080/1794 1793/2079/1793 
f 1818/2105/1818 1819/2106/1819 1795/2081/1795 
f 1818/2105/1818 1795/2081/1795 1794/2080/1794 
f 1820/2107/1820 1796/2082/1796 1819/2106/1819 
f 1796/2082/1796 1795/2081/1795 1819/2106/1819 
f 1821/2108/1821 1797/2083/1797 1820/2107/1820 
f 1797/2083/1797 1796/2082/1796 1820/2107/1820 
f 1821/2108/1821 1804/2090/1804 1798/2084/1798 
f 1821/2108/1821 1798/2084/1798 1797/2083/1797 
f 1822/2109/1822 1805/2091/1805 1803/2089/1803 
f 1822/2109/1822 1803/2089/1803 1804/2090/1804 
f 1823/2110/1823 1806/2092/1806 1822/2109/1822 
f 1806/2092/1806 1805/2091/1805 1822/2109/1822 
f 1808/2094/1808 1807/2093/1807 1823/2110/1823 
f 1807/2093/1807 1806/2092/1806 1823/2110/1823 
f 1824/2111/1824 1821/2108/1821 1820/2107/1820 
f 1824/2111/1824 1820/2107/1820 1825/2112/1825 
f 1819/2106/1819 1826/2113/1826 1820/2107/1820 
f 1826/2113/1826 1825/2112/1825 1820/2107/1820 
f 1824/2111/1824 1827/2114/1827 1804/2090/1804 
f 1824/2111/1824 1804/2090/1804 1821/2108/1821 
f 1828/2115/1828 1822/2109/1822 1827/2114/1827 
f 1822/2109/1822 1804/2090/1804 1827/2114/1827 
f 1829/2116/1829 1823/2110/1823 1822/2109/1822 
f 1829/2116/1829 1822/2109/1822 1828/2115/1828 
f 1808/2094/1808 1823/2110/1823 1830/2117/1830 
f 1823/2110/1823 1829/2116/1829 1830/2117/1830 
f 1809/2095/1809 1808/2094/1808 1831/2118/1831 
f 1808/2094/1808 1830/2117/1830 1831/2118/1831 
f 1809/2095/1809 1831/2118/1831 1810/2096/1810 
f 1831/2118/1831 1832/2119/1832 1810/2096/1810 
f 1832/2119/1832 1833/2120/1833 1811/2097/1811 
f 1832/2119/1832 1811/2097/1811 1810/2096/1810 
f 1811/2099/1811 1833/2121/1833 1834/2122/1834 
f 1811/2099/1811 1834/2122/1834 1812/2098/1812 
f 1835/2123/1835 1813/2100/1813 1812/2098/1812 
f 1835/2123/1835 1812/2098/1812 1834/2122/1834 
f 1835/2123/1835 1836/2124/1836 1813/2100/1813 
f 1836/2124/1836 1814/2101/1814 1813/2100/1813 
f 1837/2125/1837 1815/2102/1815 1836/2124/1836 
f 1815/2102/1815 1814/2101/1814 1836/2124/1836 
f 1838/2126/1838 1816/2103/1816 1496/1749/1496 
f 1838/2126/1838 1496/1749/1496 1495/1748/1495 
f 1837/2125/1837 1839/2127/1839 1817/2104/1817 
f 1837/2125/1837 1817/2104/1817 1815/2102/1815 
f 1817/2104/1817 1839/2127/1839 1818/2105/1818 
f 1839/2127/1839 1840/2128/1840 1818/2105/1818 
f 1826/2113/1826 1819/2106/1819 1840/2128/1840 
f 1819/2106/1819 1818/2105/1818 1840/2128/1840 
f 1824/2111/1824 1825/2112/1825 1841/2129/1841 
f 1825/2112/1825 1842/2130/1842 1841/2129/1841 
f 1842/2130/1842 1825/2112/1825 1843/2131/1843 
f 1825/2112/1825 1826/2113/1826 1843/2131/1843 
f 1841/2129/1841 1842/2130/1842 1844/2132/1844 
f 1842/2130/1842 1845/2133/1845 1844/2132/1844 
f 1842/2130/1842 1843/2131/1843 1846/2134/1846 
f 1842/2130/1842 1846/2134/1846 1845/2133/1845 
f 1847/2135/1847 1848/2136/1848 1841/2129/1841 
f 1847/2135/1847 1841/2129/1841 1844/2132/1844 
f 1849/2137/1849 1848/2136/1848 1850/2138/1850 
f 1848/2136/1848 1847/2135/1847 1850/2138/1850 
f 1851/2139/1851 1852/2140/1852 1846/2134/1846 
f 1851/2139/1851 1846/2134/1846 1843/2131/1843 
f 1853/2141/1853 1854/2142/1854 1855/2143/1855 
f 1853/2141/1853 1855/2143/1855 1856/2144/1856 
f 1843/2131/1843 1826/2113/1826 1857/2145/1857 
f 1826/2113/1826 1840/2128/1840 1857/2145/1857 
f 1840/2128/1840 1839/2127/1839 1858/2146/1858 
f 1840/2128/1840 1858/2146/1858 1857/2145/1857 
f 1851/2139/1851 1843/2131/1843 1857/2145/1857 
f 1851/2139/1851 1857/2145/1857 1859/2147/1859 
f 1853/2141/1853 1851/2139/1851 1859/2147/1859 
f 1853/2141/1853 1859/2147/1859 1860/2148/1860 
f 1861/2149/1861 1859/2147/1859 1857/2145/1857 
f 1861/2149/1861 1857/2145/1857 1858/2146/1858 
f 1860/2148/1860 1859/2147/1859 1861/2149/1861 
f 1860/2148/1860 1861/2149/1861 1862/2150/1862 
f 1856/2144/1856 1852/2140/1852 1851/2139/1851 
f 1856/2144/1856 1851/2139/1851 1853/2141/1853 
f 1860/2148/1860 1863/2151/1863 1854/2142/1854 
f 1860/2148/1860 1854/2142/1854 1853/2141/1853 
f 1862/2150/1862 1864/2152/1864 1863/2151/1863 
f 1862/2150/1862 1863/2151/1863 1860/2148/1860 
f 1865/2153/1865 1827/2114/1827 1824/2111/1824 
f 1865/2153/1865 1824/2111/1824 1841/2129/1841 
f 1827/2114/1827 1865/2153/1865 1866/2154/1866 
f 1827/2114/1827 1866/2154/1866 1828/2115/1828 
f 1867/2155/1867 1829/2116/1829 1828/2115/1828 
f 1867/2155/1867 1828/2115/1828 1866/2154/1866 
f 1867/2155/1867 1868/2156/1868 1829/2116/1829 
f 1868/2156/1868 1830/2117/1830 1829/2116/1829 
f 1831/2118/1831 1830/2117/1830 1869/2157/1869 
f 1830/2117/1830 1868/2156/1868 1869/2157/1869 
f 1869/2157/1869 1870/2158/1870 1831/2118/1831 
f 1870/2158/1870 1832/2119/1832 1831/2118/1831 
f 1870/2158/1870 1871/2159/1871 1832/2119/1832 
f 1871/2159/1871 1833/2120/1833 1832/2119/1832 
f 1833/2121/1833 1871/2160/1871 1872/2161/1872 
f 1833/2121/1833 1872/2161/1872 1834/2122/1834 
f 1872/2161/1872 1873/2162/1873 1834/2122/1834 
f 1873/2162/1873 1835/2123/1835 1834/2122/1834 
f 1873/2162/1873 1874/2163/1874 1835/2123/1835 
f 1874/2163/1874 1836/2124/1836 1835/2123/1835 
f 1837/2125/1837 1836/2124/1836 1875/2164/1875 
f 1836/2124/1836 1874/2163/1874 1875/2164/1875 
f 1557/1812/1557 1498/1751/1498 1497/1750/1497 
f 1557/1812/1557 1497/1750/1497 1563/1819/1563 
f 1858/2146/1858 1839/2127/1839 1837/2125/1837 
f 1858/2146/1858 1837/2125/1837 1875/2164/1875 
f 1841/2129/1841 1848/2136/1848 1865/2153/1865 
f 1848/2136/1848 1876/2165/1876 1865/2153/1865 
f 1866/2154/1866 1865/2153/1865 1877/2166/1877 
f 1865/2153/1865 1876/2165/1876 1877/2166/1877 
f 1866/2154/1866 1877/2166/1877 1878/2167/1878 
f 1866/2154/1866 1878/2167/1878 1867/2155/1867 
f 1869/2157/1869 1868/2156/1868 1879/2168/1879 
f 1868/2156/1868 1880/2169/1880 1879/2168/1879 
f 1867/2155/1867 1878/2167/1878 1880/2169/1880 
f 1867/2155/1867 1880/2169/1880 1868/2156/1868 
f 1879/2168/1879 1881/2170/1881 1870/2158/1870 
f 1879/2168/1879 1870/2158/1870 1869/2157/1869 
f 1871/2159/1871 1870/2158/1870 1882/2171/1882 
f 1870/2158/1870 1881/2170/1881 1882/2171/1882 
f 1882/2172/1882 1883/2173/1883 1871/2160/1871 
f 1883/2173/1883 1872/2161/1872 1871/2160/1871 
f 1883/2173/1883 1884/2174/1884 1873/2162/1873 
f 1883/2173/1883 1873/2162/1873 1872/2161/1872 
f 1873/2162/1873 1884/2174/1884 1885/2175/1885 
f 1873/2162/1873 1885/2175/1885 1874/2163/1874 
f 1885/2175/1885 1886/2176/1886 1875/2164/1875 
f 1885/2175/1885 1875/2164/1875 1874/2163/1874 
f 1558/1813/1558 1499/1752/1499 1498/1751/1498 
f 1558/1813/1558 1498/1751/1498 1557/1812/1557 
f 1861/2149/1861 1858/2146/1858 1886/2176/1886 
f 1858/2146/1858 1875/2164/1875 1886/2176/1886 
f 1861/2149/1861 1886/2176/1886 1887/2177/1887 
f 1861/2149/1861 1887/2177/1887 1862/2150/1862 
f 1886/2176/1886 1885/2175/1885 1887/2177/1887 
f 1885/2175/1885 1888/2178/1888 1887/2177/1887 
f 1558/1813/1558 1838/2126/1838 1495/1748/1495 
f 1558/1813/1558 1495/1748/1495 1499/1752/1499 
f 1888/2178/1888 1885/2175/1885 1884/2174/1884 
f 1888/2178/1888 1884/2174/1884 1889/2179/1889 
f 1889/2179/1889 1884/2174/1884 1890/2180/1890 
f 1884/2174/1884 1883/2173/1883 1890/2180/1890 
f 1891/2181/1891 1890/2180/1890 1882/2172/1882 
f 1890/2180/1890 1883/2173/1883 1882/2172/1882 
f 1892/2182/1892 1891/2183/1891 1882/2171/1882 
f 1892/2182/1892 1882/2171/1882 1881/2170/1881 
f 1879/2168/1879 1893/2184/1893 1881/2170/1881 
f 1893/2184/1893 1892/2182/1892 1881/2170/1881 
f 1894/2185/1894 1893/2184/1893 1879/2168/1879 
f 1894/2185/1894 1879/2168/1879 1880/2169/1880 
f 1878/2167/1878 1895/2186/1895 1880/2169/1880 
f 1895/2186/1895 1894/2185/1894 1880/2169/1880 
f 1877/2166/1877 1896/2187/1896 1878/2167/1878 
f 1896/2187/1896 1895/2186/1895 1878/2167/1878 
f 1876/2165/1876 1897/2188/1897 1877/2166/1877 
f 1897/2188/1897 1896/2187/1896 1877/2166/1877 
f 1850/2138/1850 1898/2189/1898 1849/2137/1849 
f 1898/2189/1898 1899/2190/1899 1849/2137/1849 
f 1849/2137/1849 1897/2188/1897 1848/2136/1848 
f 1897/2188/1897 1876/2165/1876 1848/2136/1848 
f 1900/2191/1900 1897/2188/1897 1899/2190/1899 
f 1897/2188/1897 1849/2137/1849 1899/2190/1899 
f 1897/2188/1897 1900/2191/1900 1896/2187/1896 
f 1900/2191/1900 1901/2192/1901 1896/2187/1896 
f 1896/2187/1896 1901/2192/1901 1895/2186/1895 
f 1901/2192/1901 1902/2193/1902 1895/2186/1895 
f 1903/2194/1903 1894/2185/1894 1902/2193/1902 
f 1894/2185/1894 1895/2186/1895 1902/2193/1902 
f 1893/2184/1893 1894/2185/1894 1903/2194/1903 
f 1893/2184/1893 1903/2194/1903 1904/2195/1904 
f 1905/2196/1905 1892/2182/1892 1904/2195/1904 
f 1892/2182/1892 1893/2184/1893 1904/2195/1904 
f 1906/2197/1906 1891/2183/1891 1905/2196/1905 
f 1891/2183/1891 1892/2182/1892 1905/2196/1905 
f 1891/2181/1891 1906/2198/1906 1890/2180/1890 
f 1906/2198/1906 1907/2199/1907 1890/2180/1890 
f 1907/2199/1907 1908/2200/1908 1889/2179/1889 
f 1907/2199/1907 1889/2179/1889 1890/2180/1890 
f 1889/2179/1889 1908/2200/1908 1909/2201/1909 
f 1889/2179/1889 1909/2201/1909 1888/2178/1888 
f 1888/2178/1888 1909/2201/1909 1887/2177/1887 
f 1909/2201/1909 1910/2202/1910 1887/2177/1887 
f 1590/1847/1590 1582/1839/1582 935/1122/935 
f 1582/1839/1582 1441/1690/1441 935/1122/935 
f 1910/2202/1910 1864/2152/1864 1862/2150/1862 
f 1910/2202/1910 1862/2150/1862 1887/2177/1887 
f 1856/2144/1856 1855/2143/1855 1911/2203/1911 
f 1856/2144/1856 1911/2203/1911 1912/2204/1912 
f 1852/2140/1852 1856/2144/1856 1912/2204/1912 
f 1852/2140/1852 1912/2204/1912 1913/2205/1913 
f 1912/2204/1912 1911/2203/1911 1914/2206/1914 
f 1911/2203/1911 1915/2207/1915 1914/2206/1914 
f 1916/2208/1916 1914/2206/1914 1915/2207/1915 
f 1916/2208/1916 1915/2207/1915 1917/2209/1917 
f 1852/2140/1852 1913/2205/1913 1846/2134/1846 
f 1913/2205/1913 1918/2210/1918 1846/2134/1846 
f 1919/2211/1919 1845/2133/1845 1918/2210/1918 
f 1845/2133/1845 1846/2134/1846 1918/2210/1918 
f 1844/2132/1844 1845/2133/1845 1920/2212/1920 
f 1845/2133/1845 1919/2211/1919 1920/2212/1920 
f 1920/2212/1920 1921/2213/1921 1844/2132/1844 
f 1921/2213/1921 1847/2135/1847 1844/2132/1844 
f 1850/2138/1850 1847/2135/1847 1922/2214/1922 
f 1847/2135/1847 1921/2213/1921 1922/2214/1922 
f 1922/2214/1922 1923/2215/1923 1898/2189/1898 
f 1922/2214/1922 1898/2189/1898 1850/2138/1850 
f 1924/2216/1924 1925/2217/1925 1923/2215/1923 
f 1924/2216/1924 1923/2215/1923 1922/2214/1922 
f 1926/2218/1926 1927/2219/1927 1928/2220/1928 
f 1927/2219/1927 1929/2221/1929 1928/2220/1928 
f 1929/2221/1929 1927/2219/1927 1930/2222/1930 
f 1927/2219/1927 1931/2223/1931 1930/2222/1930 
f 1932/2224/1932 1933/2225/1933 1930/2222/1930 
f 1932/2224/1932 1930/2222/1930 1931/2223/1931 
f 1934/2226/1934 1913/2205/1913 1914/2206/1914 
f 1913/2205/1913 1912/2204/1912 1914/2206/1914 
f 1916/2208/1916 1932/2224/1932 1935/2227/1935 
f 1932/2224/1932 1936/2228/1936 1935/2227/1935 
f 1937/2229/1937 1936/2228/1936 1932/2224/1932 
f 1937/2229/1937 1932/2224/1932 1931/2223/1931 
f 1927/2219/1927 1938/2230/1938 1931/2223/1931 
f 1938/2230/1938 1937/2229/1937 1931/2223/1931 
f 1926/2218/1926 1924/2216/1924 1939/2231/1939 
f 1926/2218/1926 1939/2231/1939 1940/2232/1940 
f 1939/2231/1939 1924/2216/1924 1921/2213/1921 
f 1924/2216/1924 1922/2214/1922 1921/2213/1921 
f 1934/2226/1934 1941/2233/1941 1918/2210/1918 
f 1934/2226/1934 1918/2210/1918 1913/2205/1913 
f 1918/2210/1918 1941/2233/1941 1919/2211/1919 
f 1941/2233/1941 1942/2234/1942 1919/2211/1919 
f 1943/2235/1943 1920/2212/1920 1919/2211/1919 
f 1943/2235/1943 1919/2211/1919 1942/2234/1942 
f 1943/2235/1943 1939/2231/1939 1920/2212/1920 
f 1939/2231/1939 1921/2213/1921 1920/2212/1920 
f 1942/2234/1942 1937/2229/1937 1938/2230/1938 
f 1942/2234/1942 1938/2230/1938 1943/2235/1943 
f 1942/2234/1942 1941/2233/1941 1936/2228/1936 
f 1942/2234/1942 1936/2228/1936 1937/2229/1937 
f 1928/2220/1928 1925/2217/1925 1924/2216/1924 
f 1928/2220/1928 1924/2216/1924 1926/2218/1926 
f 1940/2232/1940 1938/2230/1938 1927/2219/1927 
f 1940/2232/1940 1927/2219/1927 1926/2218/1926 
f 1917/2209/1917 1933/2225/1933 1916/2208/1916 
f 1933/2225/1933 1932/2224/1932 1916/2208/1916 
f 1935/2227/1935 1934/2226/1934 1914/2206/1914 
f 1935/2227/1935 1914/2206/1914 1916/2208/1916 
f 1936/2228/1936 1941/2233/1941 1935/2227/1935 
f 1941/2233/1941 1934/2226/1934 1935/2227/1935 
f 1940/2232/1940 1939/2231/1939 1943/2235/1943 
f 1940/2232/1940 1943/2235/1943 1938/2230/1938 
f 1944/2236/1944 1930/2237/1930 1945/2238/1945 
f 1930/2237/1930 1933/2239/1933 1945/2238/1945 
f 1930/2237/1930 1944/2236/1944 1946/2240/1946 
f 1930/2237/1930 1946/2240/1946 1929/2241/1929 
f 1947/2242/1947 1928/2243/1928 1946/2240/1946 
f 1928/2243/1928 1929/2241/1929 1946/2240/1946 
f 1928/2243/1928 1947/2242/1947 1925/2244/1925 
f 1947/2242/1947 1948/2245/1948 1925/2244/1925 
f 1925/2244/1925 1948/2245/1948 1923/2246/1923 
f 1948/2245/1948 1949/2247/1949 1923/2246/1923 
f 1923/2246/1923 1949/2247/1949 1898/2248/1898 
f 1949/2247/1949 1950/2249/1950 1898/2248/1898 
f 1898/2248/1898 1950/2249/1950 1899/2250/1899 
f 1950/2249/1950 1951/2251/1951 1899/2250/1899 
f 1899/2250/1899 1951/2251/1951 1900/2252/1900 
f 1951/2251/1951 1952/2253/1952 1900/2252/1900 
f 1900/2252/1900 1952/2253/1952 1901/2254/1901 
f 1952/2253/1952 1953/2255/1953 1901/2254/1901 
f 1901/2254/1901 1953/2255/1953 1902/2256/1902 
f 1953/2255/1953 1954/2257/1954 1902/2256/1902 
f 1902/2256/1902 1954/2257/1954 1955/2258/1955 
f 1902/2256/1902 1955/2258/1955 1903/2259/1903 
f 1956/2260/1956 1904/2261/1904 1903/2259/1903 
f 1956/2260/1956 1903/2259/1903 1955/2258/1955 
f 1904/2261/1904 1956/2260/1956 1957/2262/1957 
f 1904/2261/1904 1957/2262/1957 1905/2263/1905 
f 1906/2264/1906 1905/2263/1905 1958/2265/1958 
f 1905/2263/1905 1957/2262/1957 1958/2265/1958 
f 1906/2264/1906 1958/2265/1958 1907/2266/1907 
f 1958/2265/1958 1959/2267/1959 1907/2266/1907 
f 1907/2266/1907 1959/2267/1959 1908/2268/1908 
f 1959/2267/1959 1960/2269/1960 1908/2268/1908 
f 1960/2269/1960 1961/2270/1961 1908/2268/1908 
f 1961/2270/1961 1909/2271/1909 1908/2268/1908 
f 1962/2272/1962 1910/2273/1910 1909/2271/1909 
f 1962/2272/1962 1909/2271/1909 1961/2270/1961 
f 1497/1750/1497 1441/1690/1441 1582/1839/1582 
f 1497/1750/1497 1582/1839/1582 1563/1819/1563 
f 1963/2274/1963 1864/2275/1864 1962/2272/1962 
f 1864/2275/1864 1910/2273/1910 1962/2272/1962 
f 1864/2275/1864 1963/2274/1963 1863/2276/1863 
f 1963/2274/1963 1964/2277/1964 1863/2276/1863 
f 1965/2278/1965 1854/2279/1854 1964/2277/1964 
f 1854/2279/1854 1863/2276/1863 1964/2277/1964 
f 1854/2279/1854 1965/2278/1965 1855/2280/1855 
f 1965/2278/1965 1966/2281/1966 1855/2280/1855 
f 1967/2282/1967 1911/2283/1911 1966/2281/1966 
f 1911/2283/1911 1855/2280/1855 1966/2281/1966 
f 1911/2283/1911 1967/2282/1967 1968/2284/1968 
f 1911/2283/1911 1968/2284/1968 1915/2285/1915 
f 1969/2286/1969 1917/2287/1917 1915/2285/1915 
f 1969/2286/1969 1915/2285/1915 1968/2284/1968 
f 1917/2287/1917 1969/2286/1969 1933/2239/1933 
f 1969/2286/1969 1945/2238/1945 1933/2239/1933 
f 1945/2238/1945 1969/2286/1969 1970/2288/1970 
f 1945/2238/1945 1970/2288/1970 1971/2289/1971 
f 1971/2289/1971 1972/2290/1972 1944/2236/1944 
f 1971/2289/1971 1944/2236/1944 1945/2238/1945 
f 1972/2290/1972 1973/2291/1973 1946/2240/1946 
f 1972/2290/1972 1946/2240/1946 1944/2236/1944 
f 1974/2292/1974 1947/2242/1947 1973/2291/1973 
f 1947/2242/1947 1946/2240/1946 1973/2291/1973 
f 1975/2293/1975 1948/2245/1948 1947/2242/1947 
f 1975/2293/1975 1947/2242/1947 1974/2292/1974 
f 1976/2294/1976 1949/2247/1949 1948/2245/1948 
f 1976/2294/1976 1948/2245/1948 1975/2293/1975 
f 1950/2249/1950 1949/2247/1949 1976/2294/1976 
f 1950/2249/1950 1976/2294/1976 1977/2295/1977 
f 1951/2251/1951 1950/2249/1950 1978/2296/1978 
f 1950/2249/1950 1977/2295/1977 1978/2296/1978 
f 1979/2297/1979 1952/2253/1952 1978/2296/1978 
f 1952/2253/1952 1951/2251/1951 1978/2296/1978 
f 1980/2298/1980 1953/2255/1953 1979/2297/1979 
f 1953/2255/1953 1952/2253/1952 1979/2297/1979 
f 1954/2257/1954 1953/2255/1953 1980/2298/1980 
f 1954/2257/1954 1980/2298/1980 1981/2299/1981 
f 1981/2299/1981 1982/2300/1982 1955/2258/1955 
f 1981/2299/1981 1955/2258/1955 1954/2257/1954 
f 1983/2301/1983 1956/2260/1956 1982/2300/1982 
f 1956/2260/1956 1955/2258/1955 1982/2300/1982 
f 1983/2301/1983 1984/2302/1984 1957/2262/1957 
f 1983/2301/1983 1957/2262/1957 1956/2260/1956 
f 1984/2302/1984 1985/2303/1985 1958/2265/1958 
f 1984/2302/1984 1958/2265/1958 1957/2262/1957 
f 1986/2304/1986 1959/2267/1959 1985/2303/1985 
f 1959/2267/1959 1958/2265/1958 1985/2303/1985 
f 1959/2267/1959 1986/2304/1986 1960/2269/1960 
f 1986/2304/1986 1987/2305/1987 1960/2269/1960 
f 1988/2306/1988 1961/2270/1961 1987/2305/1987 
f 1961/2270/1961 1960/2269/1960 1987/2305/1987 
f 1988/2306/1988 1989/2307/1989 1962/2272/1962 
f 1988/2306/1988 1962/2272/1962 1961/2270/1961 
f 1990/2308/1990 1991/2309/1991 1992/2310/1992 
f 1991/2309/1991 1993/2311/1993 1992/2310/1992 
f 1994/2312/1994 1963/2274/1963 1962/2272/1962 
f 1994/2312/1994 1962/2272/1962 1989/2307/1989 
f 1994/2312/1994 1995/2313/1995 1964/2277/1964 
f 1994/2312/1994 1964/2277/1964 1963/2274/1963 
f 1965/2278/1965 1964/2277/1964 1995/2313/1995 
f 1965/2278/1965 1995/2313/1995 1996/2314/1996 
f 1965/2278/1965 1996/2314/1996 1966/2281/1966 
f 1996/2314/1996 1997/2315/1997 1966/2281/1966 
f 1967/2282/1967 1966/2281/1966 1997/2315/1997 
f 1967/2282/1967 1997/2315/1997 1998/2316/1998 
f 1999/2317/1999 1968/2284/1968 1998/2316/1998 
f 1968/2284/1968 1967/2282/1967 1998/2316/1998 
f 1999/2317/1999 1970/2288/1970 1968/2284/1968 
f 1970/2288/1970 1969/2286/1969 1968/2284/1968 
f 2000/2318/2000 2001/2319/2001 1975/2293/1975 
f 2000/2318/2000 1975/2293/1975 1974/2292/1974 
f 1976/2294/1976 1975/2293/1975 2001/2319/2001 
f 1976/2294/1976 2001/2319/2001 2002/2320/2002 
f 2002/2320/2002 2003/2321/2003 1977/2295/1977 
f 2002/2320/2002 1977/2295/1977 1976/2294/1976 
f 1977/2295/1977 2003/2321/2003 1978/2296/1978 
f 2003/2321/2003 2004/2322/2004 1978/2296/1978 
f 1979/2297/1979 1978/2296/1978 2005/2323/2005 
f 1978/2296/1978 2004/2322/2004 2005/2323/2005 
f 2005/2323/2005 2006/2324/2006 1979/2297/1979 
f 2006/2324/2006 1980/2298/1980 1979/2297/1979 
f 1990/2308/1990 1981/2299/1981 2006/2324/2006 
f 1981/2299/1981 1980/2298/1980 2006/2324/2006 
f 1982/2300/1982 1981/2299/1981 1990/2308/1990 
f 1982/2300/1982 1990/2308/1990 1992/2310/1992 
f 1992/2310/1992 2007/2325/2007 1983/2301/1983 
f 1992/2310/1992 1983/2301/1983 1982/2300/1982 
f 2007/2325/2007 2008/2326/2008 1984/2302/1984 
f 2007/2325/2007 1984/2302/1984 1983/2301/1983 
f 2008/2326/2008 2009/2327/2009 1985/2303/1985 
f 2008/2326/2008 1985/2303/1985 1984/2302/1984 
f 2009/2327/2009 2010/2328/2010 1986/2304/1986 
f 2009/2327/2009 1986/2304/1986 1985/2303/1985 
f 1987/2305/1987 1986/2304/1986 2011/2329/2011 
f 1986/2304/1986 2010/2328/2010 2011/2329/2011 
f 2011/2329/2011 2012/2330/2012 1988/2306/1988 
f 2011/2329/2011 1988/2306/1988 1987/2305/1987 
f 2012/2330/2012 2013/2331/2013 1989/2307/1989 
f 2012/2330/2012 1989/2307/1989 1988/2306/1988 
f 2012/2330/2012 1993/2311/1993 1991/2309/1991 
f 2012/2330/2012 1991/2309/1991 2013/2331/2013 
f 2013/2331/2013 2014/2332/2014 1994/2312/1994 
f 2013/2331/2013 1994/2312/1994 1989/2307/1989 
f 2014/2332/2014 2015/2333/2015 1995/2313/1995 
f 2014/2332/2014 1995/2313/1995 1994/2312/1994 
f 1995/2313/1995 2015/2333/2015 2016/2334/2016 
f 1995/2313/1995 2016/2334/2016 1996/2314/1996 
f 1997/2315/1997 1996/2314/1996 2017/2335/2017 
f 1996/2314/1996 2016/2334/2016 2017/2335/2017 
f 2017/2335/2017 2018/2336/2018 1998/2316/1998 
f 2017/2335/2017 1998/2316/1998 1997/2315/1997 
f 1999/2317/1999 1998/2316/1998 2018/2336/2018 
f 1999/2317/1999 2018/2336/2018 2019/2337/2019 
f 1970/2288/1970 1999/2317/1999 2020/2338/2020 
f 1999/2317/1999 2019/2337/2019 2020/2338/2020 
f 1970/2288/1970 2020/2338/2020 2021/2339/2021 
f 1970/2288/1970 2021/2339/2021 1971/2289/1971 
f 2021/2339/2021 2022/2340/2022 1972/2290/1972 
f 2021/2339/2021 1972/2290/1972 1971/2289/1971 
f 2022/2340/2022 2023/2341/2023 1973/2291/1973 
f 2022/2340/2022 1973/2291/1973 1972/2290/1972 
f 2000/2318/2000 1974/2292/1974 2023/2341/2023 
f 1974/2292/1974 1973/2291/1973 2023/2341/2023 
f 2022/2340/2022 2024/2342/2024 2023/2341/2023 
f 2024/2342/2024 2000/2318/2000 2023/2341/2023 
f 2020/2338/2020 2024/2342/2024 2021/2339/2021 
f 2024/2342/2024 2022/2340/2022 2021/2339/2021 
f 2001/2319/2001 2000/2318/2000 2025/2343/2025 
f 2000/2318/2000 2024/2342/2024 2025/2343/2025 
f 2020/2338/2020 2019/2337/2019 2025/2343/2025 
f 2020/2338/2020 2025/2343/2025 2024/2342/2024 
f 2002/2320/2002 2001/2319/2001 2026/2344/2026 
f 2001/2319/2001 2025/2343/2025 2026/2344/2026 
f 2019/2337/2019 2018/2336/2018 2025/2343/2025 
f 2018/2336/2018 2026/2344/2026 2025/2343/2025 
f 2003/2321/2003 2002/2320/2002 2027/2345/2027 
f 2002/2320/2002 2026/2344/2026 2027/2345/2027 
f 2027/2345/2027 2026/2344/2026 2017/2335/2017 
f 2026/2344/2026 2018/2336/2018 2017/2335/2017 
f 2004/2322/2004 2003/2321/2003 2028/2346/2028 
f 2003/2321/2003 2027/2345/2027 2028/2346/2028 
f 2017/2335/2017 2016/2334/2016 2027/2345/2027 
f 2016/2334/2016 2028/2346/2028 2027/2345/2027 
f 2029/2347/2029 2005/2323/2005 2004/2322/2004 
f 2029/2347/2029 2004/2322/2004 2028/2346/2028 
f 2015/2333/2015 2029/2347/2029 2028/2346/2028 
f 2015/2333/2015 2028/2346/2028 2016/2334/2016 
f 2030/2348/2030 2006/2324/2006 2029/2347/2029 
f 2006/2324/2006 2005/2323/2005 2029/2347/2029 
f 2015/2333/2015 2014/2332/2014 2030/2348/2030 
f 2015/2333/2015 2030/2348/2030 2029/2347/2029 
f 1990/2308/1990 2006/2324/2006 2030/2348/2030 
f 1990/2308/1990 2030/2348/2030 1991/2309/1991 
f 2014/2332/2014 2013/2331/2013 2030/2348/2030 
f 2013/2331/2013 1991/2309/1991 2030/2348/2030 
f 2007/2325/2007 2031/2349/2031 2008/2326/2008 
f 2031/2349/2031 2009/2327/2009 2008/2326/2008 
f 2010/2328/2010 2009/2327/2009 2031/2349/2031 
f 2010/2328/2010 2031/2349/2031 2011/2329/2011 
f 1992/2310/1992 1993/2311/1993 2007/2325/2007 
f 1993/2311/1993 2031/2349/2031 2007/2325/2007 
f 2031/2349/2031 1993/2311/1993 2011/2329/2011 
f 1993/2311/1993 2012/2330/2012 2011/2329/2011 
f 1556/1811/1556 2032/2350/2032 1558/1813/1558 
f 2032/2350/2032 1838/2126/1838 1558/1813/1558 
f 2032/2350/2032 2033/2351/2033 1816/2103/1816 
f 2032/2350/2032 1816/2103/1816 1838/2126/1838 
f 1802/2088/1802 1816/2103/1816 2033/2351/2033 
f 1802/2088/1802 2033/2351/2033 2034/2352/2034 
f 1802/2088/1802 2034/2352/2034 2035/2353/2035 
f 1802/2088/1802 2035/2353/2035 1792/2078/1792 
f 2036/2354/2036 1773/2057/1773 1792/2078/1792 
f 2036/2354/2036 1792/2078/1792 2035/2353/2035 
f 2037/2355/2037 1751/2035/1751 2036/2354/2036 
f 1751/2035/1751 1773/2057/1773 2036/2354/2036 
f 1733/2015/1733 1751/2035/1751 2038/2356/2038 
f 1751/2035/1751 2037/2355/2037 2038/2356/2038 
f 2039/2357/2039 1699/1975/1699 1733/2015/1733 
f 2039/2357/2039 1733/2015/1733 2038/2356/2038 
f 2040/2358/2040 1682/1976/1682 2039/2357/2039 
f 1682/1976/1682 1699/1975/1699 2039/2357/2039 
f 1682/1948/1682 2040/2359/2040 1671/1933/1671 
f 2040/2359/2040 2041/2360/2041 1671/1933/1671 
f 1660/1921/1660 1671/1933/1671 2042/2361/2042 
f 1671/1933/1671 2041/2360/2041 2042/2361/2042 
f 2042/2361/2042 2043/2362/2043 1660/1921/1660 
f 2043/2362/2043 1653/1914/1653 1660/1921/1660 
f 1653/1914/1653 2043/2362/2043 2044/2363/2044 
f 1653/1914/1653 2044/2363/2044 1642/1902/1642 
f 1642/1902/1642 2044/2363/2044 2045/2364/2045 
f 1642/1902/1642 2045/2364/2045 1604/1862/1604 
f 2045/2364/2045 1591/1848/1591 1604/1862/1604 
f 1591/1848/1591 1590/1847/1590 1604/1862/1604 
f 1581/1838/1581 1591/1848/1591 2046/2365/2046 
f 1581/1838/1581 2046/2365/2046 1564/1820/1564 
f 1564/1820/1564 2046/2365/2046 2047/2366/2047 
f 1564/1820/1564 2047/2366/2047 1555/1810/1555 
f 2048/2367/2048 1556/1811/1556 2047/2366/2047 
f 1556/1811/1556 1555/1810/1555 2047/2366/2047 
f 2032/2350/2032 1556/1811/1556 2048/2367/2048 
f 2032/2350/2032 2048/2367/2048 2033/2351/2033 
f 2049/2368/2049 2050/2369/2050 2046/2370/2046 
f 2049/2368/2049 2046/2370/2046 1591/2371/1591 
f 2047/2372/2047 2046/2370/2046 2050/2369/2050 
f 2047/2372/2047 2050/2369/2050 2051/2373/2051 
f 2052/2374/2052 2048/2375/2048 2051/2373/2051 
f 2048/2375/2048 2047/2372/2047 2051/2373/2051 
f 2033/2376/2033 2048/2375/2048 2053/2377/2053 
f 2048/2375/2048 2052/2374/2052 2053/2377/2053 
f 2035/2378/2035 2034/2379/2034 2054/2380/2054 
f 2034/2379/2034 2053/2377/2053 2054/2380/2054 
f 2034/2379/2034 2033/2376/2033 2053/2377/2053 
f 2036/2381/2036 2035/2378/2035 2055/2382/2055 
f 2035/2378/2035 2054/2380/2054 2055/2382/2055 
f 2056/2383/2056 2037/2384/2037 2036/2385/2036 
f 2056/2383/2056 2036/2385/2036 2055/2386/2055 
f 2038/2387/2038 2037/2384/2037 2057/2388/2057 
f 2037/2384/2037 2056/2383/2056 2057/2388/2057 
f 2039/2389/2039 2038/2387/2038 2058/2390/2058 
f 2038/2387/2038 2057/2388/2057 2058/2390/2058 
f 2058/2390/2058 2059/2391/2059 2040/2392/2040 
f 2058/2390/2058 2040/2392/2040 2039/2389/2039 
f 2040/2392/2040 2059/2391/2059 2060/2393/2060 
f 2040/2392/2040 2060/2393/2060 2041/2394/2041 
f 2042/2395/2042 2041/2394/2041 2061/2396/2061 
f 2041/2394/2041 2060/2393/2060 2061/2396/2061 
f 2042/2395/2042 2061/2396/2061 2062/2397/2062 
f 2042/2395/2042 2062/2397/2062 2043/2398/2043 
f 2062/2397/2062 2063/2399/2063 2043/2398/2043 
f 2063/2399/2063 2044/2400/2044 2043/2398/2043 
f 2044/2401/2044 2063/2402/2063 2064/2403/2064 
f 2044/2401/2044 2064/2403/2064 2045/2404/2045 
f 2064/2403/2064 2049/2368/2049 2045/2404/2045 
f 2049/2368/2049 1591/2371/1591 2045/2404/2045 
f 2065/2405/2065 2066/2406/2066 2060/2393/2060 
f 2066/2406/2066 2061/2396/2061 2060/2393/2060 
f 2067/2407/2067 2068/2408/2068 2069/2409/2069 
f 2067/2407/2067 2069/2409/2069 2070/2410/2070 
f 2071/2411/2071 2066/2406/2066 2072/2412/2072 
f 2071/2411/2071 2072/2412/2072 2073/2413/2073 
f 2071/2411/2071 2062/2397/2062 2061/2396/2061 
f 2071/2411/2071 2061/2396/2061 2066/2406/2066 
f 2074/2414/2074 2071/2411/2071 2075/2415/2075 
f 2071/2411/2071 2073/2413/2073 2075/2415/2075 
f 2076/2416/2076 2074/2417/2074 2077/2418/2077 
f 2074/2417/2074 2075/2419/2075 2077/2418/2077 
f 2078/2420/2078 2076/2416/2076 2077/2418/2077 
f 2078/2420/2078 2077/2418/2077 2079/2421/2079 
f 2078/2420/2078 2079/2421/2079 2080/2422/2080 
f 2079/2421/2079 2081/2423/2081 2080/2422/2080 
f 2062/2397/2062 2071/2411/2071 2074/2414/2074 
f 2062/2397/2062 2074/2414/2074 2063/2399/2063 
f 2074/2417/2074 2076/2416/2076 2063/2402/2063 
f 2076/2416/2076 2064/2403/2064 2063/2402/2063 
f 2064/2403/2064 2076/2416/2076 2082/2424/2082 
f 2064/2403/2064 2082/2424/2082 2049/2368/2049 
f 2050/2369/2050 2049/2368/2049 2082/2424/2082 
f 2050/2369/2050 2082/2424/2082 2083/2425/2083 
f 2083/2425/2083 2084/2426/2084 2051/2373/2051 
f 2083/2425/2083 2051/2373/2051 2050/2369/2050 
f 2052/2374/2052 2051/2373/2051 2084/2426/2084 
f 2052/2374/2052 2084/2426/2084 2085/2427/2085 
f 2085/2427/2085 2086/2428/2086 2053/2377/2053 
f 2085/2427/2085 2053/2377/2053 2052/2374/2052 
f 2054/2380/2054 2053/2377/2053 2086/2428/2086 
f 2054/2380/2054 2086/2428/2086 2087/2429/2087 
f 2088/2430/2088 2055/2382/2055 2054/2380/2054 
f 2088/2430/2088 2054/2380/2054 2087/2429/2087 
f 2055/2386/2055 2088/2431/2088 2089/2432/2089 
f 2055/2386/2055 2089/2432/2089 2056/2383/2056 
f 2090/2433/2090 2057/2388/2057 2056/2383/2056 
f 2090/2433/2090 2056/2383/2056 2089/2432/2089 
f 2070/2410/2070 2091/2434/2091 2092/2435/2092 
f 2070/2410/2070 2092/2435/2092 2067/2407/2067 
f 2093/2436/2093 2059/2391/2059 2094/2437/2094 
f 2059/2391/2059 2058/2390/2058 2094/2437/2094 
f 2060/2393/2060 2059/2391/2059 2065/2405/2065 
f 2059/2391/2059 2093/2436/2093 2065/2405/2065 
f 2073/2413/2073 2072/2412/2072 2095/2438/2095 
f 2072/2412/2072 2096/2439/2096 2095/2438/2095 
f 2075/2415/2075 2073/2413/2073 2097/2440/2097 
f 2073/2413/2073 2095/2438/2095 2097/2440/2097 
f 2077/2418/2077 2075/2419/2075 2098/2441/2098 
f 2075/2419/2075 2097/2442/2097 2098/2441/2098 
f 2079/2421/2079 2077/2418/2077 2098/2441/2098 
f 2079/2421/2079 2098/2441/2098 2099/2443/2099 
f 2099/2443/2099 2100/2444/2100 2081/2423/2081 
f 2099/2443/2099 2081/2423/2081 2079/2421/2079 
f 2078/2420/2078 2101/2445/2101 2082/2424/2082 
f 2078/2420/2078 2082/2424/2082 2076/2416/2076 
f 2080/2422/2080 2102/2446/2102 2101/2445/2101 
f 2080/2422/2080 2101/2445/2101 2078/2420/2078 
f 2103/2447/2103 2084/2426/2084 2104/2448/2104 
f 2084/2426/2084 2083/2425/2083 2104/2448/2104 
f 2101/2445/2101 2104/2448/2104 2083/2425/2083 
f 2101/2445/2101 2083/2425/2083 2082/2424/2082 
f 2105/2449/2105 2103/2447/2103 2106/2450/2106 
f 2103/2447/2103 2104/2448/2104 2106/2450/2106 
f 2101/2445/2101 2102/2446/2102 2104/2448/2104 
f 2102/2446/2102 2106/2450/2106 2104/2448/2104 
f 2107/2451/2107 2086/2428/2086 2108/2452/2108 
f 2086/2428/2086 2085/2427/2085 2108/2452/2108 
f 2108/2452/2108 2085/2427/2085 2103/2447/2103 
f 2085/2427/2085 2084/2426/2084 2103/2447/2103 
f 2107/2451/2107 2108/2452/2108 2109/2453/2109 
f 2108/2452/2108 2110/2454/2110 2109/2453/2109 
f 2105/2449/2105 2110/2454/2110 2103/2447/2103 
f 2110/2454/2110 2108/2452/2108 2103/2447/2103 
f 2087/2429/2087 2086/2428/2086 2107/2451/2107 
f 2087/2429/2087 2107/2451/2107 2111/2455/2111 
f 2107/2451/2107 2109/2453/2109 2112/2456/2112 
f 2107/2451/2107 2112/2456/2112 2111/2455/2111 
f 2088/2430/2088 2087/2429/2087 2113/2457/2113 
f 2087/2429/2087 2111/2455/2111 2113/2457/2113 
f 2113/2457/2113 2111/2455/2111 2114/2458/2114 
f 2111/2455/2111 2112/2456/2112 2114/2458/2114 
f 2115/2459/2115 2116/2460/2116 2114/2461/2114 
f 2116/2460/2116 2113/2462/2113 2114/2461/2114 
f 2088/2431/2088 2113/2462/2113 2116/2460/2116 
f 2088/2431/2088 2116/2460/2116 2089/2432/2089 
f 2117/2463/2117 2116/2460/2116 2115/2459/2115 
f 2117/2463/2117 2115/2459/2115 2118/2464/2118 
f 2089/2432/2089 2116/2460/2116 2090/2433/2090 
f 2116/2460/2116 2117/2463/2117 2090/2433/2090 
f 2119/2465/2119 2120/2466/2120 2121/2467/2121 
f 2120/2466/2120 2122/2468/2122 2121/2467/2121 
f 2123/2469/2123 2124/2470/2124 2125/2471/2125 
f 2124/2470/2124 2126/2472/2126 2125/2471/2125 
f 2091/2434/2091 2124/2470/2124 2092/2435/2092 
f 2124/2470/2124 2123/2469/2123 2092/2435/2092 
f 2068/2408/2068 2127/2473/2127 2128/2474/2128 
f 2068/2408/2068 2128/2474/2128 2069/2409/2069 
f 2126/2472/2126 2129/2475/2129 2125/2471/2125 
f 2129/2475/2129 2130/2476/2130 2125/2471/2125 
f 2129/2475/2129 2119/2465/2119 2130/2476/2130 
f 2119/2465/2119 2121/2467/2121 2130/2476/2130 
f 2131/2477/2131 2132/2478/2132 2133/2479/2133 
f 2131/2477/2131 2133/2479/2133 2134/2480/2134 
f 2135/2481/2135 2133/2479/2133 2136/2482/2136 
f 2133/2479/2133 2132/2478/2132 2136/2482/2136 
f 2137/2483/2137 2138/2484/2138 2136/2482/2136 
f 2138/2484/2138 2135/2481/2135 2136/2482/2136 
f 2137/2483/2137 2139/2485/2139 2138/2484/2138 
f 2139/2485/2139 2140/2486/2140 2138/2484/2138 
f 2141/2487/2141 2134/2480/2134 2142/2488/2142 
f 2134/2480/2134 2133/2479/2133 2142/2488/2142 
f 2143/2489/2143 2144/2490/2144 2141/2487/2141 
f 2143/2489/2143 2141/2487/2141 2142/2488/2142 
f 2140/2486/2140 2080/2422/2080 2143/2489/2143 
f 2080/2422/2080 2144/2490/2144 2143/2489/2143 
f 2135/2481/2135 2138/2484/2138 2142/2488/2142 
f 2138/2484/2138 2143/2489/2143 2142/2488/2142 
f 2138/2484/2138 2140/2486/2140 2143/2489/2143 
f 2135/2481/2135 2142/2488/2142 2133/2479/2133 
f 2080/2422/2080 2140/2486/2140 2102/2446/2102 
f 2140/2486/2140 2139/2485/2139 2102/2446/2102 
f 2139/2485/2139 2106/2450/2106 2102/2446/2102 
f 2144/2490/2144 2080/2422/2080 2081/2423/2081 
f 2145/2491/2145 2141/2487/2141 2144/2490/2144 
f 2145/2491/2145 2144/2490/2144 2081/2423/2081 
f 2081/2423/2081 2100/2444/2100 2145/2491/2145 
f 2100/2444/2100 2146/2492/2146 2145/2491/2145 
f 2132/2478/2132 2131/2477/2131 2147/2493/2147 
f 2131/2477/2131 2148/2494/2148 2147/2493/2147 
f 2149/2495/2149 2136/2482/2136 2132/2478/2132 
f 2149/2495/2149 2132/2478/2132 2147/2493/2147 
f 2150/2496/2150 2137/2483/2137 2149/2495/2149 
f 2137/2483/2137 2136/2482/2136 2149/2495/2149 
f 2137/2483/2137 2150/2496/2150 2151/2497/2151 
f 2137/2483/2137 2151/2497/2151 2139/2485/2139 
f 2147/2493/2147 2148/2494/2148 2152/2498/2152 
f 2148/2494/2148 2153/2499/2153 2152/2498/2152 
f 2147/2493/2147 2152/2498/2152 2149/2495/2149 
f 2152/2498/2152 2154/2500/2154 2149/2495/2149 
f 2154/2500/2154 2155/2501/2155 2149/2495/2149 
f 2155/2501/2155 2150/2496/2150 2149/2495/2149 
f 2150/2496/2150 2155/2501/2155 2151/2497/2151 
f 2155/2501/2155 2156/2502/2156 2151/2497/2151 
f 2157/2503/2157 2158/2504/2158 2156/2502/2156 
f 2157/2503/2157 2156/2502/2156 2155/2501/2155 
f 2158/2504/2158 2157/2503/2157 2159/2505/2159 
f 2157/2503/2157 2160/2506/2160 2159/2505/2159 
f 2155/2501/2155 2154/2500/2154 2161/2507/2161 
f 2155/2501/2155 2161/2507/2161 2157/2503/2157 
f 2160/2506/2160 2157/2503/2157 2162/2508/2162 
f 2157/2503/2157 2161/2507/2161 2162/2508/2162 
f 2154/2500/2154 2152/2498/2152 2161/2507/2161 
f 2152/2498/2152 2163/2509/2163 2161/2507/2161 
f 2164/2510/2164 2162/2508/2162 2163/2509/2163 
f 2162/2508/2162 2161/2507/2161 2163/2509/2163 
f 2153/2499/2153 2165/2511/2165 2163/2509/2163 
f 2153/2499/2153 2163/2509/2163 2152/2498/2152 
f 2163/2509/2163 2165/2511/2165 2166/2512/2166 
f 2163/2509/2163 2166/2512/2166 2164/2510/2164 
f 2156/2502/2156 2158/2504/2158 2105/2449/2105 
f 2156/2502/2156 2105/2449/2105 2106/2450/2106 
f 2139/2485/2139 2151/2497/2151 2156/2502/2156 
f 2139/2485/2139 2156/2502/2156 2106/2450/2106 
f 2167/2513/2167 2159/2505/2159 2168/2514/2168 
f 2159/2505/2159 2160/2506/2160 2168/2514/2168 
f 2169/2515/2169 2170/2516/2170 2171/2517/2171 
f 2169/2515/2169 2171/2517/2171 2172/2518/2172 
f 2171/2517/2171 2170/2516/2170 2167/2513/2167 
f 2171/2517/2171 2167/2513/2167 2168/2514/2168 
f 2162/2508/2162 2173/2519/2173 2160/2506/2160 
f 2173/2519/2173 2168/2514/2168 2160/2506/2160 
f 2171/2517/2171 2168/2514/2168 2174/2520/2174 
f 2168/2514/2168 2173/2519/2173 2174/2520/2174 
f 2171/2517/2171 2174/2520/2174 2172/2518/2172 
f 2174/2520/2174 2175/2521/2175 2172/2518/2172 
f 2176/2522/2176 2173/2519/2173 2162/2508/2162 
f 2176/2522/2176 2162/2508/2162 2164/2510/2164 
f 2177/2523/2177 2174/2520/2174 2173/2519/2173 
f 2177/2523/2177 2173/2519/2173 2176/2522/2176 
f 2178/2524/2178 2175/2521/2175 2177/2523/2177 
f 2175/2521/2175 2174/2520/2174 2177/2523/2177 
f 2110/2454/2110 2105/2449/2105 2170/2516/2170 
f 2105/2449/2105 2167/2513/2167 2170/2516/2170 
f 2105/2449/2105 2158/2504/2158 2167/2513/2167 
f 2158/2504/2158 2159/2505/2159 2167/2513/2167 
f 2179/2525/2179 2169/2515/2169 2180/2526/2180 
f 2169/2515/2169 2172/2518/2172 2180/2526/2180 
f 2181/2527/2181 2182/2528/2182 2179/2525/2179 
f 2181/2527/2181 2179/2525/2179 2180/2526/2180 
f 2183/2529/2183 2184/2530/2184 2182/2528/2182 
f 2183/2529/2183 2182/2528/2182 2181/2527/2181 
f 2175/2521/2175 2185/2531/2185 2172/2518/2172 
f 2185/2531/2185 2180/2526/2180 2172/2518/2172 
f 2186/2532/2186 2181/2527/2181 2180/2526/2180 
f 2186/2532/2186 2180/2526/2180 2185/2531/2185 
f 2181/2527/2181 2186/2532/2186 2183/2529/2183 
f 2186/2532/2186 2187/2533/2187 2183/2529/2183 
f 2188/2534/2188 2185/2531/2185 2175/2521/2175 
f 2188/2534/2188 2175/2521/2175 2178/2524/2178 
f 2189/2535/2189 2186/2532/2186 2185/2531/2185 
f 2189/2535/2189 2185/2531/2185 2188/2534/2188 
f 2186/2532/2186 2189/2535/2189 2187/2533/2187 
f 2189/2535/2189 2190/2536/2190 2187/2533/2187 
f 2169/2515/2169 2179/2525/2179 2170/2516/2170 
f 2179/2525/2179 2110/2454/2110 2170/2516/2170 
f 2109/2453/2109 2110/2454/2110 2179/2525/2179 
f 2109/2453/2109 2179/2525/2179 2182/2528/2182 
f 2191/2537/2191 2176/2522/2176 2164/2510/2164 
f 2191/2537/2191 2164/2510/2164 2166/2512/2166 
f 2192/2538/2192 2177/2523/2177 2176/2522/2176 
f 2192/2538/2192 2176/2522/2176 2191/2537/2191 
f 2178/2524/2178 2177/2523/2177 2192/2538/2192 
f 2178/2524/2178 2192/2538/2192 2193/2539/2193 
f 2194/2540/2194 2188/2534/2188 2178/2524/2178 
f 2194/2540/2194 2178/2524/2178 2193/2539/2193 
f 2189/2535/2189 2188/2534/2188 2194/2540/2194 
f 2189/2535/2189 2194/2540/2194 2195/2541/2195 
f 2189/2535/2189 2195/2541/2195 2190/2536/2190 
f 2195/2541/2195 2196/2542/2196 2190/2536/2190 
f 2112/2456/2112 2109/2453/2109 2184/2530/2184 
f 2109/2453/2109 2182/2528/2182 2184/2530/2184 
f 2197/2543/2197 2112/2456/2112 2184/2530/2184 
f 2197/2543/2197 2184/2530/2184 2183/2529/2183 
f 2187/2533/2187 2198/2544/2198 2183/2529/2183 
f 2198/2544/2198 2197/2543/2197 2183/2529/2183 
f 2198/2544/2198 2187/2533/2187 2196/2542/2196 
f 2187/2533/2187 2190/2536/2190 2196/2542/2196 
f 2114/2458/2114 2112/2456/2112 2199/2545/2199 
f 2112/2456/2112 2197/2543/2197 2199/2545/2199 
f 2114/2461/2114 2199/2546/2199 2115/2459/2115 
f 2199/2546/2199 2200/2547/2200 2115/2459/2115 
f 2200/2547/2200 2201/2548/2201 2118/2464/2118 
f 2200/2547/2200 2118/2464/2118 2115/2459/2115 
f 2199/2545/2199 2197/2543/2197 2202/2549/2202 
f 2197/2543/2197 2198/2544/2198 2202/2549/2202 
f 2198/2544/2198 2196/2542/2196 2203/2550/2203 
f 2198/2544/2198 2203/2550/2203 2202/2549/2202 
f 2203/2550/2203 2196/2542/2196 2204/2551/2204 
f 2196/2542/2196 2195/2541/2195 2204/2551/2204 
f 2204/2551/2204 2195/2541/2195 2205/2552/2205 
f 2195/2541/2195 2194/2540/2194 2205/2552/2205 
f 2205/2552/2205 2194/2540/2194 2206/2553/2206 
f 2194/2540/2194 2193/2539/2193 2206/2553/2206 
f 2207/2554/2207 2206/2553/2206 2193/2539/2193 
f 2207/2554/2207 2193/2539/2193 2192/2538/2192 
f 2207/2554/2207 2192/2538/2192 2191/2537/2191 
f 2207/2554/2207 2191/2537/2191 2208/2555/2208 
f 2191/2537/2191 2166/2512/2166 2209/2556/2209 
f 2191/2537/2191 2209/2556/2209 2208/2555/2208 
f 2165/2511/2165 2210/2557/2210 2209/2556/2209 
f 2165/2511/2165 2209/2556/2209 2166/2512/2166 
f 2153/2499/2153 2211/2558/2211 2210/2557/2210 
f 2153/2499/2153 2210/2557/2210 2165/2511/2165 
f 2148/2494/2148 2212/2559/2212 2153/2499/2153 
f 2212/2559/2212 2211/2558/2211 2153/2499/2153 
f 2148/2494/2148 2131/2477/2131 2212/2559/2212 
f 2131/2477/2131 2213/2560/2213 2212/2559/2212 
f 2131/2477/2131 2134/2480/2134 2213/2560/2213 
f 2134/2480/2134 2214/2561/2214 2213/2560/2213 
f 2214/2561/2214 2134/2480/2134 2215/2562/2215 
f 2134/2480/2134 2141/2487/2141 2215/2562/2215 
f 2216/2563/2216 2215/2562/2215 2141/2487/2141 
f 2216/2563/2216 2141/2487/2141 2145/2491/2145 
f 2146/2492/2146 2217/2564/2217 2216/2563/2216 
f 2146/2492/2146 2216/2563/2216 2145/2491/2145 
f 2218/2565/2218 2213/2560/2213 2214/2561/2214 
f 2218/2565/2218 2214/2561/2214 2219/2566/2219 
f 2219/2566/2219 2214/2561/2214 2215/2562/2215 
f 2219/2566/2219 2215/2562/2215 2220/2567/2220 
f 2221/2568/2221 2212/2559/2212 2213/2560/2213 
f 2221/2568/2221 2213/2560/2213 2218/2565/2218 
f 2222/2569/2222 2211/2558/2211 2212/2559/2212 
f 2222/2569/2222 2212/2559/2212 2221/2568/2221 
f 2223/2570/2223 2210/2557/2210 2211/2558/2211 
f 2223/2570/2223 2211/2558/2211 2222/2569/2222 
f 2224/2571/2224 2209/2556/2209 2210/2557/2210 
f 2224/2571/2224 2210/2557/2210 2223/2570/2223 
f 2224/2571/2224 2225/2572/2225 2226/2573/2226 
f 2225/2572/2225 2227/2574/2227 2226/2573/2226 
f 2226/2573/2226 2227/2574/2227 2228/2575/2228 
f 2226/2573/2226 2228/2575/2228 2229/2576/2229 
f 2229/2576/2229 2228/2575/2228 2230/2577/2230 
f 2229/2576/2229 2230/2577/2230 2231/2578/2231 
f 2231/2578/2231 2230/2577/2230 2232/2579/2232 
f 2230/2577/2230 2233/2580/2233 2232/2579/2232 
f 2232/2579/2232 2233/2580/2233 2234/2581/2234 
f 2233/2580/2233 2235/2582/2235 2234/2581/2234 
f 2234/2581/2234 2235/2582/2235 2236/2583/2236 
f 2235/2582/2235 2237/2584/2237 2236/2583/2236 
f 2223/2570/2223 2238/2585/2238 2225/2572/2225 
f 2223/2570/2223 2225/2572/2225 2224/2571/2224 
f 2226/2573/2226 2208/2555/2208 2209/2556/2209 
f 2226/2573/2226 2209/2556/2209 2224/2571/2224 
f 2229/2576/2229 2207/2554/2207 2208/2555/2208 
f 2229/2576/2229 2208/2555/2208 2226/2573/2226 
f 2231/2578/2231 2206/2553/2206 2207/2554/2207 
f 2231/2578/2231 2207/2554/2207 2229/2576/2229 
f 2232/2579/2232 2205/2552/2205 2231/2578/2231 
f 2205/2552/2205 2206/2553/2206 2231/2578/2231 
f 2234/2581/2234 2204/2551/2204 2232/2579/2232 
f 2204/2551/2204 2205/2552/2205 2232/2579/2232 
f 2236/2583/2236 2203/2550/2203 2234/2581/2234 
f 2203/2550/2203 2204/2551/2204 2234/2581/2234 
f 2222/2569/2222 2239/2586/2239 2223/2570/2223 
f 2239/2586/2239 2238/2585/2238 2223/2570/2223 
f 2221/2568/2221 2240/2587/2240 2222/2569/2222 
f 2240/2587/2240 2239/2586/2239 2222/2569/2222 
f 2218/2565/2218 2241/2588/2241 2240/2587/2240 
f 2218/2565/2218 2240/2587/2240 2221/2568/2221 
f 2219/2566/2219 2242/2589/2242 2241/2588/2241 
f 2219/2566/2219 2241/2588/2241 2218/2565/2218 
f 2220/2567/2220 2243/2590/2243 2219/2566/2219 
f 2243/2590/2243 2242/2589/2242 2219/2566/2219 
f 2202/2549/2202 2203/2550/2203 2244/2591/2244 
f 2203/2550/2203 2236/2583/2236 2244/2591/2244 
f 2244/2591/2244 2236/2583/2236 2245/2592/2245 
f 2236/2583/2236 2237/2584/2237 2245/2592/2245 
f 2199/2545/2199 2202/2549/2202 2244/2591/2244 
f 2199/2545/2199 2244/2591/2244 2200/2593/2200 
f 2200/2593/2200 2244/2591/2244 2245/2592/2245 
f 2200/2593/2200 2245/2592/2245 2201/2594/2201 
f 2246/2595/2246 2233/2580/2233 2247/2596/2247 
f 2233/2580/2233 2230/2577/2230 2247/2596/2247 
f 2247/2596/2247 2230/2577/2230 2248/2597/2248 
f 2230/2577/2230 2228/2575/2228 2248/2597/2248 
f 2227/2574/2227 2249/2598/2249 2228/2575/2228 
f 2249/2598/2249 2248/2597/2248 2228/2575/2228 
f 2225/2572/2225 2250/2599/2250 2227/2574/2227 
f 2250/2599/2250 2249/2598/2249 2227/2574/2227 
f 2225/2572/2225 2238/2585/2238 2251/2600/2251 
f 2225/2572/2225 2251/2600/2251 2250/2599/2250 
f 2251/2600/2251 2238/2585/2238 2239/2586/2239 
f 2251/2600/2251 2239/2586/2239 2252/2601/2252 
f 2239/2586/2239 2240/2587/2240 2252/2601/2252 
f 2240/2587/2240 2253/2602/2253 2252/2601/2252 
f 2241/2588/2241 2254/2603/2254 2253/2602/2253 
f 2241/2588/2241 2253/2602/2253 2240/2587/2240 
f 2254/2603/2254 2241/2588/2241 2242/2589/2242 
f 2254/2603/2254 2242/2589/2242 2255/2604/2255 
f 2255/2604/2255 2242/2589/2242 2243/2590/2243 
f 2255/2604/2255 2243/2590/2243 2256/2605/2256 
f 2215/2562/2215 2216/2563/2216 2220/2567/2220 
f 2216/2563/2216 2257/2606/2257 2220/2567/2220 
f 2243/2590/2243 2220/2567/2220 2258/2607/2258 
f 2220/2567/2220 2257/2606/2257 2258/2607/2258 
f 2243/2590/2243 2258/2607/2258 2256/2605/2256 
f 2258/2607/2258 2259/2608/2259 2256/2605/2256 
f 2216/2563/2216 2217/2564/2217 2257/2606/2257 
f 2257/2606/2257 2217/2564/2217 2260/2609/2260 
f 2257/2606/2257 2260/2609/2260 2258/2607/2258 
f 2259/2608/2259 2258/2607/2258 2260/2609/2260 
f 2259/2608/2259 2260/2609/2260 2261/2610/2261 
f 2233/2580/2233 2246/2595/2246 2235/2582/2235 
f 2246/2595/2246 2262/2611/2262 2235/2582/2235 
f 2262/2611/2262 2263/2612/2263 2237/2584/2237 
f 2262/2611/2262 2237/2584/2237 2235/2582/2235 
f 2264/2613/2264 2245/2592/2245 2263/2612/2263 
f 2245/2592/2245 2237/2584/2237 2263/2612/2263 
f 2201/2594/2201 2245/2592/2245 2265/2614/2265 
f 2245/2592/2245 2264/2613/2264 2265/2614/2265 
f 2266/2615/2266 2248/2597/2248 2267/2616/2267 
f 2248/2597/2248 2249/2598/2249 2267/2616/2267 
f 2268/2617/2268 2267/2616/2267 2250/2599/2250 
f 2267/2616/2267 2249/2598/2249 2250/2599/2250 
f 2250/2599/2250 2251/2600/2251 2269/2618/2269 
f 2250/2599/2250 2269/2618/2269 2268/2617/2268 
f 2270/2619/2270 2269/2618/2269 2252/2601/2252 
f 2269/2618/2269 2251/2600/2251 2252/2601/2252 
f 2252/2601/2252 2253/2602/2253 2270/2619/2270 
f 2253/2602/2253 2271/2620/2271 2270/2619/2270 
f 2271/2620/2271 2253/2602/2253 2272/2621/2272 
f 2253/2602/2253 2254/2603/2254 2272/2621/2272 
f 2273/2622/2273 2269/2618/2269 2270/2619/2270 
f 2273/2622/2273 2270/2619/2270 2274/2623/2274 
f 2275/2624/2275 2266/2615/2266 2276/2625/2276 
f 2266/2615/2266 2267/2616/2267 2276/2625/2276 
f 2276/2625/2276 2267/2616/2267 2268/2617/2268 
f 2276/2625/2276 2268/2617/2268 2277/2626/2277 
f 2277/2626/2277 2268/2617/2268 2273/2622/2273 
f 2268/2617/2268 2269/2618/2269 2273/2622/2273 
f 2278/2627/2278 2099/2628/2099 2098/2629/2098 
f 2278/2627/2278 2098/2629/2098 2279/2630/2279 
f 2279/2630/2279 2098/2629/2098 2097/2440/2097 
f 2279/2630/2279 2097/2440/2097 2280/2631/2280 
f 2280/2631/2280 2097/2440/2097 2095/2438/2095 
f 2280/2631/2280 2095/2438/2095 2281/2632/2281 
f 2278/2627/2278 2282/2633/2282 2283/2634/2283 
f 2278/2627/2278 2283/2634/2283 2284/2635/2284 
f 2284/2635/2284 2283/2634/2283 2285/2636/2285 
f 2284/2635/2284 2285/2636/2285 2286/2637/2286 
f 2121/2467/2121 2122/2468/2122 2287/2638/2287 
f 2121/2467/2121 2287/2638/2287 2288/2639/2288 
f 2217/2640/2217 2285/2636/2285 2261/2641/2261 
f 2217/2640/2217 2261/2641/2261 2260/2642/2260 
f 2146/2643/2146 2286/2637/2286 2217/2640/2217 
f 2286/2637/2286 2285/2636/2285 2217/2640/2217 
f 2281/2632/2281 2095/2438/2095 2096/2439/2096 
f 2247/2596/2247 2248/2597/2248 2266/2615/2266 
f 2247/2596/2247 2266/2615/2266 2289/2644/2289 
f 2290/2645/2290 2289/2644/2289 2266/2615/2266 
f 2290/2645/2290 2266/2615/2266 2275/2624/2275 
f 2291/2646/2291 2292/2647/2292 2293/2648/2293 
f 2292/2647/2292 2288/2639/2288 2293/2648/2293 
f 2262/2611/2262 2246/2595/2246 2294/2649/2294 
f 2262/2611/2262 2294/2649/2294 2295/2650/2295 
f 2263/2612/2263 2262/2611/2262 2295/2650/2295 
f 2263/2612/2263 2295/2650/2295 2296/2651/2296 
f 2293/2648/2293 2288/2639/2288 2287/2638/2287 
f 2293/2648/2293 2287/2638/2287 2297/2652/2297 
f 2263/2612/2263 2296/2651/2296 2264/2613/2264 
f 2296/2651/2296 2298/2653/2298 2264/2613/2264 
f 2297/2652/2297 2287/2638/2287 2299/2654/2299 
f 2287/2638/2287 2300/2655/2300 2299/2654/2299 
f 2290/2645/2290 2301/2656/2301 2292/2647/2292 
f 2290/2645/2290 2292/2647/2292 2291/2646/2291 
f 2293/2648/2293 2295/2650/2295 2291/2646/2291 
f 2295/2650/2295 2294/2649/2294 2291/2646/2291 
f 2300/2655/2300 2287/2638/2287 2122/2468/2122 
f 2300/2655/2300 2122/2468/2122 2302/2657/2302 
f 2291/2646/2291 2294/2649/2294 2289/2644/2289 
f 2291/2646/2291 2289/2644/2289 2290/2645/2290 
f 2289/2644/2289 2294/2649/2294 2246/2595/2246 
f 2289/2644/2289 2246/2595/2246 2247/2596/2247 
f 2274/2623/2274 2270/2619/2270 2271/2620/2271 
f 2274/2623/2274 2271/2620/2271 2303/2658/2303 
f 2282/2633/2282 2304/2659/2304 2305/2660/2305 
f 2304/2659/2304 2306/2661/2306 2305/2660/2305 
f 2307/2662/2307 2306/2661/2306 2308/2663/2308 
f 2306/2661/2306 2304/2659/2304 2308/2663/2308 
f 2309/2664/2309 2310/2665/2310 2307/2662/2307 
f 2309/2664/2309 2307/2662/2307 2308/2663/2308 
f 2311/2666/2311 2310/2665/2310 2312/2667/2312 
f 2310/2665/2310 2309/2664/2309 2312/2667/2312 
f 2282/2633/2282 2305/2660/2305 2283/2634/2283 
f 2305/2660/2305 2313/2668/2313 2283/2634/2283 
f 2283/2634/2283 2313/2668/2313 2285/2636/2285 
f 2313/2668/2313 2261/2641/2261 2285/2636/2285 
f 2255/2604/2255 2314/2669/2314 2254/2603/2254 
f 2314/2669/2314 2272/2621/2272 2254/2603/2254 
f 2315/2670/2315 2314/2669/2314 2256/2605/2256 
f 2314/2669/2314 2255/2604/2255 2256/2605/2256 
f 2315/2670/2315 2256/2605/2256 2259/2608/2259 
f 2315/2670/2315 2259/2608/2259 2316/2671/2316 
f 2316/2671/2316 2259/2608/2259 2261/2610/2261 
f 2261/2641/2261 2313/2668/2313 2316/2672/2316 
f 2313/2668/2313 2317/2673/2317 2316/2672/2316 
f 2317/2673/2317 2313/2668/2313 2318/2674/2318 
f 2313/2668/2313 2305/2660/2305 2318/2674/2318 
f 2305/2660/2305 2306/2661/2306 2318/2674/2318 
f 2306/2661/2306 2319/2675/2319 2318/2674/2318 
f 2306/2661/2306 2307/2662/2307 2319/2675/2319 
f 2307/2662/2307 2320/2676/2320 2319/2675/2319 
f 2311/2666/2311 2320/2676/2320 2310/2665/2310 
f 2320/2676/2320 2307/2662/2307 2310/2665/2310 
f 2315/2677/2315 2316/2672/2316 2321/2678/2321 
f 2316/2672/2316 2317/2673/2317 2321/2678/2321 
f 2317/2673/2317 2318/2674/2318 2322/2679/2322 
f 2317/2673/2317 2322/2679/2322 2321/2678/2321 
f 2319/2675/2319 2323/2680/2323 2318/2674/2318 
f 2323/2680/2323 2322/2679/2322 2318/2674/2318 
f 2323/2680/2323 2319/2675/2319 2320/2676/2320 
f 2323/2680/2323 2320/2676/2320 2324/2681/2324 
f 2311/2666/2311 2325/2682/2325 2320/2676/2320 
f 2325/2682/2325 2324/2681/2324 2320/2676/2320 
f 2314/2683/2314 2315/2677/2315 2326/2684/2326 
f 2315/2677/2315 2321/2678/2321 2326/2684/2326 
f 2272/2685/2272 2314/2683/2314 2327/2686/2327 
f 2314/2683/2314 2326/2684/2326 2327/2686/2327 
f 2322/2679/2322 2328/2687/2328 2326/2684/2326 
f 2322/2679/2322 2326/2684/2326 2321/2678/2321 
f 2323/2680/2323 2329/2688/2329 2322/2679/2322 
f 2329/2688/2329 2328/2687/2328 2322/2679/2322 
f 2330/2689/2330 2329/2688/2329 2323/2680/2323 
f 2330/2689/2330 2323/2680/2323 2324/2681/2324 
f 2330/2689/2330 2324/2681/2324 2331/2690/2331 
f 2324/2681/2324 2325/2682/2325 2331/2690/2331 
f 2326/2684/2326 2328/2687/2328 2327/2686/2327 
f 2328/2687/2328 2332/2691/2332 2327/2686/2327 
f 2332/2691/2332 2328/2687/2328 2329/2688/2329 
f 2332/2691/2332 2329/2688/2329 2333/2692/2333 
f 2329/2688/2329 2330/2689/2330 2334/2693/2334 
f 2329/2688/2329 2334/2693/2334 2333/2692/2333 
f 2272/2685/2272 2327/2686/2327 2271/2694/2271 
f 2303/2695/2303 2271/2694/2271 2327/2686/2327 
f 2303/2695/2303 2327/2686/2327 2332/2691/2332 
f 2332/2691/2332 2333/2692/2333 2335/2696/2335 
f 2332/2691/2332 2335/2696/2335 2303/2695/2303 
f 2335/2696/2335 2333/2692/2333 2334/2693/2334 
f 2335/2696/2335 2334/2693/2334 2336/2697/2336 
f 2336/2697/2336 2334/2693/2334 2330/2689/2330 
f 2336/2697/2336 2330/2689/2330 2331/2690/2331 
f 2279/2630/2279 2304/2659/2304 2282/2633/2282 
f 2279/2630/2279 2282/2633/2282 2278/2627/2278 
f 2284/2635/2284 2100/2698/2100 2099/2628/2099 
f 2284/2635/2284 2099/2628/2099 2278/2627/2278 
f 2286/2637/2286 2146/2643/2146 2100/2698/2100 
f 2286/2637/2286 2100/2698/2100 2284/2635/2284 
f 2280/2631/2280 2308/2663/2308 2304/2659/2304 
f 2280/2631/2280 2304/2659/2304 2279/2630/2279 
f 2281/2632/2281 2309/2664/2309 2280/2631/2280 
f 2309/2664/2309 2308/2663/2308 2280/2631/2280 
f 2096/2439/2096 2312/2667/2312 2281/2632/2281 
f 2312/2667/2312 2309/2664/2309 2281/2632/2281 
f 2292/2647/2292 2130/2476/2130 2288/2639/2288 
f 2130/2476/2130 2121/2467/2121 2288/2639/2288 
f 2125/2471/2125 2130/2476/2130 2301/2656/2301 
f 2130/2476/2130 2292/2647/2292 2301/2656/2301 
f 2301/2656/2301 2337/2699/2337 2123/2469/2123 
f 2301/2656/2301 2123/2469/2123 2125/2471/2125 
f 2337/2699/2337 2338/2700/2338 2123/2469/2123 
f 2338/2700/2338 2092/2435/2092 2123/2469/2123 
f 2339/2701/2339 2067/2407/2067 2092/2435/2092 
f 2339/2701/2339 2092/2435/2092 2338/2700/2338 
f 2067/2407/2067 2339/2701/2339 2068/2408/2068 
f 2339/2701/2339 2340/2702/2340 2068/2408/2068 
f 2340/2702/2340 2341/2703/2341 2068/2408/2068 
f 2341/2703/2341 2127/2473/2127 2068/2408/2068 
f 2342/2704/2342 2343/2705/2343 2127/2473/2127 
f 2342/2704/2342 2127/2473/2127 2341/2703/2341 
f 2275/2624/2275 2337/2699/2337 2301/2656/2301 
f 2275/2624/2275 2301/2656/2301 2290/2645/2290 
f 2276/2625/2276 2338/2700/2338 2337/2699/2337 
f 2276/2625/2276 2337/2699/2337 2275/2624/2275 
f 2277/2626/2277 2339/2701/2339 2338/2700/2338 
f 2277/2626/2277 2338/2700/2338 2276/2625/2276 
f 2273/2622/2273 2340/2702/2340 2339/2701/2339 
f 2273/2622/2273 2339/2701/2339 2277/2626/2277 
f 2274/2623/2274 2341/2703/2341 2340/2702/2340 
f 2274/2623/2274 2340/2702/2340 2273/2622/2273 
f 2303/2658/2303 2342/2704/2342 2274/2623/2274 
f 2342/2704/2342 2341/2703/2341 2274/2623/2274 
f 2297/2652/2297 2296/2651/2296 2293/2648/2293 
f 2296/2651/2296 2295/2650/2295 2293/2648/2293 
f 2299/2654/2299 2298/2653/2298 2297/2652/2297 
f 2298/2653/2298 2296/2651/2296 2297/2652/2297 
f 2335/2696/2335 2336/2697/2336 2303/2695/2303 
f 2336/2697/2336 2342/2706/2342 2303/2695/2303 
f 2331/2690/2331 2343/2707/2343 2342/2706/2342 
f 2331/2690/2331 2342/2706/2342 2336/2697/2336 
f 2298/2653/2298 2299/2654/2299 2265/2614/2265 
f 2298/2653/2298 2265/2614/2265 2264/2613/2264 
f 2265/2614/2265 2299/2654/2299 2300/2655/2300 
f 2265/2614/2265 2300/2655/2300 2201/2594/2201 
f 2302/2657/2302 2118/2708/2118 2201/2594/2201 
f 2302/2657/2302 2201/2594/2201 2300/2655/2300 
f 2128/2474/2128 2127/2473/2127 2344/2709/2344 
f 2127/2473/2127 2343/2705/2343 2344/2709/2344 
f 2331/2690/2331 2345/2710/2345 2343/2707/2343 
f 2345/2710/2345 2344/2711/2344 2343/2707/2343 
f 2311/2666/2311 2345/2710/2345 2331/2690/2331 
f 2311/2666/2311 2331/2690/2331 2325/2682/2325 
f 2096/2439/2096 2345/2710/2345 2312/2667/2312 
f 2345/2710/2345 2311/2666/2311 2312/2667/2312 
f 2345/2710/2345 2096/2439/2096 2072/2412/2072 
f 2345/2710/2345 2072/2412/2072 2344/2711/2344 
f 2065/2405/2065 2093/2436/2093 2069/2712/2069 
f 2065/2405/2065 2069/2712/2069 2128/2713/2128 
f 2302/2657/2302 2122/2468/2122 2120/2466/2120 
f 2302/2657/2302 2120/2466/2120 2117/2714/2117 
f 2117/2714/2117 2118/2708/2118 2302/2657/2302 
f 2091/2715/2091 2070/2716/2070 2093/2436/2093 
f 2090/2433/2090 2094/2437/2094 2057/2388/2057 
f 2094/2437/2094 2058/2390/2058 2057/2388/2057 
f 2094/2437/2094 2124/2717/2124 2093/2436/2093 
f 2124/2717/2124 2091/2715/2091 2093/2436/2093 
f 2126/2718/2126 2124/2717/2124 2094/2437/2094 
f 2129/2719/2129 2126/2718/2126 2094/2437/2094 
f 2119/2720/2119 2129/2719/2129 2094/2437/2094 
f 2119/2720/2119 2094/2437/2094 2090/2433/2090 
f 2090/2433/2090 2120/2721/2120 2119/2720/2119 
f 2090/2433/2090 2117/2463/2117 2120/2721/2120 
f 2070/2716/2070 2069/2712/2069 2093/2436/2093 
f 2066/2406/2066 2065/2405/2065 2344/2711/2344 
f 2065/2405/2065 2128/2713/2128 2344/2711/2344 
f 2072/2412/2072 2066/2406/2066 2344/2711/2344 
f 671/801/671 670/800/670 2346/2722/2346 
f 670/800/670 2347/2723/2347 2346/2722/2346 
f 671/801/671 2346/2722/2346 672/802/672 
f 2346/2722/2346 2348/2724/2348 672/802/672 
f 675/807/675 672/806/672 2349/2725/2349 
f 672/806/672 2348/2726/2348 2349/2725/2349 
f 2349/2725/2349 2348/2726/2348 2350/2727/2350 
f 2348/2726/2348 2351/2728/2351 2350/2727/2350 
f 2350/2727/2350 2351/2728/2351 2352/2729/2352 
f 2351/2728/2351 2353/2730/2353 2352/2729/2352 
f 2354/2731/2354 2355/2732/2355 2356/2733/2356 
f 2355/2732/2355 2357/2734/2357 2356/2733/2356 
f 2358/2735/2358 2359/2736/2359 2360/2737/2360 
f 2359/2736/2359 2361/2738/2361 2360/2737/2360 
f 2362/2739/2362 2358/2735/2358 2363/2740/2363 
f 2358/2735/2358 2360/2737/2360 2363/2740/2363 
f 2364/2741/2364 2365/2742/2365 2366/2743/2366 
f 2364/2741/2364 2366/2743/2366 2367/2744/2367 
f 2366/2743/2366 2365/2742/2365 2368/2745/2368 
f 2366/2743/2366 2368/2745/2368 2369/2746/2369 
f 2370/2747/2370 2369/2746/2369 2371/2748/2371 
f 2369/2746/2369 2368/2745/2368 2371/2748/2371 
f 2372/2749/2372 2373/2750/2373 2370/2747/2370 
f 2372/2749/2372 2370/2747/2370 2371/2748/2371 
f 700/832/700 701/833/701 2373/2750/2373 
f 700/832/700 2373/2750/2373 2372/2749/2372 
f 2363/2740/2363 2364/2741/2364 2367/2744/2367 
f 2363/2740/2363 2367/2744/2367 2362/2739/2362 
f 2353/2751/2353 2351/2752/2351 2374/2753/2374 
f 2351/2752/2351 2375/2754/2375 2374/2753/2374 
f 2346/2755/2346 2375/2754/2375 2348/2756/2348 
f 2375/2754/2375 2351/2752/2351 2348/2756/2348 
f 2376/2757/2376 2377/2758/2377 2378/2759/2378 
f 2377/2758/2377 2379/2760/2379 2378/2759/2378 
f 2380/2761/2380 2355/2732/2355 2354/2731/2354 
f 2380/2761/2380 2354/2731/2354 2381/2762/2381 
f 2382/2763/2382 2383/2764/2383 2360/2737/2360 
f 2382/2763/2382 2360/2737/2360 2361/2738/2361 
f 2383/2764/2383 2384/2765/2384 2360/2737/2360 
f 2384/2765/2384 2363/2740/2363 2360/2737/2360 
f 2384/2765/2384 2385/2766/2385 2363/2740/2363 
f 2385/2766/2385 2364/2741/2364 2363/2740/2363 
f 2385/2766/2385 2386/2767/2386 2364/2741/2364 
f 2386/2767/2386 2365/2742/2365 2364/2741/2364 
f 2386/2767/2386 2387/2768/2387 2365/2742/2365 
f 2387/2768/2387 2368/2745/2368 2365/2742/2365 
f 2387/2768/2387 2388/2769/2388 2368/2745/2368 
f 2388/2769/2388 2371/2748/2371 2368/2745/2368 
f 2388/2769/2388 2389/2770/2389 2371/2748/2371 
f 2389/2770/2389 2372/2749/2372 2371/2748/2371 
f 2389/2770/2389 718/854/718 2372/2749/2372 
f 718/854/718 700/832/700 2372/2749/2372 
f 720/856/720 718/854/718 2389/2770/2389 
f 720/856/720 2389/2770/2389 2390/2771/2390 
f 2391/2772/2391 2390/2771/2390 2388/2769/2388 
f 2390/2771/2390 2389/2770/2389 2388/2769/2388 
f 2387/2768/2387 2392/2773/2392 2391/2772/2391 
f 2387/2768/2387 2391/2772/2391 2388/2769/2388 
f 2386/2767/2386 2393/2774/2393 2392/2773/2392 
f 2386/2767/2386 2392/2773/2392 2387/2768/2387 
f 2385/2766/2385 2394/2775/2394 2393/2774/2393 
f 2385/2766/2385 2393/2774/2393 2386/2767/2386 
f 2384/2765/2384 2395/2776/2395 2385/2766/2385 
f 2395/2776/2395 2394/2775/2394 2385/2766/2385 
f 2395/2776/2395 2384/2765/2384 2383/2764/2383 
f 2395/2776/2395 2383/2764/2383 2396/2777/2396 
f 2397/2778/2397 2383/2764/2383 2382/2763/2382 
f 2397/2778/2397 2382/2763/2382 2398/2779/2398 
f 2399/2780/2399 2397/2781/2397 2398/2782/2398 
f 2399/2780/2399 2398/2782/2398 2400/2783/2400 
f 2383/2764/2383 2397/2778/2397 2396/2777/2396 
f 2397/2778/2397 2401/2784/2401 2396/2777/2396 
f 734/872/734 735/873/735 2402/2785/2402 
f 734/872/734 2402/2785/2402 2403/2786/2403 
f 2404/2787/2404 2405/2788/2405 2403/2786/2403 
f 2404/2787/2404 2403/2786/2403 2402/2785/2402 
f 2406/2789/2406 2405/2788/2405 2407/2790/2407 
f 2405/2788/2405 2404/2787/2404 2407/2790/2407 
f 743/881/743 742/880/742 2408/2791/2408 
f 742/880/742 2409/2792/2409 2408/2791/2408 
f 2410/2793/2410 2359/2736/2359 2358/2735/2358 
f 2410/2793/2410 2358/2735/2358 2411/2794/2411 
f 2358/2735/2358 2362/2739/2362 2411/2794/2411 
f 2362/2739/2362 2356/2795/2356 2411/2794/2411 
f 2354/2796/2354 2356/2795/2356 2362/2739/2362 
f 2354/2796/2354 2362/2739/2362 2367/2744/2367 
f 2367/2744/2367 2366/2743/2366 2381/2797/2381 
f 2367/2744/2367 2381/2797/2381 2354/2796/2354 
f 2412/2798/2412 2381/2797/2381 2366/2743/2366 
f 2412/2798/2412 2366/2743/2366 2369/2746/2369 
f 2369/2746/2369 2370/2747/2370 2413/2799/2413 
f 2369/2746/2369 2413/2799/2413 2412/2798/2412 
f 2408/2800/2408 2413/2799/2413 2370/2747/2370 
f 2408/2800/2408 2370/2747/2370 2373/2750/2373 
f 2408/2800/2408 2373/2750/2373 743/890/743 
f 2373/2750/2373 701/833/701 743/890/743 
f 749/892/749 720/856/720 2390/2771/2390 
f 749/892/749 2390/2771/2390 2414/2801/2414 
f 2414/2801/2414 2390/2771/2390 2391/2772/2391 
f 2414/2801/2414 2391/2772/2391 2415/2802/2415 
f 2392/2773/2392 2416/2803/2416 2415/2802/2415 
f 2392/2773/2392 2415/2802/2415 2391/2772/2391 
f 2393/2774/2393 2417/2804/2417 2416/2803/2416 
f 2393/2774/2393 2416/2803/2416 2392/2773/2392 
f 2418/2805/2418 2417/2804/2417 2393/2774/2393 
f 2418/2805/2418 2393/2774/2393 2394/2775/2394 
f 2419/2806/2419 2396/2807/2396 2401/2808/2401 
f 2419/2806/2419 2401/2808/2401 2420/2809/2420 
f 2421/2810/2421 2395/2811/2395 2396/2807/2396 
f 2421/2810/2421 2396/2807/2396 2419/2806/2419 
f 2422/2812/2422 2394/2813/2394 2395/2811/2395 
f 2422/2812/2422 2395/2811/2395 2421/2810/2421 
f 2423/2814/2423 2418/2815/2418 2394/2813/2394 
f 2423/2814/2423 2394/2813/2394 2422/2812/2422 
f 2413/2816/2413 2408/2791/2408 2409/2792/2409 
f 2413/2816/2413 2409/2792/2409 2424/2817/2424 
f 2425/2818/2425 2401/2819/2401 2399/2780/2399 
f 2401/2819/2401 2397/2781/2397 2399/2780/2399 
f 2414/2801/2414 2426/2820/2426 761/911/761 
f 2414/2801/2414 761/911/761 749/892/749 
f 2414/2801/2414 2415/2802/2415 2426/2820/2426 
f 2415/2802/2415 2427/2821/2427 2426/2820/2426 
f 2415/2802/2415 2416/2803/2416 2427/2821/2427 
f 2416/2803/2416 2428/2822/2428 2427/2821/2427 
f 2429/2823/2429 2428/2822/2428 2416/2803/2416 
f 2429/2823/2429 2416/2803/2416 2417/2804/2417 
f 2430/2824/2430 766/916/766 2426/2820/2426 
f 766/916/766 761/911/761 2426/2820/2426 
f 2427/2821/2427 2428/2822/2428 2430/2824/2430 
f 2427/2821/2427 2430/2824/2430 2426/2820/2426 
f 2429/2823/2429 2431/2825/2431 2428/2822/2428 
f 2431/2825/2431 2430/2824/2430 2428/2822/2428 
f 769/919/769 766/916/766 2430/2824/2430 
f 769/919/769 2430/2824/2430 2431/2825/2431 
f 2432/2826/2432 2417/2827/2417 2418/2815/2418 
f 2432/2826/2432 2418/2815/2418 2423/2814/2423 
f 2433/2828/2433 2429/2829/2429 2417/2827/2417 
f 2433/2828/2433 2417/2827/2417 2432/2826/2432 
f 2434/2830/2434 2431/2831/2431 2429/2829/2429 
f 2434/2830/2434 2429/2829/2429 2433/2828/2433 
f 773/2832/773 769/2833/769 2431/2831/2431 
f 773/2832/773 2431/2831/2431 2434/2830/2434 
f 2435/2834/2435 2436/2835/2436 2420/2836/2420 
f 2435/2834/2435 2420/2836/2420 2437/2837/2437 
f 2436/2835/2436 2435/2834/2435 2438/2838/2438 
f 2435/2834/2435 2439/2839/2439 2438/2838/2438 
f 2440/2840/2440 2441/2841/2441 2439/2839/2439 
f 2441/2841/2441 2438/2838/2438 2439/2839/2439 
f 2442/2842/2442 2443/2843/2443 2444/2844/2444 
f 2443/2843/2443 2445/2845/2445 2444/2844/2444 
f 2444/2844/2444 2441/2841/2441 2442/2842/2442 
f 2441/2841/2441 2440/2840/2440 2442/2842/2442 
f 2446/2846/2446 2447/2847/2447 2445/2845/2445 
f 2446/2846/2446 2445/2845/2445 2443/2843/2443 
f 2424/2817/2424 2448/2848/2448 2412/2849/2412 
f 2424/2817/2424 2412/2849/2412 2413/2816/2413 
f 2449/2850/2449 2446/2846/2446 2443/2843/2443 
f 2449/2850/2449 2443/2843/2443 2450/2851/2450 
f 2450/2851/2450 2443/2843/2443 2451/2852/2451 
f 2443/2843/2443 2442/2842/2442 2451/2852/2451 
f 2451/2852/2451 2442/2842/2442 2452/2853/2452 
f 2442/2842/2442 2440/2840/2440 2452/2853/2452 
f 2452/2853/2452 2440/2840/2440 2453/2854/2453 
f 2440/2840/2440 2439/2839/2439 2453/2854/2453 
f 2380/2761/2380 2381/2762/2381 2448/2848/2448 
f 2381/2762/2381 2412/2849/2412 2448/2848/2448 
f 2454/2855/2454 2455/2856/2455 2456/2857/2456 
f 2347/2723/2347 670/800/670 797/953/797 
f 2347/2723/2347 797/953/797 2457/2858/2457 
f 797/953/797 799/955/799 2457/2858/2457 
f 799/955/799 2458/2859/2458 2457/2858/2457 
f 2459/2860/2459 2460/2861/2460 2457/2862/2457 
f 2459/2860/2459 2457/2862/2457 2458/2863/2458 
f 2460/2861/2460 2461/2864/2461 2347/2865/2347 
f 2460/2861/2460 2347/2865/2347 2457/2862/2457 
f 2461/2864/2461 2375/2754/2375 2347/2865/2347 
f 2375/2754/2375 2346/2755/2346 2347/2865/2347 
f 2462/2866/2462 2463/2867/2463 2464/2868/2464 
f 2462/2866/2462 2464/2868/2464 2465/2869/2465 
f 2466/2870/2466 2467/2871/2467 2468/2872/2468 
f 2467/2871/2467 2469/2873/2469 2468/2872/2468 
f 2470/2874/2470 2469/2873/2469 2467/2871/2467 
f 2470/2874/2470 2467/2871/2467 2471/2875/2471 
f 2472/2876/2472 2470/2874/2470 2471/2875/2471 
f 2472/2876/2472 2471/2875/2471 2473/2877/2473 
f 2467/2871/2467 2474/2878/2474 2471/2875/2471 
f 2475/2879/2475 2454/2855/2454 2476/2880/2476 
f 2454/2855/2454 2456/2857/2456 2476/2880/2476 
f 2475/2879/2475 2476/2880/2476 2445/2845/2445 
f 2475/2879/2475 2445/2845/2445 2447/2847/2447 
f 2449/2850/2449 2475/2881/2475 2446/2846/2446 
f 2475/2881/2475 2447/2847/2447 2446/2846/2446 
f 2475/2881/2475 2449/2850/2449 2454/2882/2454 
f 2449/2850/2449 2477/2883/2477 2454/2882/2454 
f 2478/2884/2478 2479/2885/2479 2480/2886/2480 
f 2479/2885/2479 2481/2887/2481 2480/2886/2480 
f 2479/2885/2479 2482/2888/2482 2483/2889/2483 
f 2479/2885/2479 2483/2889/2483 2481/2887/2481 
f 2482/2888/2482 2477/2883/2477 2484/2890/2484 
f 2482/2888/2482 2484/2890/2484 2483/2889/2483 
f 2485/2891/2485 2486/2892/2486 2487/2893/2487 
f 2486/2892/2486 2488/2894/2488 2487/2893/2487 
f 2489/2895/2489 2478/2884/2478 2490/2896/2490 
f 2478/2884/2478 2480/2886/2480 2490/2896/2490 
f 2486/2892/2486 2491/2897/2491 2488/2894/2488 
f 2491/2897/2491 2492/2898/2492 2488/2894/2488 
f 2493/2899/2493 2492/2898/2492 2494/2900/2494 
f 2492/2898/2492 2491/2897/2491 2494/2900/2494 
f 2495/2901/2495 2496/2902/2496 2497/2903/2497 
f 2496/2902/2496 2498/2904/2498 2497/2903/2497 
f 2497/2903/2497 2499/2905/2499 2495/2901/2495 
f 2499/2905/2499 2500/2906/2500 2495/2901/2495 
f 2501/2907/2501 2500/2906/2500 2502/2908/2502 
f 2500/2906/2500 2499/2905/2499 2502/2908/2502 
f 2503/2909/2503 2504/2910/2504 2359/2736/2359 
f 2503/2909/2503 2359/2736/2359 2410/2793/2410 
f 2494/2900/2494 2505/2911/2505 2506/2912/2506 
f 2494/2900/2494 2506/2912/2506 2493/2899/2493 
f 2507/2913/2507 2464/2868/2464 2463/2867/2463 
f 2507/2913/2507 2463/2867/2463 2508/2914/2508 
f 2509/2915/2509 2510/2916/2510 2511/2917/2511 
f 2509/2915/2509 2511/2917/2511 2512/2918/2512 
f 2488/2894/2488 2492/2898/2492 2470/2874/2470 
f 2492/2898/2492 2469/2873/2469 2470/2874/2470 
f 2487/2893/2487 2488/2894/2488 2470/2874/2470 
f 2487/2893/2487 2470/2874/2470 2472/2876/2472 
f 2359/2736/2359 2504/2910/2504 2513/2919/2513 
f 2359/2736/2359 2513/2919/2513 2361/2738/2361 
f 2463/2867/2463 2462/2866/2462 2510/2916/2510 
f 2463/2867/2463 2510/2916/2510 2509/2915/2509 
f 2514/2920/2514 2515/2921/2515 2508/2914/2508 
f 2515/2921/2515 2498/2904/2498 2508/2914/2508 
f 2493/2899/2493 2516/2922/2516 2469/2873/2469 
f 2493/2899/2493 2469/2873/2469 2492/2898/2492 
f 2469/2873/2469 2516/2922/2516 2468/2872/2468 
f 2516/2922/2516 2517/2923/2517 2468/2872/2468 
f 2516/2922/2516 2493/2899/2493 2518/2924/2518 
f 2493/2899/2493 2506/2912/2506 2518/2924/2518 
f 2502/2908/2502 2499/2905/2499 2519/2925/2519 
f 2502/2908/2502 2519/2925/2519 2520/2926/2520 
f 2361/2738/2361 2513/2919/2513 2376/2927/2376 
f 2513/2919/2513 2377/2928/2377 2376/2927/2376 
f 2521/2929/2521 2519/2925/2519 2499/2905/2499 
f 2521/2929/2521 2499/2905/2499 2497/2903/2497 
f 2498/2904/2498 2515/2921/2515 2521/2929/2521 
f 2498/2904/2498 2521/2929/2521 2497/2903/2497 
f 2508/2914/2508 2498/2904/2498 2496/2902/2496 
f 2508/2914/2508 2496/2902/2496 2507/2913/2507 
f 2508/2914/2508 2463/2867/2463 2514/2920/2514 
f 2463/2867/2463 2509/2915/2509 2514/2920/2514 
f 2505/2911/2505 2522/2930/2522 2501/2907/2501 
f 2522/2930/2522 2500/2906/2500 2501/2907/2501 
f 2522/2930/2522 2495/2901/2495 2500/2906/2500 
f 2522/2930/2522 2496/2902/2496 2495/2901/2495 
f 2522/2930/2522 2507/2913/2507 2496/2902/2496 
f 2522/2930/2522 2464/2868/2464 2507/2913/2507 
f 2522/2930/2522 2465/2869/2465 2464/2868/2464 
f 2349/2725/2349 2402/2785/2402 735/873/735 
f 2349/2725/2349 735/873/735 675/807/675 
f 2350/2727/2350 2404/2787/2404 2349/2725/2349 
f 2404/2787/2404 2402/2785/2402 2349/2725/2349 
f 2522/2930/2522 2491/2897/2491 2486/2892/2486 
f 2522/2930/2522 2494/2900/2494 2491/2897/2491 
f 2522/2930/2522 2505/2911/2505 2494/2900/2494 
f 2352/2729/2352 2353/2730/2353 2513/2919/2513 
f 2353/2730/2353 2377/2928/2377 2513/2919/2513 
f 2523/2931/2523 2524/2932/2524 2490/2896/2490 
f 2524/2932/2524 2525/2933/2525 2490/2896/2490 
f 2526/2934/2526 2527/2935/2527 2489/2895/2489 
f 2527/2935/2527 2478/2884/2478 2489/2895/2489 
f 2528/2936/2528 2529/2937/2529 2530/2938/2530 
f 2528/2936/2528 2530/2938/2530 2531/2939/2531 
f 2512/2918/2512 2529/2937/2529 2528/2936/2528 
f 2512/2918/2512 2528/2936/2528 2525/2933/2525 
f 2453/2854/2453 2480/2886/2480 2481/2887/2481 
f 2453/2854/2453 2481/2887/2481 2452/2853/2452 
f 2452/2853/2452 2481/2887/2481 2451/2852/2451 
f 2481/2887/2481 2483/2889/2483 2451/2852/2451 
f 2451/2852/2451 2483/2889/2483 2450/2851/2450 
f 2483/2889/2483 2484/2890/2484 2450/2851/2450 
f 2450/2851/2450 2484/2890/2484 2477/2883/2477 
f 2450/2851/2450 2477/2883/2477 2449/2850/2449 
f 2532/2940/2532 2533/2941/2533 2530/2938/2530 
f 2532/2940/2532 2530/2938/2530 2529/2937/2529 
f 2524/2932/2524 2437/2837/2437 2534/2942/2534 
f 2437/2837/2437 2425/2818/2425 2534/2942/2534 
f 2399/2780/2399 2521/2929/2521 2515/2921/2515 
f 2399/2780/2399 2515/2921/2515 2425/2818/2425 
f 2454/2882/2454 2477/2883/2477 2482/2888/2482 
f 2454/2882/2454 2482/2888/2482 2455/2943/2455 
f 2420/2836/2420 2401/2819/2401 2437/2837/2437 
f 2401/2819/2401 2425/2818/2425 2437/2837/2437 
f 2482/2888/2482 2479/2885/2479 2455/2943/2455 
f 2479/2885/2479 2535/2944/2535 2455/2943/2455 
f 2478/2884/2478 2527/2935/2527 2479/2885/2479 
f 2527/2935/2527 2535/2944/2535 2479/2885/2479 
f 2439/2839/2439 2435/2834/2435 2523/2931/2523 
f 2439/2839/2439 2523/2931/2523 2453/2854/2453 
f 2524/2932/2524 2523/2931/2523 2435/2834/2435 
f 2524/2932/2524 2435/2834/2435 2437/2837/2437 
f 2489/2895/2489 2528/2936/2528 2526/2934/2526 
f 2528/2936/2528 2531/2939/2531 2526/2934/2526 
f 2490/2896/2490 2480/2886/2480 2523/2931/2523 
f 2480/2886/2480 2453/2854/2453 2523/2931/2523 
f 2490/2896/2490 2525/2933/2525 2489/2895/2489 
f 2525/2933/2525 2528/2936/2528 2489/2895/2489 
f 2525/2933/2525 2524/2932/2524 2534/2942/2534 
f 2525/2933/2525 2534/2942/2534 2512/2918/2512 
f 2511/2917/2511 2532/2940/2532 2512/2918/2512 
f 2532/2940/2532 2529/2937/2529 2512/2918/2512 
f 2425/2818/2425 2515/2921/2515 2534/2942/2534 
f 2515/2921/2515 2514/2920/2514 2534/2942/2534 
f 2473/2877/2473 2536/2945/2536 2511/2917/2511 
f 2536/2945/2536 2532/2940/2532 2511/2917/2511 
f 2473/2877/2473 2471/2875/2471 2474/2878/2474 
f 2473/2877/2473 2474/2878/2474 2536/2945/2536 
f 2533/2941/2533 2532/2940/2532 2536/2945/2536 
f 2533/2941/2533 2536/2945/2536 2537/2946/2537 
f 2537/2946/2537 2536/2945/2536 2474/2878/2474 
f 2537/2946/2537 2474/2878/2474 2538/2947/2538 
f 2538/2947/2538 2474/2878/2474 2467/2871/2467 
f 2538/2947/2538 2467/2871/2467 2539/2948/2539 
f 2539/2948/2539 2467/2871/2467 2466/2870/2466 
f 2539/2948/2539 2466/2870/2466 2458/2863/2458 
f 2509/2915/2509 2512/2918/2512 2534/2942/2534 
f 2509/2915/2509 2534/2942/2534 2514/2920/2514 
f 2399/2780/2399 2400/2783/2400 2521/2929/2521 
f 2400/2783/2400 2519/2925/2519 2521/2929/2521 
f 2352/2729/2352 2407/2790/2407 2350/2727/2350 
f 2407/2790/2407 2404/2787/2404 2350/2727/2350 
f 2382/2763/2382 2361/2738/2361 2398/2779/2398 
f 2361/2738/2361 2376/2927/2376 2398/2779/2398 
f 2502/2908/2502 2506/2912/2506 2505/2911/2505 
f 2502/2908/2502 2505/2911/2505 2501/2907/2501 
f 2520/2926/2520 2518/2924/2518 2506/2912/2506 
f 2520/2926/2520 2506/2912/2506 2502/2908/2502 
f 2378/2759/2378 2379/2760/2379 2520/2926/2520 
f 2379/2760/2379 2518/2924/2518 2520/2926/2520 
f 2378/2759/2378 2400/2783/2400 2376/2757/2376 
f 2400/2783/2400 2398/2782/2398 2376/2757/2376 
f 2485/2891/2485 2522/2930/2522 2486/2892/2486 
f 2465/2869/2465 2522/2930/2522 2485/2891/2485 
f 2487/2893/2487 2462/2866/2462 2465/2869/2465 
f 2487/2893/2487 2465/2869/2465 2485/2891/2485 
f 2472/2876/2472 2510/2916/2510 2462/2866/2462 
f 2472/2876/2472 2462/2866/2462 2487/2893/2487 
f 2520/2926/2520 2519/2925/2519 2378/2759/2378 
f 2519/2925/2519 2400/2783/2400 2378/2759/2378 
f 2473/2877/2473 2511/2917/2511 2510/2916/2510 
f 2473/2877/2473 2510/2916/2510 2472/2876/2472 
f 2540/2949/2540 2518/2924/2518 2374/2753/2374 
f 2518/2924/2518 2379/2760/2379 2374/2753/2374 
f 2374/2753/2374 2379/2760/2379 2353/2751/2353 
f 2379/2760/2379 2377/2758/2377 2353/2751/2353 
f 2374/2753/2374 2375/2754/2375 2540/2949/2540 
f 2375/2754/2375 2461/2864/2461 2540/2949/2540 
f 2513/2919/2513 2504/2910/2504 2352/2729/2352 
f 2504/2910/2504 2407/2790/2407 2352/2729/2352 
f 2407/2790/2407 2504/2910/2504 2406/2789/2406 
f 2504/2910/2504 2503/2909/2503 2406/2789/2406 
f 2517/2923/2517 2516/2922/2516 2540/2949/2540 
f 2516/2922/2516 2518/2924/2518 2540/2949/2540 
f 2517/2923/2517 2540/2949/2540 2460/2861/2460 
f 2540/2949/2540 2461/2864/2461 2460/2861/2460 
f 2468/2872/2468 2459/2860/2459 2466/2870/2466 
f 2459/2860/2459 2458/2863/2458 2466/2870/2466 
f 2468/2872/2468 2517/2923/2517 2459/2860/2459 
f 2459/2860/2459 2517/2923/2517 2460/2861/2460 
f 2357/2734/2357 2541/2950/2541 2356/2733/2356 
f 2541/2950/2541 2411/2951/2411 2356/2733/2356 
f 2541/2950/2541 2542/2952/2542 2411/2951/2411 
f 2542/2952/2542 2410/2953/2410 2411/2951/2411 
f 2542/2952/2542 2543/2954/2543 2410/2953/2410 
f 2543/2954/2543 2503/2955/2503 2410/2953/2410 
f 2543/2954/2543 2544/2956/2544 2503/2955/2503 
f 2544/2956/2544 2406/2957/2406 2503/2955/2503 
f 2544/2956/2544 2545/2958/2545 2406/2957/2406 
f 2545/2958/2545 2405/2959/2405 2406/2957/2406 
f 2545/2958/2545 2546/2960/2546 2405/2959/2405 
f 2546/2960/2546 2403/2961/2403 2405/2959/2405 
f 2546/2960/2546 888/1059/888 2403/2961/2403 
f 888/1059/888 734/1058/734 2403/2961/2403 
f 2547/2962/2547 2409/2792/2409 889/1060/889 
f 2409/2792/2409 742/880/742 889/1060/889 
f 2409/2792/2409 2547/2962/2547 2424/2817/2424 
f 2547/2962/2547 2548/2963/2548 2424/2817/2424 
f 2548/2963/2548 2549/2964/2549 2448/2848/2448 
f 2548/2963/2548 2448/2848/2448 2424/2817/2424 
f 2448/2848/2448 2549/2964/2549 2380/2761/2380 
f 2549/2964/2549 2550/2965/2550 2380/2761/2380 
f 2380/2761/2380 2550/2965/2550 2355/2732/2355 
f 2550/2965/2550 2357/2734/2357 2355/2732/2355 
f 888/1059/888 2546/2960/2546 889/1060/889 
f 2546/2960/2546 2547/2962/2547 889/1060/889 
f 2545/2958/2545 2548/2963/2548 2547/2962/2547 
f 2545/2958/2545 2547/2962/2547 2546/2960/2546 
f 2548/2963/2548 2545/2958/2545 2544/2956/2544 
f 2548/2963/2548 2544/2956/2544 2549/2964/2549 
f 2549/2964/2549 2544/2956/2544 2543/2954/2543 
f 2549/2964/2549 2543/2954/2543 2550/2965/2550 
f 2542/2952/2542 2541/2950/2541 2550/2965/2550 
f 2541/2950/2541 2357/2734/2357 2550/2965/2550 
f 2550/2965/2550 2543/2954/2543 2542/2952/2542 
f 2436/2966/2436 2551/2967/2551 2420/2809/2420 
f 2551/2967/2551 2419/2806/2419 2420/2809/2420 
f 2551/2967/2551 2552/2968/2552 2419/2806/2419 
f 2552/2968/2552 2421/2810/2421 2419/2806/2419 
f 2422/2812/2422 2421/2810/2421 2552/2968/2552 
f 2422/2812/2422 2552/2968/2552 2553/2969/2553 
f 2553/2969/2553 2554/2970/2554 2423/2814/2423 
f 2553/2969/2553 2423/2814/2423 2422/2812/2422 
f 2555/2971/2555 2432/2826/2432 2554/2970/2554 
f 2432/2826/2432 2423/2814/2423 2554/2970/2554 
f 2436/2966/2436 2438/2972/2438 2556/2973/2556 
f 2436/2966/2436 2556/2973/2556 2551/2967/2551 
f 2556/2974/2556 2557/2975/2557 2551/2976/2551 
f 2557/2975/2557 2552/2977/2552 2551/2976/2551 
f 2552/2977/2552 2557/2975/2557 2558/2978/2558 
f 2552/2977/2552 2558/2978/2558 2553/2979/2553 
f 2559/2980/2559 2554/2981/2554 2553/2979/2553 
f 2559/2980/2559 2553/2979/2553 2558/2978/2558 
f 2559/2980/2559 2560/2982/2560 2554/2981/2554 
f 2560/2982/2560 2555/2983/2555 2554/2981/2554 
f 2561/2984/2561 2555/2983/2555 2560/2982/2560 
f 2561/2984/2561 2560/2982/2560 2562/2985/2562 
f 2432/2826/2432 2555/2971/2555 2433/2828/2433 
f 2555/2983/2555 2561/2984/2561 2433/2986/2433 
f 2561/2984/2561 2563/2987/2563 2433/2986/2433 
f 2433/2986/2433 2563/2987/2563 2434/2988/2434 
f 2563/2987/2563 2564/2989/2564 2434/2988/2434 
f 773/1090/773 2434/2988/2434 2564/2989/2564 
f 773/1090/773 2564/2989/2564 908/1089/908 
f 2565/2990/2565 2556/2973/2556 2438/2972/2438 
f 2565/2990/2565 2438/2972/2438 2566/2991/2566 
f 2567/2992/2567 2568/2993/2568 2569/2994/2569 
f 2567/2992/2567 2569/2994/2569 2570/2995/2570 
f 2570/2996/2570 2569/2997/2569 2571/2998/2571 
f 2569/2997/2569 2572/2999/2572 2571/2998/2571 
f 2573/3000/2573 2557/2975/2557 2556/2974/2556 
f 2573/3000/2573 2556/2974/2556 2565/3001/2565 
f 2571/2998/2571 2572/2999/2572 2574/3002/2574 
f 2571/2998/2571 2574/3002/2574 2575/3003/2575 
f 2558/2978/2558 2557/2975/2557 2576/3004/2576 
f 2557/2975/2557 2573/3000/2573 2576/3004/2576 
f 2576/3004/2576 2577/3005/2577 2558/2978/2558 
f 2577/3005/2577 2559/2980/2559 2558/2978/2558 
f 2575/3003/2575 2574/3002/2574 2578/3006/2578 
f 2574/3002/2574 2579/3007/2579 2578/3006/2578 
f 2579/3007/2579 2574/3002/2574 2580/3008/2580 
f 2579/3007/2579 2580/3008/2580 2581/3009/2581 
f 2574/3002/2574 2572/2999/2572 2582/3010/2582 
f 2574/3002/2574 2582/3010/2582 2580/3008/2580 
f 2572/2999/2572 2569/2997/2569 2583/3011/2583 
f 2572/2999/2572 2583/3011/2583 2582/3010/2582 
f 2582/3010/2582 2583/3011/2583 2584/3012/2584 
f 2583/3011/2583 2585/3013/2585 2584/3012/2584 
f 932/3014/932 931/3015/931 2586/3016/2586 
f 2587/3017/2587 2583/3018/2583 2568/2993/2568 
f 2583/3018/2583 2569/2994/2569 2568/2993/2568 
f 2583/3018/2583 2587/3017/2587 2585/3019/2585 
f 2587/3017/2587 2588/3020/2588 2585/3019/2585 
f 2589/3021/2589 2590/3022/2590 2591/3023/2591 
f 2590/3022/2590 2592/3024/2592 2591/3023/2591 
f 2586/3016/2586 931/3015/931 940/3025/940 
f 2586/3016/2586 940/3025/940 2593/3026/2593 
f 2594/3027/2594 2580/3008/2580 2584/3012/2584 
f 2580/3008/2580 2582/3010/2582 2584/3012/2584 
f 2593/3026/2593 940/3025/940 943/3028/943 
f 2593/3026/2593 943/3028/943 2595/3029/2595 
f 2581/3009/2581 2580/3008/2580 2596/3030/2596 
f 2580/3008/2580 2594/3027/2594 2596/3030/2596 
f 2597/3031/2597 2560/2982/2560 2577/3005/2577 
f 2560/2982/2560 2559/2980/2559 2577/3005/2577 
f 2578/3006/2578 2579/3007/2579 2598/3032/2598 
f 2579/3007/2579 2599/3033/2599 2598/3032/2598 
f 2599/3033/2599 2579/3007/2579 2581/3009/2581 
f 2599/3033/2599 2581/3009/2581 2600/3034/2600 
f 2581/3009/2581 2596/3030/2596 2600/3034/2600 
f 2596/3030/2596 2601/3035/2601 2600/3034/2600 
f 2602/3036/2602 2601/3035/2601 2596/3030/2596 
f 2602/3036/2602 2596/3030/2596 2595/3029/2595 
f 2603/3037/2603 2604/3038/2604 2605/3039/2605 
f 2603/3037/2603 2605/3039/2605 2606/3040/2606 
f 2607/3041/2607 2608/3042/2608 2604/3038/2604 
f 2608/3042/2608 2605/3039/2605 2604/3038/2604 
f 2605/3039/2605 2608/3042/2608 2609/3043/2609 
f 2605/3039/2605 2609/3043/2609 2610/3044/2610 
f 2606/3040/2606 2605/3039/2605 2610/3044/2610 
f 2606/3040/2606 2610/3044/2610 2611/3045/2611 
f 2597/3031/2597 2612/3046/2612 2560/2982/2560 
f 2612/3046/2612 2562/2985/2562 2560/2982/2560 
f 2598/3032/2598 2599/3033/2599 2613/3047/2613 
f 2599/3033/2599 2614/3048/2614 2613/3047/2613 
f 2599/3033/2599 2600/3034/2600 2614/3048/2614 
f 2600/3034/2600 2615/3049/2615 2614/3048/2614 
f 2601/3035/2601 2616/3050/2616 2600/3034/2600 
f 2616/3050/2616 2615/3049/2615 2600/3034/2600 
f 2617/3051/2617 965/1152/965 2564/2989/2564 
f 965/1152/965 908/1089/908 2564/2989/2564 
f 2618/3052/2618 2617/3051/2617 2564/2989/2564 
f 2618/3052/2618 2564/2989/2564 2563/2987/2563 
f 2561/2984/2561 2619/3053/2619 2563/2987/2563 
f 2619/3053/2619 2618/3052/2618 2563/2987/2563 
f 2562/2985/2562 2620/3054/2620 2619/3053/2619 
f 2562/2985/2562 2619/3053/2619 2561/2984/2561 
f 2562/2985/2562 2612/3046/2612 2621/3055/2621 
f 2562/2985/2562 2621/3055/2621 2620/3054/2620 
f 2622/3056/2622 2621/3055/2621 2613/3047/2613 
f 2621/3055/2621 2612/3046/2612 2613/3047/2613 
f 2623/3057/2623 2614/3048/2614 2624/3058/2624 
f 2614/3048/2614 2615/3049/2615 2624/3058/2624 
f 2625/3059/2625 2624/3058/2624 2615/3049/2615 
f 2625/3059/2625 2615/3049/2615 2616/3050/2616 
f 2616/3050/2616 2626/3060/2626 2627/3061/2627 
f 2616/3050/2616 2627/3061/2627 2625/3059/2625 
f 2626/3060/2626 2616/3050/2616 2601/3035/2601 
f 2626/3060/2626 2601/3035/2601 2628/3062/2628 
f 2611/3045/2611 2610/3044/2610 2629/3063/2629 
f 2611/3045/2611 2629/3063/2629 2630/3064/2630 
f 2631/3065/2631 2623/3066/2623 2632/3067/2632 
f 2623/3066/2623 2624/3068/2624 2632/3067/2632 
f 2613/3047/2613 2612/3046/2612 2598/3032/2598 
f 2612/3046/2612 2597/3031/2597 2598/3032/2598 
f 2633/3069/2633 2634/3070/2634 2635/3071/2635 
f 2634/3070/2634 2636/3072/2636 2635/3071/2635 
f 2634/3070/2634 2637/3073/2637 2636/3072/2636 
f 2637/3073/2637 2638/3074/2638 2636/3072/2636 
f 2639/3075/2639 2638/3074/2638 2640/3076/2640 
f 2638/3074/2638 2637/3073/2637 2640/3076/2640 
f 2641/3077/2641 2642/3078/2642 2639/3075/2639 
f 2641/3077/2641 2639/3075/2639 2640/3076/2640 
f 2643/3079/2643 2644/3080/2644 993/1182/993 
f 2643/3079/2643 993/1182/993 992/1181/992 
f 2645/3081/2645 2644/3080/2644 2646/3082/2646 
f 2644/3080/2644 2643/3079/2643 2646/3082/2646 
f 2646/3082/2646 2647/3083/2647 2645/3081/2645 
f 2647/3083/2647 2648/3084/2648 2645/3081/2645 
f 2649/3085/2649 2650/3086/2650 2648/3084/2648 
f 2649/3085/2649 2648/3084/2648 2647/3083/2647 
f 2651/3087/2651 2650/3086/2650 2649/3085/2649 
f 2651/3087/2651 2649/3085/2649 2652/3088/2652 
f 2638/3089/2638 2639/3090/2639 2652/3088/2652 
f 2639/3090/2639 2651/3087/2651 2652/3088/2652 
f 2635/3091/2635 2636/3092/2636 2653/3093/2653 
f 2636/3092/2636 2654/3094/2654 2653/3093/2653 
f 2655/3095/2655 2656/3096/2656 2653/3093/2653 
f 2656/3096/2656 2657/3097/2657 2653/3093/2653 
f 2658/3098/2658 2659/3099/2659 2655/3095/2655 
f 2659/3099/2659 2656/3096/2656 2655/3095/2655 
f 2660/3100/2660 2661/3101/2661 2659/3099/2659 
f 2660/3100/2660 2659/3099/2659 2658/3098/2658 
f 2662/3102/2662 2663/3103/2663 2661/3101/2661 
f 2662/3102/2662 2661/3101/2661 2660/3100/2660 
f 1015/1208/1015 1016/1209/1016 2663/3103/2663 
f 1015/1208/1015 2663/3103/2663 2662/3102/2662 
f 2654/3094/2654 2636/3092/2636 2638/3089/2638 
f 2654/3094/2654 2638/3089/2638 2652/3088/2652 
f 2664/3104/2664 2654/3094/2654 2652/3088/2652 
f 2664/3104/2664 2652/3088/2652 2649/3085/2649 
f 2665/3105/2665 2664/3104/2664 2649/3085/2649 
f 2665/3105/2665 2649/3085/2649 2647/3083/2647 
f 2666/3106/2666 2665/3105/2665 2646/3082/2646 
f 2665/3105/2665 2647/3083/2647 2646/3082/2646 
f 2646/3082/2646 2643/3079/2643 2666/3106/2666 
f 2643/3079/2643 2667/3107/2667 2666/3106/2666 
f 1021/1214/1021 2667/3107/2667 992/1181/992 
f 2667/3107/2667 2643/3079/2643 992/1181/992 
f 2642/3108/2642 2668/3109/2668 2651/3087/2651 
f 2642/3108/2642 2651/3087/2651 2639/3090/2639 
f 2669/3110/2669 2650/3086/2650 2651/3087/2651 
f 2669/3110/2669 2651/3087/2651 2668/3109/2668 
f 2670/3111/2670 2648/3084/2648 2650/3086/2650 
f 2670/3111/2670 2650/3086/2650 2669/3110/2669 
f 2648/3084/2648 2670/3111/2670 2645/3081/2645 
f 2670/3111/2670 2671/3112/2671 2645/3081/2645 
f 2671/3112/2671 2672/3113/2672 2644/3080/2644 
f 2671/3112/2671 2644/3080/2644 2645/3081/2645 
f 2644/3080/2644 2672/3113/2672 1027/1221/1027 
f 2644/3080/2644 1027/1221/1027 993/1182/993 
f 2613/3047/2613 2614/3048/2614 2623/3057/2623 
f 2613/3047/2613 2623/3057/2623 2622/3056/2622 
f 2598/3032/2598 2597/3031/2597 2578/3006/2578 
f 2597/3031/2597 2577/3005/2577 2578/3006/2578 
f 2578/3006/2578 2577/3005/2577 2575/3003/2575 
f 2577/3005/2577 2576/3004/2576 2575/3003/2575 
f 2575/3003/2575 2576/3004/2576 2571/2998/2571 
f 2576/3004/2576 2573/3000/2573 2571/2998/2571 
f 2571/2998/2571 2573/3000/2573 2565/3001/2565 
f 2571/2998/2571 2565/3001/2565 2570/2996/2570 
f 2570/2995/2570 2565/2990/2565 2566/2991/2566 
f 2570/2995/2570 2566/2991/2566 2567/2992/2567 
f 2660/3100/2660 2666/3106/2666 2667/3107/2667 
f 2660/3100/2660 2667/3107/2667 2662/3102/2662 
f 2658/3098/2658 2665/3105/2665 2666/3106/2666 
f 2658/3098/2658 2666/3106/2666 2660/3100/2660 
f 2655/3095/2655 2664/3104/2664 2658/3098/2658 
f 2664/3104/2664 2665/3105/2665 2658/3098/2658 
f 2653/3093/2653 2654/3094/2654 2655/3095/2655 
f 2654/3094/2654 2664/3104/2664 2655/3095/2655 
f 2653/3093/2653 2657/3097/2657 2635/3091/2635 
f 2657/3097/2657 2673/3114/2673 2635/3091/2635 
f 2662/3102/2662 2667/3107/2667 1021/1214/1021 
f 2662/3102/2662 1021/1214/1021 1015/1208/1015 
f 2635/3071/2635 2673/3115/2673 2633/3069/2633 
f 2673/3115/2673 2674/3116/2674 2633/3069/2633 
f 2673/3115/2673 2622/3117/2622 2675/3118/2675 
f 2673/3115/2673 2675/3118/2675 2674/3116/2674 
f 2622/3117/2622 2623/3066/2623 2675/3118/2675 
f 2623/3066/2623 2631/3065/2631 2675/3118/2675 
f 2622/3056/2622 2673/3114/2673 2621/3055/2621 
f 2673/3114/2673 2657/3097/2657 2621/3055/2621 
f 2620/3054/2620 2621/3055/2621 2657/3097/2657 
f 2620/3054/2620 2657/3097/2657 2656/3096/2656 
f 2656/3096/2656 2659/3099/2659 2619/3053/2619 
f 2656/3096/2656 2619/3053/2619 2620/3054/2620 
f 2659/3099/2659 2661/3101/2661 2618/3052/2618 
f 2659/3099/2659 2618/3052/2618 2619/3053/2619 
f 2663/3103/2663 2617/3051/2617 2618/3052/2618 
f 2663/3103/2663 2618/3052/2618 2661/3101/2661 
f 2617/3051/2617 2663/3103/2663 1016/1209/1016 
f 2617/3051/2617 1016/1209/1016 965/1152/965 
f 2676/3119/2676 2677/3120/2677 2642/3078/2642 
f 2676/3119/2676 2642/3078/2642 2641/3077/2641 
f 2678/3121/2678 2677/3120/2677 2679/3122/2679 
f 2677/3120/2677 2676/3119/2676 2679/3122/2679 
f 2679/3122/2679 2680/3123/2680 2681/3124/2681 
f 2679/3122/2679 2681/3124/2681 2678/3121/2678 
f 2682/3125/2682 2683/3126/2683 2684/3127/2684 
f 2683/3126/2683 2685/3128/2685 2684/3127/2684 
f 2685/3128/2685 2683/3126/2683 2686/3129/2686 
f 2685/3128/2685 2686/3129/2686 2687/3130/2687 
f 2687/3130/2687 2686/3129/2686 2688/3131/2688 
f 2687/3130/2687 2688/3131/2688 2689/3132/2689 
f 2690/3133/2690 2691/3134/2691 2692/3135/2692 
f 2690/3133/2690 2692/3135/2692 2693/3136/2693 
f 2694/3137/2694 2692/3135/2692 2629/3138/2629 
f 2692/3135/2692 2695/3139/2695 2629/3138/2629 
f 2696/3140/2696 2632/3067/2632 2624/3068/2624 
f 2696/3140/2696 2624/3068/2624 2625/3141/2625 
f 2697/3142/2697 2696/3140/2696 2625/3141/2625 
f 2697/3142/2697 2625/3141/2625 2627/3143/2627 
f 2630/3144/2630 2629/3138/2629 2695/3139/2695 
f 2630/3144/2630 2695/3139/2695 2698/3145/2698 
f 2699/3146/2699 2677/3147/2677 2678/3148/2678 
f 2699/3146/2699 2678/3148/2678 2700/3149/2700 
f 2677/3147/2677 2699/3146/2699 2668/3109/2668 
f 2677/3147/2677 2668/3109/2668 2642/3108/2642 
f 2684/3150/2684 2685/3151/2685 2701/3152/2701 
f 2684/3150/2684 2701/3152/2701 2702/3153/2702 
f 2678/3148/2678 2681/3154/2681 2700/3149/2700 
f 2681/3154/2681 2703/3155/2703 2700/3149/2700 
f 2701/3152/2701 2685/3151/2685 2704/3156/2704 
f 2701/3152/2701 2704/3156/2704 2705/3157/2705 
f 2687/3158/2687 2706/3159/2706 2704/3156/2704 
f 2687/3158/2687 2704/3156/2704 2685/3151/2685 
f 2687/3158/2687 2689/3160/2689 2706/3159/2706 
f 2689/3160/2689 2707/3161/2707 2706/3159/2706 
f 2708/3162/2708 2707/3161/2707 2689/3160/2689 
f 2708/3162/2708 2689/3160/2689 2709/3163/2709 
f 2609/3043/2609 2694/3164/2694 2610/3044/2610 
f 2694/3164/2694 2629/3063/2629 2610/3044/2610 
f 2705/3157/2705 2704/3156/2704 2710/3165/2710 
f 2704/3156/2704 2711/3166/2711 2710/3165/2710 
f 2712/3167/2712 2713/3168/2713 2710/3165/2710 
f 2712/3167/2712 2710/3165/2710 2711/3166/2711 
f 2712/3167/2712 1070/3169/1070 2713/3168/2713 
f 1070/3169/1070 1069/3170/1069 2713/3168/2713 
f 1070/3169/1070 2712/3167/2712 1071/3171/1071 
f 2712/3167/2712 2714/3172/2714 1071/3171/1071 
f 2715/3173/2715 2711/3166/2711 2706/3159/2706 
f 2711/3166/2711 2704/3156/2704 2706/3159/2706 
f 2711/3166/2711 2715/3173/2715 2712/3167/2712 
f 2715/3173/2715 2714/3172/2714 2712/3167/2712 
f 2706/3159/2706 2707/3161/2707 2715/3173/2715 
f 2707/3161/2707 2716/3174/2716 2715/3173/2715 
f 2716/3174/2716 2717/3175/2717 2714/3172/2714 
f 2716/3174/2716 2714/3172/2714 2715/3173/2715 
f 2717/3175/2717 1076/3176/1076 2714/3172/2714 
f 1076/3176/1076 1071/3171/1071 2714/3172/2714 
f 1078/3177/1078 1076/3176/1076 2717/3175/2717 
f 1078/3177/1078 2717/3175/2717 2718/3178/2718 
f 2718/3178/2718 2717/3175/2717 2719/3179/2719 
f 2717/3175/2717 2716/3174/2716 2719/3179/2719 
f 2719/3179/2719 2716/3174/2716 2707/3161/2707 
f 2719/3179/2719 2707/3161/2707 2708/3162/2708 
f 2595/3029/2595 2596/3030/2596 2594/3027/2594 
f 2595/3029/2595 2594/3027/2594 2593/3026/2593 
f 2595/3029/2595 943/3028/943 1080/3180/1080 
f 2595/3029/2595 1080/3180/1080 2602/3036/2602 
f 2593/3026/2593 2594/3027/2594 2584/3012/2584 
f 2593/3026/2593 2584/3012/2584 2586/3016/2586 
f 2586/3016/2586 2584/3012/2584 2585/3013/2585 
f 2586/3016/2586 2585/3013/2585 932/3014/932 
f 932/1290/932 2585/3019/2585 2588/3020/2588 
f 932/1290/932 2588/3020/2588 1081/1289/1081 
f 2601/3035/2601 2602/3036/2602 2628/3062/2628 
f 2602/3036/2602 2720/3181/2720 2628/3062/2628 
f 2604/3038/2604 1084/3182/1084 1083/3183/1083 
f 2604/3038/2604 1083/3183/1083 2607/3041/2607 
f 1085/3184/1085 1084/3182/1084 2603/3037/2603 
f 1084/3182/1084 2604/3038/2604 2603/3037/2603 
f 1086/3185/1086 2720/3181/2720 2602/3036/2602 
f 1086/3185/1086 2602/3036/2602 1080/3180/1080 
f 2713/3168/2713 1069/3170/1069 2721/3186/2721 
f 1069/3170/1069 1088/3187/1088 2721/3186/2721 
f 2722/3188/2722 2710/3165/2710 2713/3168/2713 
f 2722/3188/2722 2713/3168/2713 2721/3186/2721 
f 2705/3157/2705 2710/3165/2710 2722/3188/2722 
f 2705/3157/2705 2722/3188/2722 2723/3189/2723 
f 2723/3189/2723 2724/3190/2724 2701/3152/2701 
f 2723/3189/2723 2701/3152/2701 2705/3157/2705 
f 2725/3191/2725 2726/3192/2726 2702/3153/2702 
f 2726/3192/2726 2703/3155/2703 2702/3153/2702 
f 2726/3192/2726 2727/3193/2727 2728/3194/2728 
f 2726/3192/2726 2728/3194/2728 2703/3155/2703 
f 2729/3195/2729 2730/3196/2730 2727/3193/2727 
f 2730/3196/2730 2728/3194/2728 2727/3193/2727 
f 2731/3197/2731 2730/3196/2730 2732/3198/2732 
f 2730/3196/2730 2729/3195/2729 2732/3198/2732 
f 2733/3199/2733 2699/3146/2699 2700/3149/2700 
f 2733/3199/2733 2700/3149/2700 2734/3200/2734 
f 2733/3199/2733 2669/3110/2669 2668/3109/2668 
f 2733/3199/2733 2668/3109/2668 2699/3146/2699 
f 2703/3155/2703 2728/3194/2728 2700/3149/2700 
f 2728/3194/2728 2734/3200/2734 2700/3149/2700 
f 2702/3153/2702 2703/3155/2703 2681/3154/2681 
f 2702/3153/2702 2681/3154/2681 2684/3150/2684 
f 2702/3153/2702 2701/3152/2701 2724/3190/2724 
f 2702/3153/2702 2724/3190/2724 2725/3191/2725 
f 2684/3201/2684 2681/3124/2681 2680/3123/2680 
f 2684/3201/2684 2680/3123/2680 2682/3202/2682 
f 2734/3200/2734 2735/3203/2735 2736/3204/2736 
f 2734/3200/2734 2736/3204/2736 2733/3199/2733 
f 2669/3110/2669 2733/3199/2733 2736/3204/2736 
f 2669/3110/2669 2736/3204/2736 2670/3111/2670 
f 2730/3196/2730 2735/3203/2735 2728/3194/2728 
f 2735/3203/2735 2734/3200/2734 2728/3194/2728 
f 2737/3205/2737 2738/3206/2738 2736/3204/2736 
f 2737/3205/2737 2736/3204/2736 2735/3203/2735 
f 2670/3111/2670 2736/3204/2736 2738/3206/2738 
f 2670/3111/2670 2738/3206/2738 2671/3112/2671 
f 2738/3206/2738 2739/3207/2739 2671/3112/2671 
f 2739/3207/2739 2672/3113/2672 2671/3112/2671 
f 2739/3207/2739 1107/1318/1107 2672/3113/2672 
f 1107/1318/1107 1027/1221/1027 2672/3113/2672 
f 2739/3207/2739 2740/3208/2740 1108/1319/1108 
f 2739/3207/2739 1108/1319/1108 1107/1318/1107 
f 2740/3208/2740 2739/3207/2739 2738/3206/2738 
f 2740/3208/2740 2738/3206/2738 2737/3205/2737 
f 2741/3209/2741 1113/1324/1113 1111/1322/1111 
f 2741/3209/2741 1111/1322/1111 2742/3210/2742 
f 2737/3205/2737 2735/3203/2735 2731/3197/2731 
f 2735/3203/2735 2730/3196/2730 2731/3197/2731 
f 2742/3210/2742 2731/3197/2731 2741/3209/2741 
f 2731/3197/2731 2732/3198/2732 2741/3209/2741 
f 2742/3210/2742 2740/3208/2740 2737/3205/2737 
f 2742/3210/2742 2737/3205/2737 2731/3197/2731 
f 2740/3208/2740 2742/3210/2742 1108/1319/1108 
f 2742/3210/2742 1111/1322/1111 1108/1319/1108 
f 2743/3211/2743 1115/1326/1115 1113/1324/1113 
f 2743/3211/2743 1113/1324/1113 2741/3209/2741 
f 2741/3209/2741 2732/3198/2732 2744/3212/2744 
f 2741/3209/2741 2744/3212/2744 2743/3211/2743 
f 2744/3212/2744 2732/3198/2732 2745/3213/2745 
f 2732/3198/2732 2729/3195/2729 2745/3213/2745 
f 2727/3193/2727 2746/3214/2746 2729/3195/2729 
f 2746/3214/2746 2745/3213/2745 2729/3195/2729 
f 2747/3215/2747 2746/3214/2746 2727/3193/2727 
f 2747/3215/2747 2727/3193/2727 2726/3192/2726 
f 2748/3216/2748 2747/3215/2747 2725/3191/2725 
f 2747/3215/2747 2726/3192/2726 2725/3191/2725 
f 2725/3191/2725 2724/3190/2724 2748/3216/2748 
f 2724/3190/2724 2749/3217/2749 2748/3216/2748 
f 1088/3187/1088 1123/3218/1123 2750/3219/2750 
f 1088/3187/1088 2750/3219/2750 2721/3186/2721 
f 2721/3186/2721 2750/3219/2750 2722/3188/2722 
f 2750/3219/2750 2751/3220/2751 2722/3188/2722 
f 2752/3221/2752 2723/3189/2723 2751/3220/2751 
f 2723/3189/2723 2722/3188/2722 2751/3220/2751 
f 2752/3221/2752 2749/3217/2749 2723/3189/2723 
f 2749/3217/2749 2724/3190/2724 2723/3189/2723 
f 1115/1339/1115 2743/3222/2743 2753/3223/2753 
f 1115/1339/1115 2753/3223/2753 1126/1337/1126 
f 2754/3224/2754 2753/3223/2753 2744/3225/2744 
f 2753/3223/2753 2743/3222/2743 2744/3225/2744 
f 2754/3224/2754 2744/3225/2744 2755/3226/2755 
f 2744/3225/2744 2745/3227/2745 2755/3226/2755 
f 2745/3227/2745 2746/3228/2746 2756/3229/2756 
f 2745/3227/2745 2756/3229/2756 2755/3226/2755 
f 2757/3230/2757 2756/3229/2756 2746/3228/2746 
f 2757/3230/2757 2746/3228/2746 2747/3231/2747 
f 2757/3230/2757 2747/3231/2747 2758/3232/2758 
f 2747/3231/2747 2748/3233/2748 2758/3232/2758 
f 2759/3234/2759 2758/3232/2758 2749/3235/2749 
f 2758/3232/2758 2748/3233/2748 2749/3235/2749 
f 2760/3236/2760 2759/3234/2759 2752/3237/2752 
f 2759/3234/2759 2749/3235/2749 2752/3237/2752 
f 2761/3238/2761 2760/3236/2760 2752/3237/2752 
f 2761/3238/2761 2752/3237/2752 2751/3239/2751 
f 2761/3238/2761 2751/3239/2751 2762/3240/2762 
f 2751/3239/2751 2750/3241/2750 2762/3240/2762 
f 2762/3240/2762 2750/3241/2750 1137/3242/1137 
f 2750/3241/2750 1123/3243/1123 1137/3242/1137 
f 2637/3073/2637 2763/3244/2763 2764/3245/2764 
f 2637/3073/2637 2764/3245/2764 2640/3076/2640 
f 2765/3246/2765 2766/3247/2766 2763/3244/2763 
f 2766/3247/2766 2764/3245/2764 2763/3244/2763 
f 2763/3244/2763 2767/3248/2767 2768/3249/2768 
f 2763/3244/2763 2768/3249/2768 2765/3246/2765 
f 2769/3250/2769 2770/3251/2770 2771/3252/2771 
f 2769/3250/2769 2771/3252/2771 2772/3253/2772 
f 2769/3250/2769 2773/3254/2773 2770/3251/2770 
f 2773/3254/2773 2774/3255/2774 2770/3251/2770 
f 2775/3256/2775 2774/3255/2774 2773/3254/2773 
f 2775/3256/2775 2773/3254/2773 2776/3257/2776 
f 2777/3258/2777 2778/3259/2778 2776/3257/2776 
f 2778/3259/2778 2775/3256/2775 2776/3257/2776 
f 2778/3259/2778 2777/3258/2777 2691/3134/2691 
f 2777/3258/2777 2779/3260/2779 2691/3134/2691 
f 2627/3143/2627 2780/3261/2780 2781/3262/2781 
f 2627/3143/2627 2781/3262/2781 2697/3142/2697 
f 2692/3135/2692 2691/3134/2691 2779/3260/2779 
f 2692/3135/2692 2779/3260/2779 2695/3139/2695 
f 2631/3065/2631 2632/3067/2632 2782/3263/2782 
f 2631/3065/2631 2782/3263/2782 2783/3264/2783 
f 2783/3264/2783 2782/3263/2782 2784/3265/2784 
f 2783/3264/2783 2784/3265/2784 2785/3266/2785 
f 2786/3267/2786 2787/3268/2787 2788/3269/2788 
f 2787/3268/2787 2789/3270/2789 2788/3269/2788 
f 2773/3254/2773 2769/3250/2769 2790/3271/2790 
f 2769/3250/2769 2791/3272/2791 2790/3271/2790 
f 2763/3244/2763 2637/3073/2637 2767/3248/2767 
f 2637/3073/2637 2634/3070/2634 2767/3248/2767 
f 2792/3273/2792 2767/3248/2767 2633/3069/2633 
f 2767/3248/2767 2634/3070/2634 2633/3069/2633 
f 2793/3274/2793 2792/3273/2792 2633/3069/2633 
f 2793/3274/2793 2633/3069/2633 2674/3116/2674 
f 2793/3274/2793 2674/3116/2674 2675/3118/2675 
f 2793/3274/2793 2675/3118/2675 2794/3275/2794 
f 2631/3065/2631 2783/3264/2783 2675/3118/2675 
f 2783/3264/2783 2794/3275/2794 2675/3118/2675 
f 2794/3275/2794 2783/3264/2783 2787/3268/2787 
f 2783/3264/2783 2785/3266/2785 2787/3268/2787 
f 2794/3275/2794 2787/3268/2787 2786/3267/2786 
f 2794/3275/2794 2786/3267/2786 2793/3274/2793 
f 2786/3267/2786 2795/3276/2795 2792/3273/2792 
f 2786/3267/2786 2792/3273/2792 2793/3274/2793 
f 2795/3276/2795 2768/3249/2768 2767/3248/2767 
f 2795/3276/2795 2767/3248/2767 2792/3273/2792 
f 2772/3253/2772 2771/3252/2771 2766/3247/2766 
f 2772/3253/2772 2766/3247/2766 2765/3246/2765 
f 2796/3277/2796 2772/3253/2772 2765/3246/2765 
f 2796/3277/2796 2765/3246/2765 2768/3249/2768 
f 2796/3277/2796 2791/3272/2791 2772/3253/2772 
f 2791/3272/2791 2769/3250/2769 2772/3253/2772 
f 2796/3277/2796 2768/3249/2768 2797/3278/2797 
f 2768/3249/2768 2795/3276/2795 2797/3278/2797 
f 2798/3279/2798 2790/3271/2790 2791/3272/2791 
f 2798/3279/2798 2791/3272/2791 2799/3280/2799 
f 2799/3280/2799 2791/3272/2791 2796/3277/2796 
f 2799/3280/2799 2796/3277/2796 2797/3278/2797 
f 2786/3267/2786 2788/3269/2788 2797/3278/2797 
f 2786/3267/2786 2797/3278/2797 2795/3276/2795 
f 2800/3281/2800 2798/3279/2798 2801/3282/2801 
f 2798/3279/2798 2799/3280/2799 2801/3282/2801 
f 2797/3278/2797 2788/3269/2788 2799/3280/2799 
f 2788/3269/2788 2801/3282/2801 2799/3280/2799 
f 2789/3270/2789 2802/3283/2802 2801/3282/2801 
f 2789/3270/2789 2801/3282/2801 2788/3269/2788 
f 2787/3268/2787 2785/3266/2785 2789/3270/2789 
f 2785/3266/2785 2802/3283/2802 2789/3270/2789 
f 2803/3284/2803 2800/3281/2800 2802/3283/2802 
f 2800/3281/2800 2801/3282/2801 2802/3283/2802 
f 2802/3283/2802 2785/3266/2785 2803/3284/2803 
f 2785/3266/2785 2784/3265/2784 2803/3284/2803 
f 2803/3284/2803 2784/3265/2784 2804/3285/2804 
f 2784/3265/2784 2805/3286/2805 2804/3285/2804 
f 2805/3286/2805 2784/3265/2784 2782/3263/2782 
f 2805/3286/2805 2782/3263/2782 2806/3287/2806 
f 2782/3263/2782 2632/3067/2632 2806/3287/2806 
f 2632/3067/2632 2696/3140/2696 2806/3287/2806 
f 2800/3281/2800 2803/3284/2803 2804/3285/2804 
f 2800/3281/2800 2804/3285/2804 2807/3288/2807 
f 2804/3285/2804 2805/3286/2805 2807/3288/2807 
f 2805/3286/2805 2808/3289/2808 2807/3288/2807 
f 2809/3290/2809 2808/3289/2808 2806/3287/2806 
f 2808/3289/2808 2805/3286/2805 2806/3287/2806 
f 2697/3142/2697 2809/3290/2809 2696/3140/2696 
f 2809/3290/2809 2806/3287/2806 2696/3140/2696 
f 2698/3145/2698 2695/3139/2695 2779/3260/2779 
f 2698/3145/2698 2779/3260/2779 2810/3291/2810 
f 2811/3292/2811 2812/3293/2812 2606/3040/2606 
f 2812/3293/2812 2603/3037/2603 2606/3040/2606 
f 2800/3281/2800 2807/3288/2807 2798/3279/2798 
f 2807/3288/2807 2813/3294/2813 2798/3279/2798 
f 2790/3271/2790 2798/3279/2798 2813/3294/2813 
f 2790/3271/2790 2813/3294/2813 2814/3295/2814 
f 2814/3295/2814 2776/3257/2776 2773/3254/2773 
f 2814/3295/2814 2773/3254/2773 2790/3271/2790 
f 2814/3295/2814 2815/3296/2815 2777/3258/2777 
f 2814/3295/2814 2777/3258/2777 2776/3257/2776 
f 2816/3297/2816 2811/3292/2811 2611/3045/2611 
f 2811/3292/2811 2606/3040/2606 2611/3045/2611 
f 2810/3291/2810 2779/3260/2779 2815/3296/2815 
f 2779/3260/2779 2777/3258/2777 2815/3296/2815 
f 2780/3298/2780 2816/3297/2816 2630/3064/2630 
f 2816/3297/2816 2611/3045/2611 2630/3064/2630 
f 2781/3262/2781 2780/3261/2780 2698/3145/2698 
f 2780/3261/2780 2630/3144/2630 2698/3145/2698 
f 2817/3299/2817 2781/3262/2781 2810/3291/2810 
f 2781/3262/2781 2698/3145/2698 2810/3291/2810 
f 2815/3296/2815 2818/3300/2818 2810/3291/2810 
f 2818/3300/2818 2817/3299/2817 2810/3291/2810 
f 2697/3142/2697 2781/3262/2781 2817/3299/2817 
f 2697/3142/2697 2817/3299/2817 2809/3290/2809 
f 2809/3290/2809 2817/3299/2817 2808/3289/2808 
f 2817/3299/2817 2818/3300/2818 2808/3289/2808 
f 2815/3296/2815 2814/3295/2814 2813/3294/2813 
f 2815/3296/2815 2813/3294/2813 2818/3300/2818 
f 2812/3293/2812 1194/3301/1194 1085/3184/1085 
f 2812/3293/2812 1085/3184/1085 2603/3037/2603 
f 2807/3288/2807 2808/3289/2808 2813/3294/2813 
f 2808/3289/2808 2818/3300/2818 2813/3294/2813 
f 2626/3060/2626 2816/3297/2816 2780/3298/2780 
f 2626/3060/2626 2780/3298/2780 2627/3061/2627 
f 2626/3060/2626 2628/3062/2628 2816/3297/2816 
f 2628/3062/2628 2811/3292/2811 2816/3297/2816 
f 2811/3292/2811 2628/3062/2628 2812/3293/2812 
f 2628/3062/2628 2720/3181/2720 2812/3293/2812 
f 1086/3185/1086 1194/3301/1194 2720/3181/2720 
f 1194/3301/1194 2812/3293/2812 2720/3181/2720 
f 2819/3302/2819 2820/3303/2820 2764/3245/2764 
f 2819/3302/2819 2764/3245/2764 2766/3247/2766 
f 2640/3076/2640 2764/3245/2764 2820/3303/2820 
f 2771/3252/2771 2821/3304/2821 2766/3247/2766 
f 2821/3304/2821 2819/3302/2819 2766/3247/2766 
f 2770/3251/2770 2822/3305/2822 2821/3304/2821 
f 2770/3251/2770 2821/3304/2821 2771/3252/2771 
f 2822/3305/2822 2770/3251/2770 2774/3255/2774 
f 2822/3305/2822 2774/3255/2774 2823/3306/2823 
f 2775/3256/2775 2824/3307/2824 2823/3306/2823 
f 2775/3256/2775 2823/3306/2823 2774/3255/2774 
f 2778/3259/2778 2825/3308/2825 2775/3256/2775 
f 2825/3308/2825 2824/3307/2824 2775/3256/2775 
f 2690/3133/2690 2825/3308/2825 2778/3259/2778 
f 2690/3133/2690 2778/3259/2778 2691/3134/2691 
f 2693/3136/2693 2692/3135/2692 2694/3137/2694 
f 2709/3309/2709 2689/3132/2689 2826/3310/2826 
f 2689/3132/2689 2688/3131/2688 2826/3310/2826 
f 2709/3163/2709 2694/3164/2694 2609/3043/2609 
f 2709/3163/2709 2609/3043/2609 2708/3162/2708 
f 2708/3162/2708 2609/3043/2609 2608/3042/2608 
f 2708/3162/2708 2608/3042/2608 2719/3179/2719 
f 2719/3179/2719 2608/3042/2608 2607/3041/2607 
f 2719/3179/2719 2607/3041/2607 2718/3178/2718 
f 2718/3178/2718 2607/3041/2607 1083/3183/1083 
f 2718/3178/2718 1083/3183/1083 1078/3177/1078 
f 2709/3309/2709 2826/3310/2826 2694/3137/2694 
f 2826/3310/2826 2693/3136/2693 2694/3137/2694 
f 2822/3305/2822 2823/3306/2823 2827/3311/2827 
f 2823/3306/2823 2828/3312/2828 2827/3311/2827 
f 2829/3313/2829 2830/3314/2830 2831/3315/2831 
f 2830/3314/2830 2832/3316/2832 2831/3315/2831 
f 2833/3317/2833 2834/3318/2834 2829/3313/2829 
f 2834/3318/2834 2830/3314/2830 2829/3313/2829 
f 2835/3319/2835 2836/3320/2836 2837/3321/2837 
f 2835/3319/2835 2837/3321/2837 2838/3322/2838 
f 2839/3323/2839 2840/3324/2840 2822/3305/2822 
f 2839/3323/2839 2822/3305/2822 2827/3311/2827 
f 2841/3325/2841 2842/3326/2842 2839/3323/2839 
f 2842/3326/2842 2840/3324/2840 2839/3323/2839 
f 2840/3324/2840 2821/3304/2821 2822/3305/2822 
f 2843/3327/2843 2844/3328/2844 2845/3329/2845 
f 2843/3327/2843 2845/3329/2845 2846/3330/2846 
f 2819/3302/2819 2847/3331/2847 2820/3303/2820 
f 2847/3331/2847 2848/3332/2848 2820/3303/2820 
f 2848/3332/2848 2641/3077/2641 2820/3303/2820 
f 2842/3326/2842 2849/3333/2849 2840/3324/2840 
f 2849/3333/2849 2821/3304/2821 2840/3324/2840 
f 2850/3334/2850 2842/3326/2842 2841/3325/2841 
f 2850/3334/2850 2841/3325/2841 2851/3335/2851 
f 2852/3336/2852 2849/3333/2849 2842/3326/2842 
f 2852/3336/2852 2842/3326/2842 2850/3334/2850 
f 2853/3337/2853 2854/3338/2854 2855/3339/2855 
f 2854/3338/2854 2856/3340/2856 2855/3339/2855 
f 2837/3321/2837 2688/3131/2688 2686/3129/2686 
f 2837/3321/2837 2686/3129/2686 2838/3322/2838 
f 2849/3333/2849 2847/3331/2847 2819/3302/2819 
f 2849/3333/2849 2819/3302/2819 2821/3304/2821 
f 2640/3076/2640 2820/3303/2820 2641/3077/2641 
f 2848/3332/2848 2847/3331/2847 2852/3336/2852 
f 2847/3331/2847 2849/3333/2849 2852/3336/2852 
f 2676/3119/2676 2641/3077/2641 2857/3341/2857 
f 2641/3077/2641 2848/3332/2848 2857/3341/2857 
f 2848/3332/2848 2852/3336/2852 2858/3342/2858 
f 2848/3332/2848 2858/3342/2858 2857/3341/2857 
f 2676/3119/2676 2857/3341/2857 2859/3343/2859 
f 2676/3119/2676 2859/3343/2859 2679/3122/2679 
f 2857/3341/2857 2858/3342/2858 2859/3343/2859 
f 2858/3342/2858 2860/3344/2860 2859/3343/2859 
f 2858/3342/2858 2861/3345/2861 2860/3344/2860 
f 2861/3345/2861 2862/3346/2862 2860/3344/2860 
f 2850/3334/2850 2861/3345/2861 2858/3342/2858 
f 2850/3334/2850 2858/3342/2858 2852/3336/2852 
f 2680/3123/2680 2679/3122/2679 2863/3347/2863 
f 2679/3122/2679 2859/3343/2859 2863/3347/2863 
f 2864/3348/2864 2860/3344/2860 2862/3346/2862 
f 2864/3348/2864 2862/3346/2862 2865/3349/2865 
f 2864/3348/2864 2863/3347/2863 2860/3344/2860 
f 2863/3347/2863 2859/3343/2859 2860/3344/2860 
f 2866/3350/2866 2867/3351/2867 2862/3346/2862 
f 2867/3351/2867 2865/3349/2865 2862/3346/2862 
f 2866/3350/2866 2862/3346/2862 2868/3352/2868 
f 2862/3346/2862 2861/3345/2861 2868/3352/2868 
f 2851/3335/2851 2868/3352/2868 2861/3345/2861 
f 2851/3335/2851 2861/3345/2861 2850/3334/2850 
f 2869/3353/2869 2839/3323/2839 2827/3311/2827 
f 2869/3353/2869 2827/3311/2827 2870/3354/2870 
f 2828/3312/2828 2871/3355/2871 2870/3354/2870 
f 2828/3312/2828 2870/3354/2870 2827/3311/2827 
f 2872/3356/2872 2873/3357/2873 2853/3337/2853 
f 2873/3357/2873 2854/3338/2854 2853/3337/2853 
f 2874/3358/2874 2875/3359/2875 2872/3356/2872 
f 2875/3359/2875 2873/3357/2873 2872/3356/2872 
f 2835/3319/2835 2876/3360/2876 2836/3320/2836 
f 2876/3360/2876 2877/3361/2877 2836/3320/2836 
f 2878/3362/2878 2879/3363/2879 2880/3364/2880 
f 2879/3363/2879 2881/3365/2881 2880/3364/2880 
f 2882/3366/2882 2883/3367/2883 2875/3359/2875 
f 2882/3366/2882 2875/3359/2875 2874/3358/2874 
f 2884/3368/2884 2885/3369/2885 2886/3370/2886 
f 2887/3371/2887 2832/3316/2832 2888/3372/2888 
f 2832/3316/2832 2889/3373/2889 2888/3372/2888 
f 2890/3374/2890 2885/3369/2885 2884/3368/2884 
f 2890/3374/2890 2884/3368/2884 2891/3375/2891 
f 2892/3376/2892 2893/3377/2893 2894/3378/2894 
f 2893/3377/2893 2895/3379/2895 2894/3378/2894 
f 2896/3380/2896 2897/3381/2897 2886/3370/2886 
f 2896/3380/2896 2886/3370/2886 2885/3369/2885 
f 2898/3382/2898 2881/3365/2881 2899/3383/2899 
f 2881/3365/2881 2879/3363/2879 2899/3383/2899 
f 2881/3365/2881 2898/3382/2898 2900/3384/2900 
f 2898/3382/2898 2901/3385/2901 2900/3384/2900 
f 2880/3364/2880 2881/3365/2881 2902/3386/2902 
f 2881/3365/2881 2900/3384/2900 2902/3386/2902 
f 2879/3363/2879 2877/3361/2877 2876/3360/2876 
f 2879/3363/2879 2876/3360/2876 2899/3383/2899 
f 2903/3387/2903 2831/3315/2831 2887/3371/2887 
f 2831/3315/2831 2832/3316/2832 2887/3371/2887 
f 2904/3388/2904 2877/3361/2877 2878/3362/2878 
f 2877/3361/2877 2879/3363/2879 2878/3362/2878 
f 2905/3389/2905 2836/3320/2836 2904/3388/2904 
f 2836/3320/2836 2877/3361/2877 2904/3388/2904 
f 2841/3325/2841 2839/3323/2839 2846/3330/2846 
f 2839/3323/2839 2869/3353/2869 2846/3330/2846 
f 2851/3335/2851 2841/3325/2841 2846/3330/2846 
f 2851/3335/2851 2846/3330/2846 2845/3329/2845 
f 2868/3352/2868 2851/3335/2851 2845/3329/2845 
f 2868/3352/2868 2845/3329/2845 2906/3390/2906 
f 2906/3390/2906 2907/3391/2907 2866/3350/2866 
f 2906/3390/2906 2866/3350/2866 2868/3352/2868 
f 2867/3351/2867 2866/3350/2866 2908/3392/2908 
f 2866/3350/2866 2907/3391/2907 2908/3392/2908 
f 2882/3366/2882 2909/3393/2909 2834/3318/2834 
f 2882/3366/2882 2834/3318/2834 2833/3317/2833 
f 2910/3394/2910 2911/3395/2911 2912/3396/2912 
f 2911/3395/2911 2913/3397/2913 2912/3396/2912 
f 2902/3386/2902 2914/3398/2914 2915/3399/2915 
f 2902/3386/2902 2900/3384/2900 2916/3400/2916 
f 2900/3384/2900 2917/3401/2917 2916/3400/2916 
f 2917/3401/2917 2900/3384/2900 2901/3385/2901 
f 2917/3401/2917 2901/3385/2901 2918/3402/2918 
f 2886/3370/2886 2910/3394/2910 2912/3396/2912 
f 2886/3370/2886 2912/3396/2912 2884/3368/2884 
f 2910/3394/2910 2903/3387/2903 2919/3403/2919 
f 2910/3394/2910 2919/3403/2919 2911/3395/2911 
f 2919/3403/2919 2903/3387/2903 2887/3371/2887 
f 2919/3403/2919 2887/3371/2887 2920/3404/2920 
f 2831/3315/2831 2903/3387/2903 2921/3405/2921 
f 2903/3387/2903 2910/3394/2910 2921/3405/2921 
f 2915/3399/2915 2912/3396/2912 2913/3397/2913 
f 2915/3399/2915 2913/3397/2913 2902/3386/2902 
f 2902/3386/2902 2913/3397/2913 2880/3364/2880 
f 2913/3397/2913 2922/3406/2922 2880/3364/2880 
f 2880/3364/2880 2922/3406/2922 2923/3407/2923 
f 2880/3364/2880 2923/3407/2923 2878/3362/2878 
f 2878/3362/2878 2923/3407/2923 2924/3408/2924 
f 2878/3362/2878 2924/3408/2924 2904/3388/2904 
f 2904/3388/2904 2924/3408/2924 2925/3409/2925 
f 2904/3388/2904 2925/3409/2925 2905/3389/2905 
f 2891/3375/2891 2895/3379/2895 2893/3377/2893 
f 2891/3375/2891 2893/3377/2893 2890/3374/2890 
f 2920/3404/2920 2887/3371/2887 2888/3372/2888 
f 2920/3404/2920 2888/3372/2888 2926/3410/2926 
f 2888/3372/2888 2927/3411/2927 2926/3410/2926 
f 2927/3411/2927 2928/3412/2928 2926/3410/2926 
f 2894/3378/2894 2929/3413/2929 2892/3376/2892 
f 2929/3413/2929 2930/3414/2930 2892/3376/2892 
f 2921/3405/2921 2910/3394/2910 2886/3370/2886 
f 2921/3405/2921 2886/3370/2886 2897/3381/2897 
f 2916/3400/2916 2914/3398/2914 2902/3386/2902 
f 2931/3415/2931 2693/3136/2693 2826/3310/2826 
f 2931/3415/2931 2826/3310/2826 2688/3131/2688 
f 2931/3415/2931 2688/3131/2688 2837/3321/2837 
f 2693/3136/2693 2931/3415/2931 2690/3133/2690 
f 2931/3415/2931 2905/3389/2905 2690/3133/2690 
f 2837/3321/2837 2836/3320/2836 2931/3415/2931 
f 2836/3320/2836 2905/3389/2905 2931/3415/2931 
f 2928/3412/2928 2927/3411/2927 2843/3327/2843 
f 2927/3411/2927 2932/3416/2932 2843/3327/2843 
f 2932/3416/2932 2933/3417/2933 2844/3328/2844 
f 2932/3416/2932 2844/3328/2844 2843/3327/2843 
f 2934/3418/2934 2935/3419/2935 2933/3417/2933 
f 2935/3419/2935 2844/3328/2844 2933/3417/2933 
f 2871/3355/2871 2920/3404/2920 2870/3354/2870 
f 2920/3404/2920 2926/3410/2926 2870/3354/2870 
f 2936/3420/2936 2937/3421/2937 2934/3418/2934 
f 2937/3421/2937 2935/3419/2935 2934/3418/2934 
f 2926/3410/2926 2928/3412/2928 2869/3353/2869 
f 2926/3410/2926 2869/3353/2869 2870/3354/2870 
f 2843/3327/2843 2846/3330/2846 2928/3412/2928 
f 2846/3330/2846 2869/3353/2869 2928/3412/2928 
f 2937/3421/2937 2936/3420/2936 2938/3422/2938 
f 2937/3421/2937 2938/3422/2938 2939/3423/2939 
f 2940/3424/2940 2941/3425/2941 2939/3423/2939 
f 2940/3424/2940 2939/3423/2939 2938/3422/2938 
f 2906/3390/2906 2845/3329/2845 2844/3328/2844 
f 2906/3390/2906 2844/3328/2844 2935/3419/2935 
f 2940/3426/2940 2942/3427/2942 2941/3428/2941 
f 2942/3427/2942 2943/3429/2943 2941/3428/2941 
f 2831/3315/2831 2921/3405/2921 2944/3430/2944 
f 2831/3315/2831 2944/3430/2944 2829/3313/2829 
f 2889/3373/2889 2832/3316/2832 2830/3314/2830 
f 2921/3405/2921 2897/3381/2897 2944/3430/2944 
f 2944/3430/2944 2897/3381/2897 2945/3431/2945 
f 2944/3430/2944 2945/3431/2945 2946/3432/2946 
f 2829/3313/2829 2944/3430/2944 2833/3317/2833 
f 2944/3430/2944 2946/3432/2946 2833/3317/2833 
f 2830/3314/2830 2834/3318/2834 2947/3433/2947 
f 2830/3314/2830 2947/3433/2947 2889/3373/2889 
f 2947/3433/2947 2834/3318/2834 2948/3434/2948 
f 2834/3318/2834 2909/3393/2909 2948/3434/2948 
f 2833/3317/2833 2946/3432/2946 2883/3367/2883 
f 2833/3317/2833 2883/3367/2883 2882/3366/2882 
f 2949/3435/2949 2883/3367/2883 2946/3432/2946 
f 2949/3435/2949 2946/3432/2946 2945/3431/2945 
f 2875/3359/2875 2883/3367/2883 2949/3435/2949 
f 2875/3359/2875 2949/3435/2949 2950/3436/2950 
f 2874/3358/2874 2951/3437/2951 2909/3393/2909 
f 2874/3358/2874 2909/3393/2909 2882/3366/2882 
f 2909/3393/2909 2951/3437/2951 2948/3434/2948 
f 2951/3437/2951 2952/3438/2952 2948/3434/2948 
f 2947/3433/2947 2948/3434/2948 2953/3439/2953 
f 2948/3434/2948 2952/3438/2952 2953/3439/2953 
f 2954/3440/2954 2953/3439/2953 2952/3438/2952 
f 2954/3440/2954 2952/3438/2952 2955/3441/2955 
f 2956/3442/2956 2957/3443/2957 2955/3441/2955 
f 2957/3443/2957 2954/3440/2954 2955/3441/2955 
f 2952/3438/2952 2951/3437/2951 2955/3441/2955 
f 2951/3437/2951 2958/3444/2958 2955/3441/2955 
f 2872/3356/2872 2958/3444/2958 2874/3358/2874 
f 2958/3444/2958 2951/3437/2951 2874/3358/2874 
f 2875/3359/2875 2950/3436/2950 2873/3357/2873 
f 2950/3436/2950 2959/3445/2959 2873/3357/2873 
f 2949/3435/2949 2945/3431/2945 2960/3446/2960 
f 2949/3435/2949 2960/3446/2960 2950/3436/2950 
f 2959/3445/2959 2950/3436/2950 2961/3447/2961 
f 2950/3436/2950 2960/3446/2960 2961/3447/2961 
f 2961/3447/2961 2962/3448/2962 2959/3445/2959 
f 2962/3448/2962 2963/3449/2963 2959/3445/2959 
f 2854/3338/2854 2873/3357/2873 2959/3445/2959 
f 2854/3338/2854 2959/3445/2959 2963/3449/2963 
f 2853/3337/2853 2964/3450/2964 2872/3356/2872 
f 2964/3450/2964 2958/3444/2958 2872/3356/2872 
f 2956/3442/2956 2955/3441/2955 2958/3444/2958 
f 2956/3442/2956 2958/3444/2958 2964/3450/2964 
f 2957/3443/2957 2956/3442/2956 2965/3451/2965 
f 2956/3442/2956 2964/3450/2964 2965/3451/2965 
f 2855/3339/2855 2965/3451/2965 2853/3337/2853 
f 2965/3451/2965 2964/3450/2964 2853/3337/2853 
f 2856/3340/2856 2854/3338/2854 2963/3449/2963 
f 2856/3340/2856 2963/3449/2963 2962/3448/2962 
f 2901/3385/2901 2943/3429/2943 2918/3402/2918 
f 2943/3429/2943 2942/3427/2942 2918/3402/2918 
f 2871/3355/2871 2966/3452/2966 2920/3404/2920 
f 2966/3452/2966 2919/3403/2919 2920/3404/2920 
f 2966/3452/2966 2967/3453/2967 2919/3403/2919 
f 2967/3453/2967 2911/3395/2911 2919/3403/2919 
f 2966/3452/2966 2871/3355/2871 2828/3312/2828 
f 2966/3452/2966 2828/3312/2828 2968/3454/2968 
f 2823/3306/2823 2824/3307/2824 2968/3454/2968 
f 2823/3306/2823 2968/3454/2968 2828/3312/2828 
f 2966/3452/2966 2968/3454/2968 2967/3453/2967 
f 2968/3454/2968 2969/3455/2969 2967/3453/2967 
f 2969/3455/2969 2968/3454/2968 2824/3307/2824 
f 2969/3455/2969 2824/3307/2824 2970/3456/2970 
f 2967/3453/2967 2922/3406/2922 2911/3395/2911 
f 2922/3406/2922 2913/3397/2913 2911/3395/2911 
f 2969/3455/2969 2923/3407/2923 2922/3406/2922 
f 2969/3455/2969 2922/3406/2922 2967/3453/2967 
f 2923/3407/2923 2969/3455/2969 2970/3456/2970 
f 2923/3407/2923 2970/3456/2970 2924/3408/2924 
f 2925/3409/2925 2924/3408/2924 2825/3308/2825 
f 2924/3408/2924 2970/3456/2970 2825/3308/2825 
f 2970/3456/2970 2824/3307/2824 2825/3308/2825 
f 2825/3308/2825 2690/3133/2690 2925/3409/2925 
f 2690/3133/2690 2905/3389/2905 2925/3409/2925 
f 2686/3129/2686 2683/3126/2683 2838/3322/2838 
f 2683/3126/2683 2971/3457/2971 2838/3322/2838 
f 2835/3319/2835 2838/3322/2838 2971/3457/2971 
f 2835/3319/2835 2971/3457/2971 2972/3458/2972 
f 2973/3459/2973 2876/3360/2876 2972/3458/2972 
f 2876/3360/2876 2835/3319/2835 2972/3458/2972 
f 2876/3360/2876 2973/3459/2973 2899/3383/2899 
f 2973/3459/2973 2974/3460/2974 2899/3383/2899 
f 2975/3461/2975 2898/3382/2898 2974/3460/2974 
f 2898/3382/2898 2899/3383/2899 2974/3460/2974 
f 2975/3461/2975 2943/3429/2943 2901/3385/2901 
f 2975/3461/2975 2901/3385/2901 2898/3382/2898 
f 2976/3462/2976 2971/3457/2971 2682/3125/2682 
f 2971/3457/2971 2683/3126/2683 2682/3125/2682 
f 2976/3463/2976 2682/3202/2682 2680/3123/2680 
f 2976/3463/2976 2680/3123/2680 2863/3347/2863 
f 2976/3462/2976 2977/3464/2977 2971/3457/2971 
f 2977/3464/2977 2972/3458/2972 2971/3457/2971 
f 2864/3348/2864 2977/3465/2977 2976/3463/2976 
f 2864/3348/2864 2976/3463/2976 2863/3347/2863 
f 2978/3466/2978 2973/3459/2973 2977/3464/2977 
f 2973/3459/2973 2972/3458/2972 2977/3464/2977 
f 2978/3467/2978 2977/3465/2977 2864/3348/2864 
f 2978/3467/2978 2864/3348/2864 2865/3349/2865 
f 2867/3351/2867 2979/3468/2979 2865/3349/2865 
f 2979/3468/2979 2978/3467/2978 2865/3349/2865 
f 2973/3459/2973 2978/3466/2978 2974/3460/2974 
f 2978/3466/2978 2979/3469/2979 2974/3460/2974 
f 2980/3470/2980 2975/3461/2975 2979/3469/2979 
f 2975/3461/2975 2974/3460/2974 2979/3469/2979 
f 2941/3428/2941 2943/3429/2943 2980/3470/2980 
f 2943/3429/2943 2975/3461/2975 2980/3470/2980 
f 2979/3468/2979 2867/3351/2867 2980/3471/2980 
f 2867/3351/2867 2908/3392/2908 2980/3471/2980 
f 2908/3392/2908 2939/3423/2939 2941/3425/2941 
f 2908/3392/2908 2941/3425/2941 2980/3471/2980 
f 2907/3391/2907 2937/3421/2937 2939/3423/2939 
f 2907/3391/2907 2939/3423/2939 2908/3392/2908 
f 2906/3390/2906 2935/3419/2935 2907/3391/2907 
f 2935/3419/2935 2937/3421/2937 2907/3391/2907 
f 2884/3368/2884 2912/3396/2912 2915/3399/2915 
f 2884/3368/2884 2915/3399/2915 2891/3375/2891 
f 2891/3375/2891 2915/3399/2915 2895/3379/2895 
f 2915/3399/2915 2914/3398/2914 2895/3379/2895 
f 2895/3379/2895 2914/3398/2914 2894/3378/2894 
f 2914/3398/2914 2916/3400/2916 2894/3378/2894 
f 2894/3378/2894 2916/3400/2916 2929/3413/2929 
f 2916/3400/2916 2917/3401/2917 2929/3413/2929 
f 2929/3413/2929 2917/3401/2917 2918/3402/2918 
f 2929/3413/2929 2918/3402/2918 2930/3414/2930 
f 2981/3472/2981 2927/3411/2927 2888/3372/2888 
f 2981/3472/2981 2888/3372/2888 2889/3373/2889 
f 2942/3427/2942 2982/3473/2982 2918/3402/2918 
f 2982/3473/2982 2930/3414/2930 2918/3402/2918 
f 2983/3474/2983 2982/3473/2982 2940/3426/2940 
f 2982/3473/2982 2942/3427/2942 2940/3426/2940 
f 2983/3475/2983 2940/3424/2940 2938/3422/2938 
f 2983/3475/2983 2938/3422/2938 2936/3420/2936 
f 2885/3369/2885 2890/3374/2890 2984/3476/2984 
f 2885/3369/2885 2984/3476/2984 2896/3380/2896 
f 2893/3377/2893 2985/3477/2985 2890/3374/2890 
f 2985/3477/2985 2984/3476/2984 2890/3374/2890 
f 2892/3376/2892 2986/3478/2986 2893/3377/2893 
f 2986/3478/2986 2985/3477/2985 2893/3377/2893 
f 2930/3414/2930 2987/3479/2987 2892/3376/2892 
f 2987/3479/2987 2986/3478/2986 2892/3376/2892 
f 2930/3414/2930 2982/3473/2982 2988/3480/2988 
f 2930/3414/2930 2988/3480/2988 2987/3479/2987 
f 2982/3473/2982 2983/3474/2983 2988/3480/2988 
f 2983/3474/2983 2989/3481/2989 2988/3480/2988 
f 2936/3420/2936 2990/3482/2990 2989/3483/2989 
f 2936/3420/2936 2989/3483/2989 2983/3475/2983 
f 2934/3418/2934 2991/3484/2991 2936/3420/2936 
f 2991/3484/2991 2990/3482/2990 2936/3420/2936 
f 2991/3484/2991 2934/3418/2934 2992/3485/2992 
f 2934/3418/2934 2933/3417/2933 2992/3485/2992 
f 2992/3485/2992 2933/3417/2933 2993/3486/2993 
f 2933/3417/2933 2932/3416/2932 2993/3486/2993 
f 2927/3411/2927 2981/3472/2981 2993/3486/2993 
f 2927/3411/2927 2993/3486/2993 2932/3416/2932 
f 2994/3487/2994 2981/3472/2981 2947/3433/2947 
f 2981/3472/2981 2889/3373/2889 2947/3433/2947 
f 2995/3488/2995 2993/3486/2993 2994/3487/2994 
f 2993/3486/2993 2981/3472/2981 2994/3487/2994 
f 2996/3489/2996 2992/3485/2992 2995/3488/2995 
f 2992/3485/2992 2993/3486/2993 2995/3488/2995 
f 2991/3484/2991 2992/3485/2992 2997/3490/2997 
f 2992/3485/2992 2996/3489/2996 2997/3490/2997 
f 2990/3482/2990 2991/3484/2991 2998/3491/2998 
f 2991/3484/2991 2997/3490/2997 2998/3491/2998 
f 2999/3492/2999 2989/3483/2989 2990/3482/2990 
f 2999/3492/2999 2990/3482/2990 2998/3491/2998 
f 3000/3493/3000 2988/3480/2988 2989/3481/2989 
f 3000/3493/3000 2989/3481/2989 2999/3494/2999 
f 2987/3479/2987 2988/3480/2988 3000/3493/3000 
f 2987/3479/2987 3000/3493/3000 3001/3495/3001 
f 3002/3496/3002 2986/3478/2986 3001/3495/3001 
f 2986/3478/2986 2987/3479/2987 3001/3495/3001 
f 3003/3497/3003 2985/3477/2985 3002/3496/3002 
f 2985/3477/2985 2986/3478/2986 3002/3496/3002 
f 3004/3498/3004 2984/3476/2984 2985/3477/2985 
f 3004/3498/3004 2985/3477/2985 3003/3497/3003 
f 3005/3499/3005 2896/3380/2896 2984/3476/2984 
f 3005/3499/3005 2984/3476/2984 3004/3498/3004 
f 2896/3380/2896 3005/3499/3005 2945/3431/2945 
f 2896/3380/2896 2945/3431/2945 2897/3381/2897 
f 3005/3499/3005 3006/3500/3006 2960/3446/2960 
f 3005/3499/3005 2960/3446/2960 2945/3431/2945 
f 3006/3500/3006 3005/3499/3005 3004/3498/3004 
f 3006/3500/3006 3004/3498/3004 3007/3501/3007 
f 3007/3501/3007 3004/3498/3004 3003/3497/3003 
f 3007/3501/3007 3003/3497/3003 3008/3502/3008 
f 3008/3502/3008 3003/3497/3003 3009/3503/3009 
f 3003/3497/3003 3002/3496/3002 3009/3503/3009 
f 3009/3503/3009 3002/3496/3002 3010/3504/3010 
f 3002/3496/3002 3001/3495/3001 3010/3504/3010 
f 3000/3493/3000 3011/3505/3011 3001/3495/3001 
f 3011/3505/3011 3010/3504/3010 3001/3495/3001 
f 3012/3506/3012 3011/3505/3011 2999/3494/2999 
f 3011/3505/3011 3000/3493/3000 2999/3494/2999 
f 3013/3507/3013 3012/3508/3012 2998/3491/2998 
f 3012/3508/3012 2999/3492/2999 2998/3491/2998 
f 2998/3491/2998 2997/3490/2997 3013/3507/3013 
f 2997/3490/2997 3014/3509/3014 3013/3507/3013 
f 3014/3509/3014 2997/3490/2997 2996/3489/2996 
f 3014/3509/3014 2996/3489/2996 3015/3510/3015 
f 3016/3511/3016 3015/3510/3015 2996/3489/2996 
f 3016/3511/3016 2996/3489/2996 2995/3488/2995 
f 2994/3487/2994 3017/3512/3017 2995/3488/2995 
f 3017/3512/3017 3016/3511/3016 2995/3488/2995 
f 3017/3512/3017 2994/3487/2994 2953/3439/2953 
f 2994/3487/2994 2947/3433/2947 2953/3439/2953 
f 3018/3513/3018 2458/2859/2458 1394/1630/1394 
f 2458/2859/2458 799/955/799 1394/1630/1394 
f 3018/3513/3018 3019/3514/3019 2539/3515/2539 
f 3018/3513/3018 2539/3515/2539 2458/2859/2458 
f 2539/3515/2539 3019/3514/3019 2538/3516/2538 
f 3019/3514/3019 3020/3517/3020 2538/3516/2538 
f 3021/3518/3021 2537/3519/2537 3020/3517/3020 
f 2537/3519/2537 2538/3516/2538 3020/3517/3020 
f 2537/3519/2537 3021/3518/3021 3022/3520/3022 
f 2537/3519/2537 3022/3520/3022 2533/3521/2533 
f 2533/3521/2533 3022/3520/3022 3023/3522/3023 
f 2533/3521/2533 3023/3522/3023 2530/3523/2530 
f 2531/3524/2531 2530/3523/2530 3024/3525/3024 
f 2530/3523/2530 3023/3522/3023 3024/3525/3024 
f 2526/3526/2526 2531/3524/2531 3025/3527/3025 
f 2531/3524/2531 3024/3525/3024 3025/3527/3025 
f 2527/3528/2527 2526/3526/2526 3026/3529/3026 
f 2526/3526/2526 3025/3527/3025 3026/3529/3026 
f 3027/3530/3027 2535/3531/2535 2527/3528/2527 
f 3027/3530/3027 2527/3528/2527 3026/3529/3026 
f 3018/3513/3018 3028/3532/3028 3019/3514/3019 
f 3028/3532/3028 3020/3517/3020 3019/3514/3019 
f 1394/1630/1394 1406/1651/1406 3018/3513/3018 
f 1406/1651/1406 3028/3532/3028 3018/3513/3018 
f 1407/1652/1407 3029/3533/3029 3028/3532/3028 
f 1407/1652/1407 3028/3532/3028 1406/1651/1406 
f 3020/3517/3020 3028/3532/3028 3029/3533/3029 
f 3020/3517/3020 3029/3533/3029 3021/3518/3021 
f 3029/3533/3029 1407/1652/1407 1410/1655/1410 
f 3029/3533/3029 1410/1655/1410 3030/3534/3030 
f 3031/3535/3031 3021/3518/3021 3030/3534/3030 
f 3021/3518/3021 3029/3533/3029 3030/3534/3030 
f 3021/3518/3021 3031/3535/3031 3022/3520/3022 
f 3031/3535/3031 3032/3536/3032 3022/3520/3022 
f 3023/3522/3023 3022/3520/3022 3033/3537/3033 
f 3022/3520/3022 3032/3536/3032 3033/3537/3033 
f 3024/3525/3024 3023/3522/3023 3034/3538/3034 
f 3023/3522/3023 3033/3537/3033 3034/3538/3034 
f 3035/3539/3035 2455/3540/2455 2535/3531/2535 
f 3035/3539/3035 2535/3531/2535 3027/3530/3027 
f 2456/3541/2456 2455/3540/2455 3036/3542/3036 
f 2455/3540/2455 3035/3539/3035 3036/3542/3036 
f 2476/3543/2476 2456/3541/2456 3036/3542/3036 
f 2476/3543/2476 3036/3542/3036 3037/3544/3037 
f 2476/3543/2476 3037/3544/3037 2445/3545/2445 
f 3037/3544/3037 3038/3546/3038 2445/3545/2445 
f 3030/3534/3030 1410/1655/1410 3039/3547/3039 
f 1410/1655/1410 1420/1669/1420 3039/3547/3039 
f 3040/3548/3040 3031/3535/3031 3039/3547/3039 
f 3031/3535/3031 3030/3534/3030 3039/3547/3039 
f 3032/3536/3032 3031/3535/3031 3040/3548/3040 
f 3032/3536/3032 3040/3548/3040 3033/3537/3033 
f 3034/3538/3034 3033/3537/3033 3041/3549/3041 
f 3033/3537/3033 3040/3548/3040 3041/3549/3041 
f 3041/3549/3041 3040/3548/3040 3042/3550/3042 
f 3040/3548/3040 3039/3547/3039 3042/3550/3042 
f 3039/3547/3039 1420/1669/1420 3042/3550/3042 
f 1420/1669/1420 1424/1673/1424 3042/3550/3042 
f 1425/1674/1425 3043/3551/3043 3042/3550/3042 
f 1425/1674/1425 3042/3550/3042 1424/1673/1424 
f 3044/3552/3044 3041/3549/3041 3043/3551/3043 
f 3041/3549/3041 3042/3550/3042 3043/3551/3043 
f 3045/3553/3045 3034/3538/3034 3044/3552/3044 
f 3034/3538/3034 3041/3549/3041 3044/3552/3044 
f 3034/3538/3034 3045/3553/3045 3024/3525/3024 
f 3045/3553/3045 3025/3527/3025 3024/3525/3024 
f 3046/3554/3046 2590/3022/2590 2589/3021/2589 
f 3046/3554/3046 2589/3021/2589 3047/3555/3047 
f 3048/3556/3048 2587/3017/2587 3049/3557/3049 
f 2587/3017/2587 2568/2993/2568 3049/3557/3049 
f 3050/3558/3050 2588/3020/2588 3048/3556/3048 
f 2588/3020/2588 2587/3017/2587 3048/3556/3048 
f 1434/1683/1434 1081/1289/1081 3050/3558/3050 
f 1081/1289/1081 2588/3020/2588 3050/3558/3050 
f 3051/3559/3051 3052/3560/3052 3049/3557/3049 
f 3052/3560/3052 3053/3561/3053 3049/3557/3049 
f 3049/3557/3049 3053/3561/3053 3048/3556/3048 
f 3053/3561/3053 3054/3562/3054 3048/3556/3048 
f 3049/3557/3049 2568/2993/2568 3051/3559/3051 
f 2568/2993/2568 2567/2992/2567 3051/3559/3051 
f 3048/3556/3048 3054/3562/3054 3050/3558/3050 
f 3054/3562/3054 3055/3563/3055 3050/3558/3050 
f 3050/3558/3050 3055/3563/3055 1434/1683/1434 
f 3055/3563/3055 1440/1689/1440 1434/1683/1434 
f 2592/3024/2592 3056/3564/3056 2591/3023/2591 
f 3056/3564/3056 3057/3565/3057 2591/3023/2591 
f 2441/3566/2441 2444/3567/2444 3051/3559/3051 
f 2444/3567/2444 3052/3560/3052 3051/3559/3051 
f 2441/3566/2441 3051/3559/3051 2566/2991/2566 
f 3051/3559/3051 2567/2992/2567 2566/2991/2566 
f 2438/2972/2438 2441/3566/2441 2566/2991/2566 
f 3038/3546/3038 3052/3560/3052 2445/3545/2445 
f 3052/3560/3052 2444/3567/2444 2445/3545/2445 
f 3052/3560/3052 3038/3546/3038 3053/3561/3053 
f 3038/3546/3038 3058/3568/3058 3053/3561/3053 
f 3053/3561/3053 3058/3568/3058 3054/3562/3054 
f 3058/3568/3058 3059/3569/3059 3054/3562/3054 
f 3060/3570/3060 3055/3563/3055 3059/3569/3059 
f 3055/3563/3055 3054/3562/3054 3059/3569/3059 
f 3055/3563/3055 3060/3570/3060 1440/1689/1440 
f 3060/3570/3060 1446/1697/1446 1440/1689/1440 
f 3061/3571/3061 3062/3572/3062 3063/3573/3063 
f 3061/3571/3061 3063/3573/3063 3064/3574/3064 
f 3065/3575/3065 3058/3568/3058 3038/3546/3038 
f 3065/3575/3065 3038/3546/3038 3037/3544/3037 
f 3058/3568/3058 3065/3575/3065 3059/3569/3059 
f 3065/3575/3065 3066/3576/3066 3059/3569/3059 
f 3067/3577/3067 3060/3570/3060 3066/3576/3066 
f 3060/3570/3060 3059/3569/3059 3066/3576/3066 
f 1454/1705/1454 1446/1697/1446 3067/3577/3067 
f 1446/1697/1446 3060/3570/3060 3067/3577/3067 
f 3068/3578/3068 3069/3579/3069 3062/3572/3062 
f 3069/3579/3069 3063/3573/3063 3062/3572/3062 
f 3070/3580/3070 3026/3529/3026 3025/3527/3025 
f 3070/3580/3070 3025/3527/3025 3045/3553/3045 
f 3071/3581/3071 3027/3530/3027 3026/3529/3026 
f 3071/3581/3071 3026/3529/3026 3070/3580/3070 
f 3035/3539/3035 3027/3530/3027 3071/3581/3071 
f 3035/3539/3035 3071/3581/3071 3072/3582/3072 
f 3072/3582/3072 3073/3583/3073 3036/3542/3036 
f 3072/3582/3072 3036/3542/3036 3035/3539/3035 
f 3036/3542/3036 3073/3583/3073 3037/3544/3037 
f 3073/3583/3073 3065/3575/3065 3037/3544/3037 
f 3066/3576/3066 3065/3575/3065 3073/3583/3073 
f 3066/3576/3066 3073/3583/3073 3074/3584/3074 
f 3066/3576/3066 3074/3584/3074 3067/3577/3067 
f 3074/3584/3074 3075/3585/3075 3067/3577/3067 
f 1463/1714/1463 1454/1705/1454 3075/3585/3075 
f 1454/1705/1454 3067/3577/3067 3075/3585/3075 
f 3069/3579/3069 3068/3578/3068 3076/3586/3076 
f 3068/3578/3068 3077/3587/3077 3076/3586/3076 
f 3074/3584/3074 3073/3583/3073 3072/3582/3072 
f 3074/3584/3074 3072/3582/3072 3078/3588/3078 
f 3078/3588/3078 3079/3589/3079 3075/3585/3075 
f 3078/3588/3078 3075/3585/3075 3074/3584/3074 
f 3079/3589/3079 1468/1719/1468 1463/1714/1463 
f 3079/3589/3079 1463/1714/1463 3075/3585/3075 
f 2953/3439/2953 2954/3440/2954 3017/3512/3017 
f 3078/3588/3078 3072/3582/3072 3071/3581/3071 
f 3078/3588/3078 3071/3581/3071 3080/3590/3080 
f 3081/3591/3081 3080/3590/3080 3070/3580/3070 
f 3080/3590/3080 3071/3581/3071 3070/3580/3070 
f 3045/3553/3045 3044/3552/3044 3081/3591/3081 
f 3045/3553/3045 3081/3591/3081 3070/3580/3070 
f 3043/3551/3043 3082/3592/3082 3044/3552/3044 
f 3082/3592/3082 3081/3591/3081 3044/3552/3044 
f 3082/3592/3082 3083/3593/3083 3081/3591/3081 
f 3083/3593/3083 3080/3590/3080 3081/3591/3081 
f 3079/3589/3079 3078/3588/3078 3080/3590/3080 
f 3079/3589/3079 3080/3590/3080 3083/3593/3083 
f 3083/3593/3083 1473/1724/1473 1468/1719/1468 
f 3083/3593/3083 1468/1719/1468 3079/3589/3079 
f 3082/3592/3082 1474/1725/1474 1473/1724/1473 
f 3082/3592/3082 1473/1724/1473 3083/3593/3083 
f 3043/3551/3043 1425/1674/1425 1474/1725/1474 
f 3043/3551/3043 1474/1725/1474 3082/3592/3082 
f 3076/3586/3076 3077/3587/3077 3056/3564/3056 
f 3076/3586/3076 3056/3564/3056 2592/3024/2592 
f 3063/3573/3063 2856/3340/2856 3064/3574/3064 
f 2856/3340/2856 2962/3448/2962 3064/3574/3064 
f 2856/3340/2856 3063/3573/3063 3069/3579/3069 
f 2856/3340/2856 3069/3579/3069 2855/3339/2855 
f 3076/3586/3076 2965/3451/2965 2855/3339/2855 
f 3076/3586/3076 2855/3339/2855 3069/3579/3069 
f 2957/3443/2957 2965/3451/2965 2592/3024/2592 
f 2965/3451/2965 3076/3586/3076 2592/3024/2592 
f 3006/3500/3006 2961/3447/2961 2960/3446/2960 
f 2962/3448/2962 2961/3447/2961 3006/3500/3006 
f 2962/3448/2962 3006/3500/3006 3084/3594/3084 
f 3084/3594/3084 3006/3500/3006 3007/3501/3007 
f 3084/3594/3084 3007/3501/3007 3085/3595/3085 
f 3008/3502/3008 3086/3596/3086 3085/3595/3085 
f 3008/3502/3008 3085/3595/3085 3007/3501/3007 
f 3009/3503/3009 3087/3597/3087 3086/3596/3086 
f 3009/3503/3009 3086/3596/3086 3008/3502/3008 
f 3009/3503/3009 3010/3504/3010 3088/3598/3088 
f 3009/3503/3009 3088/3598/3088 3087/3597/3087 
f 3011/3505/3011 3089/3599/3089 3010/3504/3010 
f 3089/3599/3089 3088/3598/3088 3010/3504/3010 
f 3089/3599/3089 3011/3505/3011 3012/3506/3012 
f 3089/3599/3089 3012/3506/3012 3090/3600/3090 
f 3091/3601/3091 3090/3602/3090 3013/3507/3013 
f 3090/3602/3090 3012/3508/3012 3013/3507/3013 
f 3091/3601/3091 3013/3507/3013 3014/3509/3014 
f 3091/3601/3091 3014/3509/3014 3092/3603/3092 
f 3092/3603/3092 3014/3509/3014 3093/3604/3093 
f 3014/3509/3014 3015/3510/3015 3093/3604/3093 
f 3093/3604/3093 3015/3510/3015 3046/3554/3046 
f 3015/3510/3015 3016/3511/3016 3046/3554/3046 
f 3017/3512/3017 2590/3022/2590 3016/3511/3016 
f 2590/3022/2590 3046/3554/3046 3016/3511/3016 
f 2590/3022/2590 3017/3512/3017 2957/3443/2957 
f 3017/3512/3017 2954/3440/2954 2957/3443/2957 
f 2590/3022/2590 2957/3443/2957 2592/3024/2592 
f 3094/3605/3094 3093/3604/3093 3047/3555/3047 
f 3093/3604/3093 3046/3554/3046 3047/3555/3047 
f 3094/3605/3094 3095/3606/3095 3092/3603/3092 
f 3094/3605/3094 3092/3603/3092 3093/3604/3093 
f 3095/3606/3095 3096/3607/3096 3091/3601/3091 
f 3095/3606/3095 3091/3601/3091 3092/3603/3092 
f 3096/3607/3096 3097/3608/3097 3091/3601/3091 
f 3097/3608/3097 3090/3602/3090 3091/3601/3091 
f 3097/3609/3097 3098/3610/3098 3090/3600/3090 
f 3098/3610/3098 3089/3599/3089 3090/3600/3090 
f 3088/3598/3088 3089/3599/3089 3099/3611/3099 
f 3089/3599/3089 3098/3610/3098 3099/3611/3099 
f 3099/3611/3099 3100/3612/3100 3088/3598/3088 
f 3100/3612/3100 3087/3597/3087 3088/3598/3088 
f 3085/3595/3085 3086/3596/3086 3101/3613/3101 
f 3086/3596/3086 3102/3614/3102 3101/3613/3101 
f 3100/3612/3100 3102/3614/3102 3087/3597/3087 
f 3102/3614/3102 3086/3596/3086 3087/3597/3087 
f 3084/3594/3084 3085/3595/3085 3103/3615/3103 
f 3085/3595/3085 3101/3613/3101 3103/3615/3103 
f 3064/3574/3064 3104/3616/3104 3061/3571/3061 
f 3104/3616/3104 3105/3617/3105 3061/3571/3061 
f 3103/3615/3103 3104/3616/3104 3084/3594/3084 
f 3104/3616/3104 3064/3574/3064 3084/3594/3084 
f 3084/3594/3084 3064/3574/3064 2962/3448/2962 
f 3057/3565/3057 3056/3564/3056 3106/3618/3106 
f 3056/3564/3056 3077/3587/3077 3106/3618/3106 
f 3068/3578/3068 3107/3619/3107 3077/3587/3077 
f 3107/3619/3107 3106/3618/3106 3077/3587/3077 
f 3107/3619/3107 3068/3578/3068 3108/3620/3108 
f 3068/3578/3068 3062/3572/3062 3108/3620/3108 
f 3062/3572/3062 3061/3571/3061 3108/3620/3108 
f 3061/3571/3061 3105/3617/3105 3108/3620/3108 
f 3109/3621/3109 2753/3223/2753 2754/3224/2754 
f 3109/3621/3109 2754/3224/2754 3110/3622/3110 
f 2753/3223/2753 3109/3621/3109 1502/1755/1502 
f 2753/3223/2753 1502/1755/1502 1126/1337/1126 
f 3110/3622/3110 3111/3623/3111 3112/3624/3112 
f 3110/3622/3110 3112/3624/3112 3109/3621/3109 
f 3112/3624/3112 1505/1758/1505 1502/1755/1502 
f 3112/3624/3112 1502/1755/1502 3109/3621/3109 
f 3112/3624/3112 3111/3623/3111 1505/1758/1505 
f 3111/3623/3111 1506/1759/1506 1505/1758/1505 
f 2755/3226/2755 3113/3625/3113 2754/3224/2754 
f 3113/3625/3113 3110/3622/3110 2754/3224/2754 
f 2756/3229/2756 3114/3626/3114 2755/3226/2755 
f 3114/3626/3114 3113/3625/3113 2755/3226/2755 
f 3114/3626/3114 2756/3229/2756 3115/3627/3115 
f 2756/3229/2756 2757/3230/2757 3115/3627/3115 
f 3116/3628/3116 3115/3627/3115 2757/3230/2757 
f 3116/3628/3116 2757/3230/2757 2758/3232/2758 
f 2758/3232/2758 2759/3234/2759 3117/3629/3117 
f 2758/3232/2758 3117/3629/3117 3116/3628/3116 
f 2762/3240/2762 1137/3242/1137 3118/3630/3118 
f 1137/3242/1137 1513/3631/1513 3118/3630/3118 
f 3119/3632/3119 2761/3238/2761 3118/3630/3118 
f 2761/3238/2761 2762/3240/2762 3118/3630/3118 
f 3119/3632/3119 3120/3633/3120 2760/3236/2760 
f 3119/3632/3119 2760/3236/2760 2761/3238/2761 
f 2760/3236/2760 3120/3633/3120 2759/3234/2759 
f 3120/3633/3120 3117/3629/3117 2759/3234/2759 
f 1518/3634/1518 1519/3635/1519 3121/3636/3121 
f 1518/3634/1518 3121/3636/3121 3122/3637/3122 
f 3122/3637/3122 3121/3636/3121 3123/3638/3123 
f 3121/3636/3121 3124/3639/3124 3123/3638/3123 
f 3125/3640/3125 3122/3637/3122 3126/3641/3126 
f 3122/3637/3122 3123/3638/3123 3126/3641/3126 
f 3126/3641/3126 3127/3642/3127 3125/3640/3125 
f 3127/3642/3127 3128/3643/3128 3125/3640/3125 
f 3129/3644/3129 3130/3645/3130 3111/3623/3111 
f 3129/3644/3129 3111/3623/3111 3110/3622/3110 
f 3127/3642/3127 3131/3646/3131 3132/3647/3132 
f 3127/3642/3127 3132/3647/3132 3128/3643/3128 
f 3132/3647/3132 3131/3646/3131 3133/3648/3133 
f 3131/3646/3131 3134/3649/3134 3133/3648/3133 
f 3135/3650/3135 3136/3651/3136 3134/3649/3134 
f 3136/3651/3136 3133/3648/3133 3134/3649/3134 
f 3137/3652/3137 3138/3653/3138 3135/3650/3135 
f 3138/3653/3138 3136/3651/3136 3135/3650/3135 
f 1506/1759/1506 3111/3623/3111 3130/3645/3130 
f 1506/1759/1506 3130/3645/3130 1536/1789/1536 
f 3139/3654/3139 3140/3655/3140 3138/3653/3138 
f 3139/3654/3139 3138/3653/3138 3137/3652/3137 
f 3141/3656/3141 3142/3657/3142 3140/3655/3140 
f 3141/3656/3141 3140/3655/3140 3139/3654/3139 
f 3143/3658/3143 3129/3644/3129 3141/3656/3141 
f 3129/3644/3129 3142/3657/3142 3141/3656/3141 
f 3130/3645/3130 3129/3644/3129 3143/3658/3143 
f 3130/3645/3130 3143/3658/3143 3144/3659/3144 
f 3136/3651/3136 3116/3628/3116 3133/3648/3133 
f 3116/3628/3116 3117/3629/3117 3133/3648/3133 
f 3138/3653/3138 3115/3627/3115 3136/3651/3136 
f 3115/3627/3115 3116/3628/3116 3136/3651/3136 
f 3140/3655/3140 3114/3626/3114 3115/3627/3115 
f 3140/3655/3140 3115/3627/3115 3138/3653/3138 
f 3122/3637/3122 3145/3660/3145 1543/3661/1543 
f 3122/3637/3122 1543/3661/1543 1518/3634/1518 
f 3145/3660/3145 3122/3637/3122 3125/3640/3125 
f 3145/3660/3145 3125/3640/3125 3146/3662/3146 
f 1546/3663/1546 1543/3661/1543 3145/3660/3145 
f 1546/3663/1546 3145/3660/3145 3146/3662/3146 
f 3147/3664/3147 1548/3665/1548 1546/3663/1546 
f 3147/3664/3147 1546/3663/1546 3146/3662/3146 
f 3118/3630/3118 1513/3631/1513 3147/3664/3147 
f 1513/3631/1513 1548/3665/1548 3147/3664/3147 
f 3148/3666/3148 3119/3632/3119 3147/3664/3147 
f 3119/3632/3119 3118/3630/3118 3147/3664/3147 
f 3140/3655/3140 3142/3657/3142 3114/3626/3114 
f 3142/3657/3142 3113/3625/3113 3114/3626/3114 
f 3119/3632/3119 3148/3666/3148 3149/3667/3149 
f 3119/3632/3119 3149/3667/3149 3120/3633/3120 
f 3128/3643/3128 3150/3668/3150 3125/3640/3125 
f 3150/3668/3150 3146/3662/3146 3125/3640/3125 
f 3146/3662/3146 3150/3668/3150 3147/3664/3147 
f 3150/3668/3150 3148/3666/3148 3147/3664/3147 
f 3120/3633/3120 3149/3667/3149 3117/3629/3117 
f 3149/3667/3149 3133/3648/3133 3117/3629/3117 
f 3151/3669/3151 3150/3668/3150 3128/3643/3128 
f 3151/3669/3151 3128/3643/3128 3132/3647/3132 
f 3132/3647/3132 3133/3648/3133 3149/3667/3149 
f 3132/3647/3132 3149/3667/3149 3151/3669/3151 
f 3148/3666/3148 3150/3668/3150 3151/3669/3151 
f 3148/3666/3148 3151/3669/3151 3149/3667/3149 
f 3142/3657/3142 3129/3644/3129 3110/3622/3110 
f 3142/3657/3142 3110/3622/3110 3113/3625/3113 
f 3124/3670/3124 3121/3671/3121 3152/3672/3152 
f 3124/3670/3124 3152/3672/3152 3153/3673/3153 
f 3154/3674/3154 3155/3675/3155 3156/3676/3156 
f 3154/3674/3154 3156/3676/3156 3157/3677/3157 
f 3152/3672/3152 3158/3678/3158 3153/3673/3153 
f 3158/3678/3158 3159/3679/3159 3153/3673/3153 
f 3144/3659/3144 3159/3679/3159 3158/3678/3158 
f 3144/3659/3144 3158/3678/3158 3130/3645/3130 
f 3130/3645/3130 3158/3678/3158 1536/1789/1536 
f 3158/3678/3158 1561/1816/1561 1536/1789/1536 
f 3158/3678/3158 3152/3672/3152 1561/1816/1561 
f 3152/3672/3152 1562/1817/1562 1561/1816/1561 
f 3121/3671/3121 1519/1818/1519 1562/1817/1562 
f 3121/3671/3121 1562/1817/1562 3152/3672/3152 
f 3157/3677/3157 3160/3680/3160 3161/3681/3161 
f 3157/3677/3157 3161/3681/3161 3154/3674/3154 
f 3162/3682/3162 3163/3683/3163 3164/3684/3164 
f 3162/3682/3162 3164/3684/3164 3165/3685/3165 
f 3166/3686/3166 3143/3658/3143 3167/3687/3167 
f 3143/3658/3143 3141/3656/3141 3167/3687/3167 
f 3168/3688/3168 3139/3654/3139 3137/3652/3137 
f 3168/3688/3168 3137/3652/3137 3169/3689/3169 
f 3169/3689/3169 3137/3652/3137 3170/3690/3170 
f 3137/3652/3137 3135/3650/3135 3170/3690/3170 
f 3170/3690/3170 3135/3650/3135 3171/3691/3171 
f 3135/3650/3135 3134/3649/3134 3171/3691/3171 
f 3171/3691/3171 3134/3649/3134 3172/3692/3172 
f 3134/3649/3134 3131/3646/3131 3172/3692/3172 
f 3172/3692/3172 3131/3646/3131 3127/3642/3127 
f 3172/3692/3172 3127/3642/3127 3173/3693/3173 
f 3173/3693/3173 3127/3642/3127 3126/3641/3126 
f 3173/3693/3173 3126/3641/3126 3174/3694/3174 
f 3174/3694/3174 3126/3641/3126 3123/3638/3123 
f 3174/3694/3174 3123/3638/3123 3175/3695/3175 
f 3175/3695/3175 3123/3638/3123 3124/3639/3124 
f 3175/3695/3175 3124/3639/3124 3176/3696/3176 
f 3176/3697/3176 3124/3670/3124 3177/3698/3177 
f 3124/3670/3124 3153/3673/3153 3177/3698/3177 
f 3178/3699/3178 3161/3681/3161 3179/3700/3179 
f 3161/3681/3161 3160/3680/3160 3179/3700/3179 
f 3177/3698/3177 3153/3673/3153 3180/3701/3180 
f 3153/3673/3153 3159/3679/3159 3180/3701/3180 
f 3180/3701/3180 3159/3679/3159 3181/3702/3181 
f 3159/3679/3159 3144/3659/3144 3181/3702/3181 
f 3181/3702/3181 3144/3659/3144 3166/3686/3166 
f 3144/3659/3144 3143/3658/3143 3166/3686/3166 
f 3167/3687/3167 3141/3656/3141 3139/3654/3139 
f 3167/3687/3167 3139/3654/3139 3168/3688/3168 
f 3182/3703/3182 3166/3686/3166 3167/3687/3167 
f 3182/3703/3182 3167/3687/3167 3165/3685/3165 
f 3183/3704/3183 3181/3702/3181 3182/3703/3182 
f 3181/3702/3181 3166/3686/3166 3182/3703/3182 
f 3184/3705/3184 3180/3701/3180 3183/3704/3183 
f 3180/3701/3180 3181/3702/3181 3183/3704/3183 
f 3185/3706/3185 3177/3698/3177 3184/3705/3184 
f 3177/3698/3177 3180/3701/3180 3184/3705/3184 
f 3186/3707/3186 3176/3697/3176 3185/3706/3185 
f 3176/3697/3176 3177/3698/3177 3185/3706/3185 
f 3179/3700/3179 3187/3708/3187 3188/3709/3188 
f 3179/3700/3179 3188/3709/3188 3178/3699/3178 
f 3189/3710/3189 3175/3695/3175 3176/3696/3176 
f 3189/3710/3189 3176/3696/3176 3186/3711/3186 
f 3190/3712/3190 3174/3694/3174 3175/3695/3175 
f 3190/3712/3190 3175/3695/3175 3189/3710/3189 
f 3191/3713/3191 3173/3693/3173 3174/3694/3174 
f 3191/3713/3191 3174/3694/3174 3190/3712/3190 
f 3192/3714/3192 3172/3692/3172 3173/3693/3173 
f 3192/3714/3192 3173/3693/3173 3191/3713/3191 
f 3193/3715/3193 3171/3691/3171 3172/3692/3172 
f 3193/3715/3193 3172/3692/3172 3192/3714/3192 
f 3194/3716/3194 3170/3690/3170 3193/3715/3193 
f 3170/3690/3170 3171/3691/3171 3193/3715/3193 
f 3195/3717/3195 3169/3689/3169 3194/3716/3194 
f 3169/3689/3169 3170/3690/3170 3194/3716/3194 
f 3162/3682/3162 3168/3688/3168 3169/3689/3169 
f 3162/3682/3162 3169/3689/3169 3195/3717/3195 
f 3165/3685/3165 3167/3687/3167 3168/3688/3168 
f 3165/3685/3165 3168/3688/3168 3162/3682/3162 
f 3165/3685/3165 3164/3684/3164 3196/3718/3196 
f 3165/3685/3165 3196/3718/3196 3182/3703/3182 
f 3182/3703/3182 3196/3718/3196 3183/3704/3183 
f 3196/3718/3196 3197/3719/3197 3183/3704/3183 
f 3183/3704/3183 3197/3719/3197 3184/3705/3184 
f 3197/3719/3197 3198/3720/3198 3184/3705/3184 
f 3184/3705/3184 3198/3720/3198 3185/3706/3185 
f 3198/3720/3198 3199/3721/3199 3185/3706/3185 
f 3185/3706/3185 3199/3721/3199 3186/3707/3186 
f 3199/3721/3199 3200/3722/3200 3186/3707/3186 
f 2589/3021/2589 2591/3023/2591 3188/3709/3188 
f 2589/3021/2589 3188/3709/3188 3201/3723/3201 
f 3186/3711/3186 3200/3724/3200 3202/3725/3202 
f 3186/3711/3186 3202/3725/3202 3189/3710/3189 
f 3189/3710/3189 3202/3725/3202 3203/3726/3203 
f 3189/3710/3189 3203/3726/3203 3190/3712/3190 
f 3190/3712/3190 3203/3726/3203 3204/3727/3204 
f 3190/3712/3190 3204/3727/3204 3191/3713/3191 
f 3191/3713/3191 3204/3727/3204 3205/3728/3205 
f 3191/3713/3191 3205/3728/3205 3192/3714/3192 
f 3192/3714/3192 3205/3728/3205 3206/3729/3206 
f 3192/3714/3192 3206/3729/3206 3193/3715/3193 
f 3193/3715/3193 3206/3729/3206 3194/3716/3194 
f 3206/3729/3206 3207/3730/3207 3194/3716/3194 
f 3194/3716/3194 3207/3730/3207 3208/3731/3208 
f 3194/3716/3194 3208/3731/3208 3195/3717/3195 
f 3195/3717/3195 3208/3731/3208 3163/3683/3163 
f 3195/3717/3195 3163/3683/3163 3162/3682/3162 
f 3205/3728/3205 3204/3727/3204 3209/3732/3209 
f 3204/3727/3204 3210/3733/3210 3209/3732/3209 
f 3211/3734/3211 3212/3735/3212 3213/3736/3213 
f 3211/3734/3211 3213/3736/3213 3214/3737/3214 
f 3215/3738/3215 3213/3736/3213 3212/3735/3212 
f 3215/3738/3215 3212/3735/3212 3216/3739/3216 
f 3217/3740/3217 3218/3741/3218 3219/3742/3219 
f 3218/3741/3218 3220/3743/3220 3219/3742/3219 
f 3196/3718/3196 3164/3684/3164 3221/3744/3221 
f 3164/3684/3164 3222/3745/3222 3221/3744/3221 
f 3222/3745/3222 3223/3746/3223 3224/3747/3224 
f 3222/3745/3222 3224/3747/3224 3221/3744/3221 
f 3224/3747/3224 3223/3746/3223 3225/3748/3225 
f 3223/3746/3223 3226/3749/3226 3225/3748/3225 
f 3225/3748/3225 3226/3749/3226 3227/3750/3227 
f 3226/3749/3226 3228/3751/3228 3227/3750/3227 
f 3227/3750/3227 3228/3751/3228 3229/3752/3229 
f 3228/3751/3228 3230/3753/3230 3229/3752/3229 
f 3222/3745/3222 3164/3684/3164 3163/3683/3163 
f 3222/3745/3222 3163/3683/3163 3231/3754/3231 
f 3163/3683/3163 3208/3731/3208 3231/3754/3231 
f 3208/3731/3208 3232/3755/3232 3231/3754/3231 
f 3232/3755/3232 3208/3731/3208 3207/3730/3207 
f 3232/3755/3232 3207/3730/3207 3233/3756/3233 
f 3233/3756/3233 3207/3730/3207 3206/3729/3206 
f 3233/3756/3233 3206/3729/3206 3234/3757/3234 
f 3234/3757/3234 3206/3729/3206 3209/3732/3209 
f 3206/3729/3206 3205/3728/3205 3209/3732/3209 
f 3204/3727/3204 3203/3726/3203 3210/3733/3210 
f 3203/3726/3203 3235/3758/3235 3210/3733/3210 
f 3235/3758/3235 3203/3726/3203 3202/3725/3202 
f 3235/3758/3235 3202/3725/3202 3236/3759/3236 
f 3200/3724/3200 3237/3760/3237 3236/3759/3236 
f 3200/3724/3200 3236/3759/3236 3202/3725/3202 
f 3237/3761/3237 3200/3722/3200 3238/3762/3238 
f 3200/3722/3200 3199/3721/3199 3238/3762/3238 
f 3201/3723/3201 3239/3763/3239 3047/3555/3047 
f 3201/3723/3201 3047/3555/3047 2589/3021/2589 
f 3238/3762/3238 3199/3721/3199 3240/3764/3240 
f 3199/3721/3199 3198/3720/3198 3240/3764/3240 
f 3197/3719/3197 3241/3765/3241 3198/3720/3198 
f 3241/3765/3241 3240/3764/3240 3198/3720/3198 
f 3196/3718/3196 3221/3744/3221 3197/3719/3197 
f 3221/3744/3221 3241/3765/3241 3197/3719/3197 
f 3222/3745/3222 3231/3754/3231 3223/3746/3223 
f 3231/3754/3231 3242/3766/3242 3223/3746/3223 
f 3232/3755/3232 3243/3767/3243 3242/3766/3242 
f 3232/3755/3232 3242/3766/3242 3231/3754/3231 
f 3243/3767/3243 3232/3755/3232 3233/3756/3233 
f 3243/3767/3243 3233/3756/3233 3244/3768/3244 
f 3244/3768/3244 3233/3756/3233 3234/3757/3234 
f 3244/3768/3244 3234/3757/3234 3245/3769/3245 
f 3214/3737/3214 3209/3732/3209 3210/3733/3210 
f 3214/3737/3214 3210/3733/3210 3211/3734/3211 
f 3209/3732/3209 3214/3737/3214 3234/3757/3234 
f 3214/3737/3214 3245/3769/3245 3234/3757/3234 
f 3235/3758/3235 3246/3770/3246 3211/3734/3211 
f 3235/3758/3235 3211/3734/3211 3210/3733/3210 
f 3235/3758/3235 3236/3759/3236 3246/3770/3246 
f 3236/3759/3236 3247/3771/3247 3246/3770/3246 
f 3237/3760/3237 3248/3772/3248 3247/3771/3247 
f 3237/3760/3237 3247/3771/3247 3236/3759/3236 
f 3238/3762/3238 3249/3773/3249 3237/3761/3237 
f 3249/3773/3249 3248/3774/3248 3237/3761/3237 
f 3047/3555/3047 3239/3763/3239 3094/3605/3094 
f 3239/3763/3239 3250/3775/3250 3094/3605/3094 
f 3238/3762/3238 3240/3764/3240 3251/3776/3251 
f 3238/3762/3238 3251/3776/3251 3249/3773/3249 
f 3251/3776/3251 3240/3764/3240 3241/3765/3241 
f 3251/3776/3251 3241/3765/3241 3252/3777/3252 
f 3224/3747/3224 3252/3777/3252 3221/3744/3221 
f 3252/3777/3252 3241/3765/3241 3221/3744/3221 
f 3224/3747/3224 3225/3748/3225 3253/3778/3253 
f 3224/3747/3224 3253/3778/3253 3252/3777/3252 
f 3254/3779/3254 3251/3776/3251 3252/3777/3252 
f 3254/3779/3254 3252/3777/3252 3253/3778/3253 
f 3255/3780/3255 3248/3774/3248 3256/3781/3256 
f 3248/3774/3248 3249/3773/3249 3256/3781/3256 
f 3251/3776/3251 3254/3779/3254 3256/3781/3256 
f 3251/3776/3251 3256/3781/3256 3249/3773/3249 
f 3094/3605/3094 3250/3775/3250 3095/3606/3095 
f 3250/3775/3250 3257/3782/3257 3095/3606/3095 
f 3258/3783/3258 3247/3771/3247 3248/3772/3248 
f 3258/3783/3258 3248/3772/3248 3255/3784/3255 
f 3246/3770/3246 3247/3771/3247 3259/3785/3259 
f 3247/3771/3247 3258/3783/3258 3259/3785/3259 
f 3211/3734/3211 3246/3770/3246 3212/3735/3212 
f 3246/3770/3246 3259/3785/3259 3212/3735/3212 
f 3260/3786/3260 3245/3769/3245 3214/3737/3214 
f 3260/3786/3260 3214/3737/3214 3213/3736/3213 
f 3261/3787/3261 3244/3768/3244 3245/3769/3245 
f 3261/3787/3261 3245/3769/3245 3260/3786/3260 
f 3262/3788/3262 3243/3767/3243 3244/3768/3244 
f 3262/3788/3262 3244/3768/3244 3261/3787/3261 
f 3242/3766/3242 3243/3767/3243 3263/3789/3263 
f 3243/3767/3243 3262/3788/3262 3263/3789/3263 
f 3223/3746/3223 3242/3766/3242 3226/3749/3226 
f 3242/3766/3242 3263/3789/3263 3226/3749/3226 
f 3253/3778/3253 3225/3748/3225 3264/3790/3264 
f 3225/3748/3225 3227/3750/3227 3264/3790/3264 
f 3254/3779/3254 3253/3778/3253 3264/3790/3264 
f 3254/3779/3254 3264/3790/3264 3265/3791/3265 
f 3254/3779/3254 3265/3791/3265 3256/3781/3256 
f 3265/3791/3265 3266/3792/3266 3256/3781/3256 
f 3267/3793/3267 3255/3780/3255 3266/3792/3266 
f 3255/3780/3255 3256/3781/3256 3266/3792/3266 
f 3268/3794/3268 3096/3607/3096 3257/3782/3257 
f 3096/3607/3096 3095/3606/3095 3257/3782/3257 
f 3269/3795/3269 3258/3783/3258 3255/3784/3255 
f 3269/3795/3269 3255/3784/3255 3267/3796/3267 
f 3259/3785/3259 3258/3783/3258 3270/3797/3270 
f 3258/3783/3258 3269/3795/3269 3270/3797/3270 
f 3216/3739/3216 3217/3798/3217 3219/3799/3219 
f 3216/3739/3216 3219/3799/3219 3215/3738/3215 
f 3270/3797/3270 3216/3739/3216 3259/3785/3259 
f 3216/3739/3216 3212/3735/3212 3259/3785/3259 
f 3213/3736/3213 3215/3738/3215 3271/3800/3271 
f 3213/3736/3213 3271/3800/3271 3260/3786/3260 
f 3260/3786/3260 3271/3800/3271 3272/3801/3272 
f 3260/3786/3260 3272/3801/3272 3261/3787/3261 
f 3273/3802/3273 3262/3788/3262 3261/3787/3261 
f 3273/3802/3273 3261/3787/3261 3272/3801/3272 
f 3262/3788/3262 3273/3802/3273 3274/3803/3274 
f 3262/3788/3262 3274/3803/3274 3263/3789/3263 
f 3228/3751/3228 3226/3749/3226 3263/3789/3263 
f 3228/3751/3228 3263/3789/3263 3274/3803/3274 
f 3217/3798/3217 3216/3739/3216 3270/3797/3270 
f 3217/3798/3217 3270/3797/3270 3275/3804/3275 
f 3269/3795/3269 3276/3805/3276 3275/3804/3275 
f 3269/3795/3269 3275/3804/3275 3270/3797/3270 
f 3276/3805/3276 3269/3795/3269 3267/3796/3267 
f 3276/3805/3276 3267/3796/3267 3277/3806/3277 
f 3266/3792/3266 3278/3807/3278 3267/3793/3267 
f 3278/3807/3278 3277/3808/3277 3267/3793/3267 
f 3279/3809/3279 3097/3608/3097 3096/3607/3096 
f 3279/3809/3279 3096/3607/3096 3268/3794/3268 
f 3278/3807/3278 3266/3792/3266 3265/3791/3265 
f 3278/3807/3278 3265/3791/3265 3280/3810/3280 
f 3280/3810/3280 3265/3791/3265 3264/3790/3264 
f 3280/3810/3280 3264/3790/3264 3281/3811/3281 
f 3264/3790/3264 3227/3750/3227 3281/3811/3281 
f 3227/3750/3227 3229/3752/3229 3281/3811/3281 
f 3274/3803/3274 3282/3812/3282 3228/3751/3228 
f 3282/3812/3282 3230/3753/3230 3228/3751/3228 
f 3282/3812/3282 3274/3803/3274 3283/3813/3283 
f 3274/3803/3274 3273/3802/3273 3283/3813/3283 
f 3283/3813/3283 3273/3802/3273 3272/3801/3272 
f 3283/3813/3283 3272/3801/3272 3284/3814/3284 
f 3272/3801/3272 3271/3800/3271 3284/3814/3284 
f 3271/3800/3271 3285/3815/3285 3284/3814/3284 
f 3285/3815/3285 3271/3800/3271 3215/3738/3215 
f 3285/3815/3285 3215/3738/3215 3219/3799/3219 
f 3219/3742/3219 3220/3743/3220 3285/3816/3285 
f 3220/3743/3220 3286/3817/3286 3285/3816/3285 
f 3286/3817/3286 3287/3818/3287 3285/3816/3285 
f 3287/3818/3287 3284/3819/3284 3285/3816/3285 
f 3287/3818/3287 3288/3820/3288 3284/3819/3284 
f 3288/3820/3288 3283/3821/3283 3284/3819/3284 
f 3289/3822/3289 3282/3823/3282 3283/3821/3283 
f 3289/3822/3289 3283/3821/3283 3288/3820/3288 
f 3282/3823/3282 3289/3822/3289 3290/3824/3290 
f 3282/3823/3282 3290/3824/3290 3230/3825/3230 
f 3230/3825/3230 3290/3824/3290 3291/3826/3291 
f 3230/3825/3230 3291/3826/3291 3229/3827/3229 
f 3292/3828/3292 3281/3829/3281 3229/3827/3229 
f 3292/3828/3292 3229/3827/3229 3291/3826/3291 
f 3281/3829/3281 3292/3828/3292 3293/3830/3293 
f 3281/3829/3281 3293/3830/3293 3280/3831/3280 
f 3294/3832/3294 3278/3833/3278 3280/3831/3280 
f 3294/3832/3294 3280/3831/3280 3293/3830/3293 
f 3295/3834/3295 3277/3835/3277 3294/3832/3294 
f 3277/3835/3277 3278/3833/3278 3294/3832/3294 
f 3279/3836/3279 3296/3837/3296 3097/3609/3097 
f 3296/3837/3296 3098/3610/3098 3097/3609/3097 
f 3297/3838/3297 3276/3839/3276 3295/3834/3295 
f 3276/3839/3276 3277/3835/3277 3295/3834/3295 
f 3298/3840/3298 3275/3841/3275 3276/3839/3276 
f 3298/3840/3298 3276/3839/3276 3297/3838/3297 
f 3218/3842/3218 3217/3843/3217 3275/3841/3275 
f 3218/3842/3218 3275/3841/3275 3298/3840/3298 
f 3299/3844/3299 3300/3845/3300 3301/3846/3301 
f 3299/3844/3299 3301/3846/3301 3302/3847/3302 
f 3303/3848/3303 3304/3849/3304 3305/3850/3305 
f 3304/3849/3304 3306/3851/3306 3305/3850/3305 
f 3307/3852/3307 3306/3851/3306 3304/3849/3304 
f 3307/3852/3307 3304/3849/3304 3308/3853/3308 
f 3309/3854/3309 3310/3855/3310 3311/3856/3311 
f 3309/3854/3309 3311/3856/3311 3312/3857/3312 
f 3313/3858/3313 3308/3853/3308 3303/3848/3303 
f 3308/3853/3308 3304/3849/3304 3303/3848/3303 
f 3314/3859/3314 3315/3860/3315 3316/3861/3316 
f 3315/3860/3315 3317/3862/3317 3316/3861/3316 
f 3318/3863/3318 3319/3864/3319 3313/3858/3313 
f 3319/3864/3319 3308/3853/3308 3313/3858/3313 
f 3320/3865/3320 3307/3852/3307 3319/3864/3319 
f 3307/3852/3307 3308/3853/3308 3319/3864/3319 
f 3302/3847/3302 3314/3859/3314 3299/3844/3299 
f 3314/3859/3314 3316/3861/3316 3299/3844/3299 
f 3312/3857/3312 3311/3856/3311 3318/3863/3318 
f 3311/3856/3311 3319/3864/3319 3318/3863/3318 
f 3319/3864/3319 3311/3856/3311 3320/3865/3320 
f 3311/3856/3311 3310/3855/3310 3320/3865/3320 
f 3288/3820/3288 3287/3818/3287 3299/3844/3299 
f 3288/3820/3288 3299/3844/3299 3316/3861/3316 
f 3316/3861/3316 3317/3862/3317 3288/3820/3288 
f 3300/3845/3300 3299/3844/3299 3287/3818/3287 
f 3289/3822/3289 3288/3820/3288 3317/3862/3317 
f 3289/3822/3289 3317/3862/3317 3321/3866/3321 
f 3322/3867/3322 3290/3824/3290 3321/3866/3321 
f 3290/3824/3290 3289/3822/3289 3321/3866/3321 
f 3323/3868/3323 3300/3845/3300 3286/3817/3286 
f 3300/3845/3300 3287/3818/3287 3286/3817/3286 
f 3286/3817/3286 3220/3743/3220 3323/3868/3323 
f 3220/3743/3220 3324/3869/3324 3323/3868/3323 
f 3324/3869/3324 3220/3743/3220 3218/3741/3218 
f 3324/3869/3324 3218/3741/3218 3325/3870/3325 
f 3325/3871/3325 3218/3842/3218 3326/3872/3326 
f 3218/3842/3218 3298/3840/3298 3326/3872/3326 
f 3326/3872/3326 3298/3840/3298 3297/3838/3297 
f 3326/3872/3326 3297/3838/3297 3327/3873/3327 
f 3327/3873/3327 3297/3838/3297 3328/3874/3328 
f 3297/3838/3297 3295/3834/3295 3328/3874/3328 
f 3295/3834/3295 3294/3832/3294 3328/3874/3328 
f 3294/3832/3294 3329/3875/3329 3328/3874/3328 
f 3330/3876/3330 3099/3611/3099 3098/3610/3098 
f 3330/3876/3330 3098/3610/3098 3296/3837/3296 
f 3331/3877/3331 3329/3875/3329 3293/3830/3293 
f 3329/3875/3329 3294/3832/3294 3293/3830/3293 
f 3293/3830/3293 3292/3828/3292 3331/3877/3331 
f 3292/3828/3292 3332/3878/3332 3331/3877/3331 
f 3333/3879/3333 3332/3878/3332 3291/3826/3291 
f 3332/3878/3332 3292/3828/3292 3291/3826/3291 
f 3291/3826/3291 3290/3824/3290 3333/3879/3333 
f 3290/3824/3290 3322/3867/3322 3333/3879/3333 
f 3334/3880/3334 3335/3881/3335 3310/3855/3310 
f 3334/3880/3334 3310/3855/3310 3309/3854/3309 
f 3336/3882/3336 3337/3883/3337 3334/3880/3334 
f 3337/3883/3337 3335/3881/3335 3334/3880/3334 
f 3338/3884/3338 3339/3885/3339 3337/3883/3337 
f 3338/3884/3338 3337/3883/3337 3336/3882/3336 
f 3340/3886/3340 3341/3887/3341 3338/3888/3338 
f 3341/3887/3341 3339/3889/3339 3338/3888/3338 
f 3342/3890/3342 3343/3891/3343 3340/3886/3340 
f 3343/3891/3343 3341/3887/3341 3340/3886/3340 
f 3344/3892/3344 3345/3893/3345 3342/3890/3342 
f 3345/3893/3345 3343/3891/3343 3342/3890/3342 
f 3346/3894/3346 3347/3895/3347 3345/3893/3345 
f 3346/3894/3346 3345/3893/3345 3344/3892/3344 
f 3348/3896/3348 3100/3612/3100 3099/3611/3099 
f 3348/3896/3348 3099/3611/3099 3330/3876/3330 
f 3349/3897/3349 3350/3898/3350 3347/3895/3347 
f 3349/3897/3349 3347/3895/3347 3346/3894/3346 
f 3351/3899/3351 3352/3900/3352 3350/3898/3350 
f 3351/3899/3351 3350/3898/3350 3349/3897/3349 
f 3353/3901/3353 3354/3902/3354 3352/3900/3352 
f 3353/3901/3353 3352/3900/3352 3351/3899/3351 
f 3355/3903/3355 3356/3904/3356 3354/3902/3354 
f 3355/3903/3355 3354/3902/3354 3353/3901/3353 
f 3355/3903/3355 3322/3867/3322 3321/3866/3321 
f 3355/3903/3355 3321/3866/3321 3357/3905/3357 
f 3305/3850/3305 3306/3851/3306 3358/3906/3358 
f 3305/3850/3305 3358/3906/3358 3357/3905/3357 
f 3359/3907/3359 3306/3851/3306 3360/3908/3360 
f 3306/3851/3306 3307/3852/3307 3360/3908/3360 
f 3361/3909/3361 3360/3908/3360 3307/3852/3307 
f 3361/3909/3361 3307/3852/3307 3320/3865/3320 
f 3320/3865/3320 3310/3855/3310 3362/3910/3362 
f 3320/3865/3320 3362/3910/3362 3361/3909/3361 
f 3363/3911/3363 3358/3906/3358 3306/3851/3306 
f 3363/3911/3363 3306/3851/3306 3359/3907/3359 
f 3364/3912/3364 3356/3904/3356 3358/3906/3358 
f 3364/3912/3364 3358/3906/3358 3363/3911/3363 
f 3356/3904/3356 3364/3912/3364 3365/3913/3365 
f 3356/3904/3356 3365/3913/3365 3354/3902/3354 
f 3366/3914/3366 3352/3900/3352 3354/3902/3354 
f 3366/3914/3366 3354/3902/3354 3365/3913/3365 
f 3367/3915/3367 3350/3898/3350 3352/3900/3352 
f 3367/3915/3367 3352/3900/3352 3366/3914/3366 
f 3367/3915/3367 3368/3916/3368 3350/3898/3350 
f 3368/3916/3368 3347/3895/3347 3350/3898/3350 
f 3369/3917/3369 3345/3893/3345 3347/3895/3347 
f 3369/3917/3369 3347/3895/3347 3368/3916/3368 
f 3348/3896/3348 3370/3918/3370 3100/3612/3100 
f 3370/3918/3370 3102/3614/3102 3100/3612/3100 
f 3343/3891/3343 3345/3893/3345 3371/3919/3371 
f 3345/3893/3345 3369/3917/3369 3371/3919/3371 
f 3343/3891/3343 3371/3919/3371 3341/3887/3341 
f 3371/3919/3371 3372/3920/3372 3341/3887/3341 
f 3339/3889/3339 3341/3887/3341 3372/3920/3372 
f 3339/3889/3339 3372/3920/3372 3373/3921/3373 
f 3337/3883/3337 3339/3885/3339 3373/3922/3373 
f 3337/3883/3337 3373/3922/3373 3374/3923/3374 
f 3374/3923/3374 3375/3924/3375 3335/3881/3335 
f 3374/3923/3374 3335/3881/3335 3337/3883/3337 
f 3310/3855/3310 3335/3881/3335 3375/3924/3375 
f 3310/3855/3310 3375/3924/3375 3362/3910/3362 
f 3360/3908/3360 3376/3925/3376 3377/3926/3377 
f 3360/3908/3360 3377/3926/3377 3359/3907/3359 
f 3376/3925/3376 3360/3908/3360 3378/3927/3378 
f 3360/3908/3360 3361/3909/3361 3378/3927/3378 
f 3378/3927/3378 3361/3909/3361 3379/3928/3379 
f 3361/3909/3361 3362/3910/3362 3379/3928/3379 
f 3379/3928/3379 3362/3910/3362 3380/3929/3380 
f 3379/3928/3379 3380/3929/3380 3381/3930/3381 
f 3382/3931/3382 3380/3929/3380 3375/3924/3375 
f 3380/3929/3380 3362/3910/3362 3375/3924/3375 
f 3373/3921/3373 3372/3920/3372 3383/3932/3383 
f 3373/3921/3373 3383/3932/3383 3384/3933/3384 
f 3374/3923/3374 3373/3922/3373 3385/3934/3385 
f 3373/3922/3373 3384/3935/3384 3385/3934/3385 
f 3385/3934/3385 3382/3931/3382 3374/3923/3374 
f 3382/3931/3382 3375/3924/3375 3374/3923/3374 
f 3386/3936/3386 3383/3932/3383 3372/3920/3372 
f 3386/3936/3386 3372/3920/3372 3371/3919/3371 
f 3371/3919/3371 3369/3917/3369 3387/3937/3387 
f 3371/3919/3371 3387/3937/3387 3386/3936/3386 
f 3387/3937/3387 3369/3917/3369 3368/3916/3368 
f 3387/3937/3387 3368/3916/3368 3388/3938/3388 
f 3101/3613/3101 3102/3614/3102 3389/3939/3389 
f 3102/3614/3102 3370/3918/3370 3389/3939/3389 
f 3390/3940/3390 3388/3938/3388 3367/3915/3367 
f 3388/3938/3388 3368/3916/3368 3367/3915/3367 
f 3391/3941/3391 3390/3940/3390 3367/3915/3367 
f 3391/3941/3391 3367/3915/3367 3366/3914/3366 
f 3392/3942/3392 3391/3941/3391 3365/3913/3365 
f 3391/3941/3391 3366/3914/3366 3365/3913/3365 
f 3393/3943/3393 3392/3942/3392 3364/3912/3364 
f 3392/3942/3392 3365/3913/3365 3364/3912/3364 
f 3393/3943/3393 3364/3912/3364 3363/3911/3363 
f 3393/3943/3393 3363/3911/3363 3394/3944/3394 
f 3394/3944/3394 3363/3911/3363 3359/3907/3359 
f 3394/3944/3394 3359/3907/3359 3395/3945/3395 
f 3377/3926/3377 3396/3946/3396 3395/3945/3395 
f 3377/3926/3377 3395/3945/3395 3359/3907/3359 
f 3396/3946/3396 3377/3926/3377 3397/3947/3397 
f 3377/3926/3377 3376/3925/3376 3397/3947/3397 
f 3397/3947/3397 3376/3925/3376 3398/3948/3398 
f 3376/3925/3376 3378/3927/3378 3398/3948/3398 
f 3378/3927/3378 3379/3928/3379 3398/3948/3398 
f 3379/3928/3379 3381/3930/3381 3398/3948/3398 
f 3357/3905/3357 3358/3906/3358 3356/3904/3356 
f 3357/3905/3357 3356/3904/3356 3355/3903/3355 
f 3357/3905/3357 3321/3866/3321 3317/3862/3317 
f 3357/3905/3357 3317/3862/3317 3305/3850/3305 
f 3305/3850/3305 3317/3862/3317 3315/3860/3315 
f 3305/3850/3305 3315/3860/3315 3303/3848/3303 
f 3303/3848/3303 3315/3860/3315 3313/3858/3313 
f 3315/3860/3315 3314/3859/3314 3313/3858/3313 
f 3313/3858/3313 3314/3859/3314 3318/3863/3318 
f 3314/3859/3314 3302/3847/3302 3318/3863/3318 
f 3318/3863/3318 3302/3847/3302 3312/3857/3312 
f 3302/3847/3302 3301/3846/3301 3312/3857/3312 
f 3312/3857/3312 3301/3846/3301 3309/3854/3309 
f 3301/3846/3301 3300/3845/3300 3309/3854/3309 
f 3309/3854/3309 3300/3845/3300 3323/3868/3323 
f 3309/3854/3309 3323/3868/3323 3334/3880/3334 
f 3334/3880/3334 3323/3868/3323 3324/3869/3324 
f 3334/3880/3334 3324/3869/3324 3336/3882/3336 
f 3336/3882/3336 3324/3869/3324 3325/3870/3325 
f 3336/3882/3336 3325/3870/3325 3338/3884/3338 
f 3338/3888/3338 3325/3871/3325 3340/3886/3340 
f 3325/3871/3325 3326/3872/3326 3340/3886/3340 
f 3340/3886/3340 3326/3872/3326 3342/3890/3342 
f 3326/3872/3326 3327/3873/3327 3342/3890/3342 
f 3342/3890/3342 3327/3873/3327 3344/3892/3344 
f 3327/3873/3327 3328/3874/3328 3344/3892/3344 
f 3344/3892/3344 3328/3874/3328 3329/3875/3329 
f 3344/3892/3344 3329/3875/3329 3346/3894/3346 
f 3389/3939/3389 3399/3949/3399 3101/3613/3101 
f 3399/3949/3399 3103/3615/3103 3101/3613/3101 
f 3346/3894/3346 3329/3875/3329 3331/3877/3331 
f 3346/3894/3346 3331/3877/3331 3349/3897/3349 
f 3349/3897/3349 3331/3877/3331 3332/3878/3332 
f 3349/3897/3349 3332/3878/3332 3351/3899/3351 
f 3351/3899/3351 3332/3878/3332 3333/3879/3333 
f 3351/3899/3351 3333/3879/3333 3353/3901/3353 
f 3353/3901/3353 3333/3879/3333 3322/3867/3322 
f 3353/3901/3353 3322/3867/3322 3355/3903/3355 
f 3400/3950/3400 3401/3951/3401 3395/3945/3395 
f 3400/3950/3400 3395/3945/3395 3396/3946/3396 
f 3397/3947/3397 3402/3952/3402 3396/3946/3396 
f 3402/3952/3402 3400/3950/3400 3396/3946/3396 
f 3397/3947/3397 3398/3948/3398 3403/3953/3403 
f 3397/3947/3397 3403/3953/3403 3402/3952/3402 
f 3403/3953/3403 3398/3948/3398 3381/3930/3381 
f 3403/3953/3403 3381/3930/3381 3404/3954/3404 
f 3381/3930/3381 3380/3929/3380 3404/3954/3404 
f 3380/3929/3380 3405/3955/3405 3404/3954/3404 
f 3406/3956/3406 3405/3955/3405 3380/3929/3380 
f 3406/3956/3406 3380/3929/3380 3382/3931/3382 
f 3407/3957/3407 3406/3956/3406 3385/3934/3385 
f 3406/3956/3406 3382/3931/3382 3385/3934/3385 
f 3408/3958/3408 3407/3957/3407 3384/3935/3384 
f 3407/3957/3407 3385/3934/3385 3384/3935/3384 
f 3408/3959/3408 3384/3933/3384 3409/3960/3409 
f 3384/3933/3384 3383/3932/3383 3409/3960/3409 
f 3383/3932/3383 3386/3936/3386 3410/3961/3410 
f 3383/3932/3383 3410/3961/3410 3409/3960/3409 
f 3386/3936/3386 3387/3937/3387 3411/3962/3411 
f 3386/3936/3386 3411/3962/3411 3410/3961/3410 
f 3411/3962/3411 3387/3937/3387 3388/3938/3388 
f 3411/3962/3411 3388/3938/3388 3412/3963/3412 
f 3399/3949/3399 3413/3964/3413 3103/3615/3103 
f 3413/3964/3413 3104/3616/3104 3103/3615/3103 
f 3388/3938/3388 3390/3940/3390 3412/3963/3412 
f 3390/3940/3390 3414/3965/3414 3412/3963/3412 
f 3390/3940/3390 3391/3941/3391 3414/3965/3414 
f 3391/3941/3391 3415/3966/3415 3414/3965/3414 
f 3391/3941/3391 3392/3942/3392 3415/3966/3415 
f 3392/3942/3392 3416/3967/3416 3415/3966/3415 
f 3416/3967/3416 3392/3942/3392 3393/3943/3393 
f 3416/3967/3416 3393/3943/3393 3417/3968/3417 
f 3417/3968/3417 3393/3943/3393 3394/3944/3394 
f 3417/3968/3417 3394/3944/3394 3418/3969/3418 
f 3394/3944/3394 3395/3945/3395 3418/3969/3418 
f 3395/3945/3395 3401/3951/3401 3418/3969/3418 
f 3401/3951/3401 3400/3950/3400 3419/3970/3419 
f 3400/3950/3400 3402/3952/3402 3419/3970/3419 
f 3419/3970/3419 3402/3952/3402 3403/3953/3403 
f 3419/3970/3419 3403/3953/3403 3420/3971/3420 
f 3420/3971/3420 3403/3953/3403 3404/3954/3404 
f 3420/3971/3420 3404/3954/3404 3405/3955/3405 
f 3421/3972/3421 3417/3968/3417 3422/3973/3422 
f 3417/3968/3417 3418/3969/3418 3422/3973/3422 
f 3417/3968/3417 3421/3972/3421 3423/3974/3423 
f 3417/3968/3417 3423/3974/3423 3416/3967/3416 
f 3418/3969/3418 3401/3951/3401 3422/3973/3422 
f 3401/3951/3401 3424/3975/3424 3422/3973/3422 
f 3424/3975/3424 3401/3951/3401 3419/3970/3419 
f 3424/3975/3424 3419/3970/3419 3425/3976/3425 
f 3425/3976/3425 3419/3970/3419 3426/3977/3426 
f 3419/3970/3419 3420/3971/3420 3426/3977/3426 
f 3427/3978/3427 3426/3977/3426 3420/3971/3420 
f 3427/3978/3427 3420/3971/3420 3405/3955/3405 
f 3428/3979/3428 3427/3978/3427 3405/3955/3405 
f 3428/3979/3428 3405/3955/3405 3406/3956/3406 
f 3407/3957/3407 3429/3980/3429 3428/3979/3428 
f 3407/3957/3407 3428/3979/3428 3406/3956/3406 
f 3407/3957/3407 3408/3958/3408 3429/3980/3429 
f 3408/3958/3408 3430/3981/3430 3429/3980/3429 
f 3409/3960/3409 3431/3982/3431 3408/3959/3408 
f 3431/3982/3431 3430/3983/3430 3408/3959/3408 
f 3431/3982/3431 3409/3960/3409 3432/3984/3432 
f 3409/3960/3409 3410/3961/3410 3432/3984/3432 
f 3410/3961/3410 3411/3962/3411 3432/3984/3432 
f 3411/3962/3411 3433/3985/3433 3432/3984/3432 
f 3433/3985/3433 3411/3962/3411 3412/3963/3412 
f 3433/3985/3433 3412/3963/3412 3434/3986/3434 
f 3105/3617/3105 3104/3616/3104 3435/3987/3435 
f 3104/3616/3104 3413/3964/3413 3435/3987/3435 
f 3412/3963/3412 3414/3965/3414 3434/3986/3434 
f 3414/3965/3414 3436/3988/3436 3434/3986/3434 
f 3415/3966/3415 3437/3989/3437 3436/3988/3436 
f 3415/3966/3415 3436/3988/3436 3414/3965/3414 
f 3437/3989/3437 3415/3966/3415 3416/3967/3416 
f 3437/3989/3437 3416/3967/3416 3423/3974/3423 
f 3438/3990/3438 3439/3991/3439 3421/3972/3421 
f 3438/3990/3438 3421/3972/3421 3422/3973/3422 
f 3440/3992/3440 3423/3974/3423 3421/3972/3421 
f 3440/3992/3440 3421/3972/3421 3439/3991/3439 
f 3441/3993/3441 3442/3994/3442 3439/3991/3439 
f 3441/3993/3441 3439/3991/3439 3438/3990/3438 
f 3442/3994/3442 3443/3995/3443 3439/3991/3439 
f 3443/3995/3443 3440/3992/3440 3439/3991/3439 
f 3441/3993/3441 3438/3990/3438 3444/3996/3444 
f 3438/3990/3438 3445/3997/3445 3444/3996/3444 
f 3446/3998/3446 3444/3996/3444 3445/3997/3445 
f 3446/3998/3446 3445/3997/3445 3447/3999/3447 
f 3440/3992/3440 3443/3995/3443 3448/4000/3448 
f 3443/3995/3443 3449/4001/3449 3448/4000/3448 
f 3450/4002/3450 3451/4003/3451 3452/4004/3452 
f 3451/4003/3451 3453/4005/3453 3452/4004/3452 
f 3454/4006/3454 3437/3989/3437 3423/3974/3423 
f 3454/4006/3454 3423/3974/3423 3440/3992/3440 
f 3454/4006/3454 3455/4007/3455 3437/3989/3437 
f 3455/4007/3455 3436/3988/3436 3437/3989/3437 
f 3456/4008/3456 3454/4006/3454 3448/4000/3448 
f 3454/4006/3454 3440/3992/3440 3448/4000/3448 
f 3457/4009/3457 3456/4008/3456 3452/4004/3452 
f 3456/4008/3456 3448/4000/3448 3452/4004/3452 
f 3455/4007/3455 3454/4006/3454 3458/4010/3458 
f 3454/4006/3454 3456/4008/3456 3458/4010/3458 
f 3459/4011/3459 3458/4010/3458 3457/4009/3457 
f 3458/4010/3458 3456/4008/3456 3457/4009/3457 
f 3452/4004/3452 3448/4000/3448 3450/4002/3450 
f 3448/4000/3448 3449/4001/3449 3450/4002/3450 
f 3452/4004/3452 3453/4005/3453 3457/4009/3457 
f 3453/4005/3453 3460/4012/3460 3457/4009/3457 
f 3457/4009/3457 3460/4012/3460 3459/4011/3459 
f 3460/4012/3460 3461/4013/3461 3459/4011/3459 
f 3438/3990/3438 3422/3973/3422 3462/4014/3462 
f 3422/3973/3422 3424/3975/3424 3462/4014/3462 
f 3425/3976/3425 3463/4015/3463 3424/3975/3424 
f 3463/4015/3463 3462/4014/3462 3424/3975/3424 
f 3463/4015/3463 3425/3976/3425 3464/4016/3464 
f 3425/3976/3425 3426/3977/3426 3464/4016/3464 
f 3426/3977/3426 3427/3978/3427 3465/4017/3465 
f 3426/3977/3426 3465/4017/3465 3464/4016/3464 
f 3466/4018/3466 3465/4017/3465 3427/3978/3427 
f 3466/4018/3466 3427/3978/3427 3428/3979/3428 
f 3428/3979/3428 3429/3980/3429 3467/4019/3467 
f 3428/3979/3428 3467/4019/3467 3466/4018/3466 
f 3429/3980/3429 3430/3981/3430 3468/4020/3468 
f 3429/3980/3429 3468/4020/3468 3467/4019/3467 
f 3431/3982/3431 3469/4021/3469 3430/3983/3430 
f 3469/4021/3469 3468/4022/3468 3430/3983/3430 
f 3431/3982/3431 3432/3984/3432 3470/4023/3470 
f 3431/3982/3431 3470/4023/3470 3469/4021/3469 
f 3432/3984/3432 3433/3985/3433 3471/4024/3471 
f 3432/3984/3432 3471/4024/3471 3470/4023/3470 
f 3472/4025/3472 3471/4024/3471 3433/3985/3433 
f 3472/4025/3472 3433/3985/3433 3434/3986/3434 
f 3161/3681/3161 3106/3618/3106 3154/3674/3154 
f 3106/3618/3106 3107/3619/3107 3154/3674/3154 
f 3472/4025/3472 3434/3986/3434 3455/4007/3455 
f 3434/3986/3434 3436/3988/3436 3455/4007/3455 
f 3462/4014/3462 3473/4026/3473 3445/3997/3445 
f 3462/4014/3462 3445/3997/3445 3438/3990/3438 
f 3474/4027/3474 3473/4026/3473 3462/4014/3462 
f 3474/4027/3474 3462/4014/3462 3463/4015/3463 
f 3464/4016/3464 3475/4028/3475 3463/4015/3463 
f 3475/4028/3475 3474/4027/3474 3463/4015/3463 
f 3476/4029/3476 3477/4030/3477 3465/4017/3465 
f 3476/4029/3476 3465/4017/3465 3466/4018/3466 
f 3465/4017/3465 3477/4030/3477 3464/4016/3464 
f 3477/4030/3477 3475/4028/3475 3464/4016/3464 
f 3466/4018/3466 3467/4019/3467 3476/4029/3476 
f 3467/4019/3467 3478/4031/3478 3476/4029/3476 
f 3479/4032/3479 3478/4031/3478 3467/4019/3467 
f 3479/4032/3479 3467/4019/3467 3468/4020/3468 
f 3468/4022/3468 3469/4021/3469 3480/4033/3480 
f 3468/4022/3468 3480/4033/3480 3479/4034/3479 
f 3469/4021/3469 3470/4023/3470 3480/4033/3480 
f 3470/4023/3470 3481/4035/3481 3480/4033/3480 
f 3471/4024/3471 3482/4036/3482 3470/4023/3470 
f 3482/4036/3482 3481/4035/3481 3470/4023/3470 
f 3471/4024/3471 3472/4025/3472 3482/4036/3482 
f 3472/4025/3472 3483/4037/3483 3482/4036/3482 
f 3154/3674/3154 3107/3619/3107 3155/3675/3155 
f 3107/3619/3107 3108/3620/3108 3155/3675/3155 
f 3483/4037/3483 3472/4025/3472 3455/4007/3455 
f 3483/4037/3483 3455/4007/3455 3458/4010/3458 
f 3459/4011/3459 3484/4038/3484 3458/4010/3458 
f 3484/4038/3484 3483/4037/3483 3458/4010/3458 
f 3484/4038/3484 3485/4039/3485 3482/4036/3482 
f 3484/4038/3484 3482/4036/3482 3483/4037/3483 
f 3108/3620/3108 3105/3617/3105 3155/3675/3155 
f 3105/3617/3105 3435/3987/3435 3155/3675/3155 
f 3486/4040/3486 3481/4035/3481 3485/4039/3485 
f 3481/4035/3481 3482/4036/3482 3485/4039/3485 
f 3487/4041/3487 3480/4033/3480 3481/4035/3481 
f 3487/4041/3487 3481/4035/3481 3486/4040/3486 
f 3479/4034/3479 3480/4033/3480 3487/4041/3487 
f 3479/4034/3479 3487/4041/3487 3488/4042/3488 
f 3478/4031/3478 3479/4032/3479 3489/4043/3489 
f 3479/4032/3479 3488/4044/3488 3489/4043/3489 
f 3478/4031/3478 3489/4043/3489 3490/4045/3490 
f 3478/4031/3478 3490/4045/3490 3476/4029/3476 
f 3477/4030/3477 3476/4029/3476 3491/4046/3491 
f 3476/4029/3476 3490/4045/3490 3491/4046/3491 
f 3477/4030/3477 3491/4046/3491 3492/4047/3492 
f 3477/4030/3477 3492/4047/3492 3475/4028/3475 
f 3475/4028/3475 3492/4047/3492 3493/4048/3493 
f 3475/4028/3475 3493/4048/3493 3474/4027/3474 
f 3474/4027/3474 3493/4048/3493 3494/4049/3494 
f 3474/4027/3474 3494/4049/3494 3473/4026/3473 
f 3447/3999/3447 3495/4050/3495 3496/4051/3496 
f 3447/3999/3447 3496/4051/3496 3446/3998/3446 
f 3445/3997/3445 3473/4026/3473 3447/3999/3447 
f 3473/4026/3473 3494/4049/3494 3447/3999/3447 
f 3495/4050/3495 3447/3999/3447 3494/4049/3494 
f 3495/4050/3495 3494/4049/3494 3497/4052/3497 
f 3493/4048/3493 3498/4053/3498 3497/4052/3497 
f 3493/4048/3493 3497/4052/3497 3494/4049/3494 
f 3492/4047/3492 3499/4054/3499 3498/4053/3498 
f 3492/4047/3492 3498/4053/3498 3493/4048/3493 
f 3499/4054/3499 3492/4047/3492 3491/4046/3491 
f 3499/4054/3499 3491/4046/3491 3500/4055/3500 
f 3501/4056/3501 3500/4055/3500 3490/4045/3490 
f 3500/4055/3500 3491/4046/3491 3490/4045/3490 
f 3501/4056/3501 3490/4045/3490 3489/4043/3489 
f 3501/4056/3501 3489/4043/3489 3502/4057/3502 
f 3502/4057/3502 3489/4043/3489 3488/4044/3488 
f 3502/4057/3502 3488/4044/3488 3503/4058/3503 
f 3487/4041/3487 3504/4059/3504 3503/4060/3503 
f 3487/4041/3487 3503/4060/3503 3488/4042/3488 
f 3487/4041/3487 3486/4040/3486 3504/4059/3504 
f 3486/4040/3486 3505/4061/3505 3504/4059/3504 
f 3485/4039/3485 3506/4062/3506 3486/4040/3486 
f 3506/4062/3506 3505/4061/3505 3486/4040/3486 
f 3484/4038/3484 3507/4063/3507 3506/4062/3506 
f 3484/4038/3484 3506/4062/3506 3485/4039/3485 
f 2591/3023/2591 3057/3565/3057 3178/3699/3178 
f 2591/3023/2591 3178/3699/3178 3188/3709/3188 
f 3484/4038/3484 3459/4011/3459 3507/4063/3507 
f 3459/4011/3459 3461/4013/3461 3507/4063/3507 
f 3508/4064/3508 3509/4065/3509 3450/4002/3450 
f 3509/4065/3509 3451/4003/3451 3450/4002/3450 
f 3510/4066/3510 3508/4064/3508 3449/4001/3449 
f 3508/4064/3508 3450/4002/3450 3449/4001/3449 
f 3511/4067/3511 3512/4068/3512 3509/4065/3509 
f 3511/4067/3511 3509/4065/3509 3508/4064/3508 
f 3513/4069/3513 3512/4068/3512 3514/4070/3514 
f 3512/4068/3512 3511/4067/3511 3514/4070/3514 
f 3443/3995/3443 3515/4071/3515 3510/4066/3510 
f 3443/3995/3443 3510/4066/3510 3449/4001/3449 
f 3515/4071/3515 3443/3995/3443 3442/3994/3442 
f 3515/4071/3515 3442/3994/3442 3516/4072/3516 
f 3517/4073/3517 3516/4072/3516 3442/3994/3442 
f 3517/4073/3517 3442/3994/3442 3441/3993/3441 
f 3441/3993/3441 3444/3996/3444 3518/4074/3518 
f 3441/3993/3441 3518/4074/3518 3517/4073/3517 
f 3519/4075/3519 3518/4074/3518 3444/3996/3444 
f 3519/4075/3519 3444/3996/3444 3446/3998/3446 
f 3446/3998/3446 3496/4051/3496 3519/4075/3519 
f 3496/4051/3496 3520/4076/3520 3519/4075/3519 
f 3519/4075/3519 3520/4076/3520 3521/4077/3521 
f 3520/4076/3520 3522/4078/3522 3521/4077/3521 
f 3523/4079/3523 3524/4080/3524 3525/4081/3525 
f 3523/4079/3523 3525/4081/3525 3526/4082/3526 
f 3527/4083/3527 3528/4084/3528 3525/4081/3525 
f 3527/4083/3527 3525/4081/3525 3524/4080/3524 
f 3528/4084/3528 3527/4083/3527 3529/4085/3529 
f 3527/4083/3527 3530/4086/3530 3529/4085/3529 
f 3511/4067/3511 3508/4064/3508 3531/4087/3531 
f 3508/4064/3508 3510/4066/3510 3531/4087/3531 
f 3532/4088/3532 3533/4089/3533 3529/4085/3529 
f 3532/4088/3532 3529/4085/3529 3514/4070/3514 
f 3528/4084/3528 3529/4085/3529 3534/4090/3534 
f 3529/4085/3529 3533/4089/3533 3534/4090/3534 
f 3528/4084/3528 3534/4090/3534 3535/4091/3535 
f 3528/4084/3528 3535/4091/3535 3525/4081/3525 
f 3536/4092/3536 3537/4093/3537 3526/4082/3526 
f 3537/4093/3537 3521/4077/3521 3526/4082/3526 
f 3518/4074/3518 3519/4075/3519 3521/4077/3521 
f 3518/4074/3518 3521/4077/3521 3537/4093/3537 
f 3510/4066/3510 3515/4071/3515 3531/4087/3531 
f 3515/4071/3515 3538/4094/3538 3531/4087/3531 
f 3516/4072/3516 3539/4095/3539 3538/4094/3538 
f 3516/4072/3516 3538/4094/3538 3515/4071/3515 
f 3539/4095/3539 3516/4072/3516 3540/4096/3540 
f 3516/4072/3516 3517/4073/3517 3540/4096/3540 
f 3517/4073/3517 3518/4074/3518 3537/4093/3537 
f 3517/4073/3517 3537/4093/3537 3540/4096/3540 
f 3540/4096/3540 3535/4091/3535 3539/4095/3539 
f 3535/4091/3535 3534/4090/3534 3539/4095/3539 
f 3534/4090/3534 3533/4089/3533 3539/4095/3539 
f 3533/4089/3533 3538/4094/3538 3539/4095/3539 
f 3526/4082/3526 3521/4077/3521 3523/4079/3523 
f 3521/4077/3521 3522/4078/3522 3523/4079/3523 
f 3526/4082/3526 3525/4081/3525 3536/4092/3536 
f 3525/4081/3525 3535/4091/3535 3536/4092/3536 
f 3514/4070/3514 3529/4085/3529 3530/4086/3530 
f 3514/4070/3514 3530/4086/3530 3513/4069/3513 
f 3514/4070/3514 3511/4067/3511 3532/4088/3532 
f 3511/4067/3511 3531/4087/3531 3532/4088/3532 
f 3532/4088/3532 3531/4087/3531 3538/4094/3538 
f 3532/4088/3532 3538/4094/3538 3533/4089/3533 
f 3535/4091/3535 3540/4096/3540 3536/4092/3536 
f 3540/4096/3540 3537/4093/3537 3536/4092/3536 
f 3541/4097/3541 3530/4098/3530 3542/4099/3542 
f 3530/4098/3530 3527/4100/3527 3542/4099/3542 
f 3524/4101/3524 3543/4102/3543 3527/4100/3527 
f 3543/4102/3543 3542/4099/3542 3527/4100/3527 
f 3543/4102/3543 3524/4101/3524 3523/4103/3523 
f 3543/4102/3543 3523/4103/3523 3544/4104/3544 
f 3522/4105/3522 3545/4106/3545 3544/4104/3544 
f 3522/4105/3522 3544/4104/3544 3523/4103/3523 
f 3520/4107/3520 3546/4108/3546 3545/4106/3545 
f 3520/4107/3520 3545/4106/3545 3522/4105/3522 
f 3496/4109/3496 3547/4110/3547 3546/4108/3546 
f 3496/4109/3496 3546/4108/3546 3520/4107/3520 
f 3495/4111/3495 3548/4112/3548 3547/4110/3547 
f 3495/4111/3495 3547/4110/3547 3496/4109/3496 
f 3497/4113/3497 3549/4114/3549 3548/4112/3548 
f 3497/4113/3497 3548/4112/3548 3495/4111/3495 
f 3498/4115/3498 3550/4116/3550 3549/4114/3549 
f 3498/4115/3498 3549/4114/3549 3497/4113/3497 
f 3499/4117/3499 3551/4118/3551 3550/4116/3550 
f 3499/4117/3499 3550/4116/3550 3498/4115/3498 
f 3500/4119/3500 3552/4120/3552 3499/4117/3499 
f 3552/4120/3552 3551/4118/3551 3499/4117/3499 
f 3552/4120/3552 3500/4119/3500 3553/4121/3553 
f 3500/4119/3500 3501/4122/3501 3553/4121/3553 
f 3502/4123/3502 3554/4124/3554 3501/4122/3501 
f 3554/4124/3554 3553/4121/3553 3501/4122/3501 
f 3555/4125/3555 3554/4124/3554 3502/4123/3502 
f 3555/4125/3555 3502/4123/3502 3503/4126/3503 
f 3504/4127/3504 3556/4128/3556 3555/4125/3555 
f 3504/4127/3504 3555/4125/3555 3503/4126/3503 
f 3505/4129/3505 3557/4130/3557 3556/4128/3556 
f 3505/4129/3505 3556/4128/3556 3504/4127/3504 
f 3505/4129/3505 3506/4131/3506 3558/4132/3558 
f 3505/4129/3505 3558/4132/3558 3557/4130/3557 
f 3558/4132/3558 3506/4131/3506 3559/4133/3559 
f 3506/4131/3506 3507/4134/3507 3559/4133/3559 
f 3161/3681/3161 3178/3699/3178 3106/3618/3106 
f 3178/3699/3178 3057/3565/3057 3106/3618/3106 
f 3559/4133/3559 3507/4134/3507 3461/4135/3461 
f 3559/4133/3559 3461/4135/3461 3560/4136/3560 
f 3460/4137/3460 3561/4138/3561 3560/4136/3560 
f 3460/4137/3460 3560/4136/3560 3461/4135/3461 
f 3561/4138/3561 3460/4137/3460 3453/4139/3453 
f 3561/4138/3561 3453/4139/3453 3562/4140/3562 
f 3451/4141/3451 3563/4142/3563 3562/4140/3562 
f 3451/4141/3451 3562/4140/3562 3453/4139/3453 
f 3563/4142/3563 3451/4141/3451 3509/4143/3509 
f 3563/4142/3563 3509/4143/3509 3564/4144/3564 
f 3512/4145/3512 3565/4146/3565 3509/4143/3509 
f 3565/4146/3565 3564/4144/3564 3509/4143/3509 
f 3565/4146/3565 3512/4145/3512 3566/4147/3566 
f 3512/4145/3512 3513/4148/3513 3566/4147/3566 
f 3530/4098/3530 3541/4097/3541 3566/4147/3566 
f 3530/4098/3530 3566/4147/3566 3513/4148/3513 
f 3567/4149/3567 3568/4150/3568 3541/4097/3541 
f 3568/4150/3568 3566/4147/3566 3541/4097/3541 
f 3541/4097/3541 3542/4099/3542 3567/4149/3567 
f 3542/4099/3542 3569/4151/3569 3567/4149/3567 
f 3542/4099/3542 3543/4102/3543 3569/4151/3569 
f 3543/4102/3543 3570/4152/3570 3569/4151/3569 
f 3570/4152/3570 3543/4102/3543 3544/4104/3544 
f 3570/4152/3570 3544/4104/3544 3571/4153/3571 
f 3571/4153/3571 3544/4104/3544 3572/4154/3572 
f 3544/4104/3544 3545/4106/3545 3572/4154/3572 
f 3572/4154/3572 3545/4106/3545 3573/4155/3573 
f 3545/4106/3545 3546/4108/3546 3573/4155/3573 
f 3574/4156/3574 3573/4155/3573 3547/4110/3547 
f 3573/4155/3573 3546/4108/3546 3547/4110/3547 
f 3575/4157/3575 3574/4156/3574 3548/4112/3548 
f 3574/4156/3574 3547/4110/3547 3548/4112/3548 
f 3575/4157/3575 3548/4112/3548 3549/4114/3549 
f 3575/4157/3575 3549/4114/3549 3576/4158/3576 
f 3576/4158/3576 3549/4114/3549 3550/4116/3550 
f 3576/4158/3576 3550/4116/3550 3577/4159/3577 
f 3578/4160/3578 3577/4159/3577 3551/4118/3551 
f 3577/4159/3577 3550/4116/3550 3551/4118/3551 
f 3551/4118/3551 3552/4120/3552 3578/4160/3578 
f 3552/4120/3552 3579/4161/3579 3578/4160/3578 
f 3579/4161/3579 3552/4120/3552 3553/4121/3553 
f 3579/4161/3579 3553/4121/3553 3580/4162/3580 
f 3553/4121/3553 3554/4124/3554 3580/4162/3580 
f 3554/4124/3554 3581/4163/3581 3580/4162/3580 
f 3554/4124/3554 3555/4125/3555 3581/4163/3581 
f 3555/4125/3555 3582/4164/3582 3581/4163/3581 
f 3582/4164/3582 3555/4125/3555 3556/4128/3556 
f 3582/4164/3582 3556/4128/3556 3583/4165/3583 
f 3557/4130/3557 3584/4166/3584 3583/4165/3583 
f 3557/4130/3557 3583/4165/3583 3556/4128/3556 
f 3584/4166/3584 3557/4130/3557 3558/4132/3558 
f 3584/4166/3584 3558/4132/3558 3585/4167/3585 
f 3558/4132/3558 3559/4133/3559 3585/4167/3585 
f 3559/4133/3559 3586/4168/3586 3585/4167/3585 
f 3587/4169/3587 3588/4170/3588 3589/4171/3589 
f 3587/4169/3587 3589/4171/3589 3590/4172/3590 
f 3586/4168/3586 3559/4133/3559 3591/4173/3591 
f 3559/4133/3559 3560/4136/3560 3591/4173/3591 
f 3560/4136/3560 3561/4138/3561 3591/4173/3591 
f 3561/4138/3561 3592/4174/3592 3591/4173/3591 
f 3593/4175/3593 3592/4174/3592 3562/4140/3562 
f 3592/4174/3592 3561/4138/3561 3562/4140/3562 
f 3563/4142/3563 3594/4176/3594 3562/4140/3562 
f 3594/4176/3594 3593/4175/3593 3562/4140/3562 
f 3595/4177/3595 3594/4176/3594 3564/4144/3564 
f 3594/4176/3594 3563/4142/3563 3564/4144/3564 
f 3595/4177/3595 3564/4144/3564 3596/4178/3596 
f 3564/4144/3564 3565/4146/3565 3596/4178/3596 
f 3565/4146/3565 3566/4147/3566 3596/4178/3596 
f 3566/4147/3566 3568/4150/3568 3596/4178/3596 
f 3571/4153/3571 3572/4154/3572 3597/4179/3597 
f 3572/4154/3572 3598/4180/3598 3597/4179/3597 
f 3599/4181/3599 3598/4180/3598 3573/4155/3573 
f 3598/4180/3598 3572/4154/3572 3573/4155/3573 
f 3573/4155/3573 3574/4156/3574 3599/4181/3599 
f 3574/4156/3574 3600/4182/3600 3599/4181/3599 
f 3575/4157/3575 3601/4183/3601 3600/4182/3600 
f 3575/4157/3575 3600/4182/3600 3574/4156/3574 
f 3602/4184/3602 3601/4183/3601 3575/4157/3575 
f 3602/4184/3602 3575/4157/3575 3576/4158/3576 
f 3576/4158/3576 3577/4159/3577 3603/4185/3603 
f 3576/4158/3576 3603/4185/3603 3602/4184/3602 
f 3603/4185/3603 3577/4159/3577 3590/4172/3590 
f 3577/4159/3577 3578/4160/3578 3590/4172/3590 
f 3587/4169/3587 3590/4172/3590 3579/4161/3579 
f 3590/4172/3590 3578/4160/3578 3579/4161/3579 
f 3579/4161/3579 3580/4162/3580 3587/4169/3587 
f 3580/4162/3580 3604/4186/3604 3587/4169/3587 
f 3580/4162/3580 3581/4163/3581 3604/4186/3604 
f 3581/4163/3581 3605/4187/3605 3604/4186/3604 
f 3581/4163/3581 3582/4164/3582 3605/4187/3605 
f 3582/4164/3582 3606/4188/3606 3605/4187/3605 
f 3582/4164/3582 3583/4165/3583 3606/4188/3606 
f 3583/4165/3583 3607/4189/3607 3606/4188/3606 
f 3608/4190/3608 3607/4189/3607 3583/4165/3583 
f 3608/4190/3608 3583/4165/3583 3584/4166/3584 
f 3584/4166/3584 3585/4167/3585 3608/4190/3608 
f 3585/4167/3585 3609/4191/3609 3608/4190/3608 
f 3585/4167/3585 3586/4168/3586 3609/4191/3609 
f 3586/4168/3586 3610/4192/3610 3609/4191/3609 
f 3610/4192/3610 3589/4171/3589 3609/4191/3609 
f 3589/4171/3589 3588/4170/3588 3609/4191/3609 
f 3586/4168/3586 3591/4173/3591 3610/4192/3610 
f 3591/4173/3591 3611/4193/3611 3610/4192/3610 
f 3591/4173/3591 3592/4174/3592 3611/4193/3611 
f 3592/4174/3592 3612/4194/3612 3611/4193/3611 
f 3593/4175/3593 3613/4195/3613 3592/4174/3592 
f 3613/4195/3613 3612/4194/3612 3592/4174/3592 
f 3614/4196/3614 3613/4195/3613 3593/4175/3593 
f 3614/4196/3614 3593/4175/3593 3594/4176/3594 
f 3594/4176/3594 3595/4177/3595 3614/4196/3614 
f 3595/4177/3595 3615/4197/3615 3614/4196/3614 
f 3616/4198/3616 3615/4197/3615 3596/4178/3596 
f 3615/4197/3615 3595/4177/3595 3596/4178/3596 
f 3617/4199/3617 3616/4198/3616 3596/4178/3596 
f 3617/4199/3617 3596/4178/3596 3568/4150/3568 
f 3567/4149/3567 3618/4200/3618 3568/4150/3568 
f 3618/4200/3618 3617/4199/3617 3568/4150/3568 
f 3567/4149/3567 3569/4151/3569 3618/4200/3618 
f 3569/4151/3569 3619/4201/3619 3618/4200/3618 
f 3569/4151/3569 3570/4152/3570 3619/4201/3619 
f 3570/4152/3570 3620/4202/3620 3619/4201/3619 
f 3620/4202/3620 3570/4152/3570 3597/4179/3597 
f 3570/4152/3570 3571/4153/3571 3597/4179/3597 
f 3620/4202/3620 3597/4179/3597 3621/4203/3621 
f 3620/4202/3620 3621/4203/3621 3619/4201/3619 
f 3618/4200/3618 3619/4201/3619 3621/4203/3621 
f 3618/4200/3618 3621/4203/3621 3617/4199/3617 
f 3622/4204/3622 3621/4203/3621 3597/4179/3597 
f 3622/4204/3622 3597/4179/3597 3598/4180/3598 
f 3621/4203/3621 3622/4204/3622 3617/4199/3617 
f 3622/4204/3622 3616/4198/3616 3617/4199/3617 
f 3623/4205/3623 3622/4204/3622 3598/4180/3598 
f 3623/4205/3623 3598/4180/3598 3599/4181/3599 
f 3622/4204/3622 3623/4205/3623 3615/4197/3615 
f 3622/4204/3622 3615/4197/3615 3616/4198/3616 
f 3624/4206/3624 3623/4205/3623 3599/4181/3599 
f 3624/4206/3624 3599/4181/3599 3600/4182/3600 
f 3614/4196/3614 3615/4197/3615 3623/4205/3623 
f 3614/4196/3614 3623/4205/3623 3624/4206/3624 
f 3625/4207/3625 3624/4206/3624 3600/4182/3600 
f 3625/4207/3625 3600/4182/3600 3601/4183/3601 
f 3624/4206/3624 3625/4207/3625 3613/4195/3613 
f 3624/4206/3624 3613/4195/3613 3614/4196/3614 
f 3625/4207/3625 3601/4183/3601 3626/4208/3626 
f 3601/4183/3601 3602/4184/3602 3626/4208/3626 
f 3613/4195/3613 3625/4207/3625 3612/4194/3612 
f 3625/4207/3625 3626/4208/3626 3612/4194/3612 
f 3626/4208/3626 3602/4184/3602 3603/4185/3603 
f 3626/4208/3626 3603/4185/3603 3627/4209/3627 
f 3626/4208/3626 3627/4209/3627 3612/4194/3612 
f 3627/4209/3627 3611/4193/3611 3612/4194/3612 
f 3589/4171/3589 3627/4209/3627 3590/4172/3590 
f 3627/4209/3627 3603/4185/3603 3590/4172/3590 
f 3627/4209/3627 3589/4171/3589 3610/4192/3610 
f 3627/4209/3627 3610/4192/3610 3611/4193/3611 
f 3605/4187/3605 3606/4188/3606 3628/4210/3628 
f 3605/4187/3605 3628/4210/3628 3604/4186/3604 
f 3608/4190/3608 3628/4210/3628 3607/4189/3607 
f 3628/4210/3628 3606/4188/3606 3607/4189/3607 
f 3604/4186/3604 3628/4210/3628 3588/4170/3588 
f 3604/4186/3604 3588/4170/3588 3587/4169/3587 
f 3608/4190/3608 3609/4191/3609 3628/4210/3628 
f 3609/4191/3609 3588/4170/3588 3628/4210/3628 
f 3155/3675/3155 3435/3987/3435 3629/4211/3629 
f 3155/3675/3155 3629/4211/3629 3156/3676/3156 
f 3435/3987/3435 3413/3964/3413 3629/4211/3629 
f 3413/3964/3413 3630/4212/3630 3629/4211/3629 
f 3631/4213/3631 3630/4212/3630 3399/3949/3399 
f 3630/4212/3630 3413/3964/3413 3399/3949/3399 
f 3389/3939/3389 3632/4214/3632 3399/3949/3399 
f 3632/4214/3632 3631/4213/3631 3399/3949/3399 
f 3632/4214/3632 3389/3939/3389 3633/4215/3633 
f 3389/3939/3389 3370/3918/3370 3633/4215/3633 
f 3633/4215/3633 3370/3918/3370 3348/3896/3348 
f 3633/4215/3633 3348/3896/3348 3634/4216/3634 
f 3635/4217/3635 3634/4216/3634 3348/3896/3348 
f 3635/4217/3635 3348/3896/3348 3330/3876/3330 
f 3635/4217/3635 3330/3876/3330 3636/4218/3636 
f 3330/3876/3330 3296/3837/3296 3636/4218/3636 
f 3636/4218/3636 3296/3837/3296 3279/3836/3279 
f 3636/4218/3636 3279/3836/3279 3637/4219/3637 
f 3268/3794/3268 3638/4220/3638 3637/4221/3637 
f 3268/3794/3268 3637/4221/3637 3279/3809/3279 
f 3639/4222/3639 3638/4220/3638 3268/3794/3268 
f 3639/4222/3639 3268/3794/3268 3257/3782/3257 
f 3257/3782/3257 3250/3775/3250 3640/4223/3640 
f 3257/3782/3257 3640/4223/3640 3639/4222/3639 
f 3239/3763/3239 3641/4224/3641 3250/3775/3250 
f 3641/4224/3641 3640/4223/3640 3250/3775/3250 
f 3201/3723/3201 3642/4225/3642 3239/3763/3239 
f 3642/4225/3642 3641/4224/3641 3239/3763/3239 
f 3201/3723/3201 3188/3709/3188 3187/3708/3187 
f 3201/3723/3201 3187/3708/3187 3642/4225/3642 
f 3160/3680/3160 3643/4226/3643 3179/3700/3179 
f 3643/4226/3643 3187/3708/3187 3179/3700/3179 
f 3157/3677/3157 3644/4227/3644 3160/3680/3160 
f 3644/4227/3644 3643/4226/3643 3160/3680/3160 
f 3644/4227/3644 3157/3677/3157 3156/3676/3156 
f 3644/4227/3644 3156/3676/3156 3645/4228/3645 
f 3630/4212/3630 3645/4228/3645 3629/4211/3629 
f 3645/4228/3645 3156/3676/3156 3629/4211/3629 
f 3187/4229/3187 3643/4230/3643 3646/4231/3646 
f 3643/4230/3643 3647/4232/3647 3646/4231/3646 
f 3648/4233/3648 3647/4232/3647 3644/4234/3644 
f 3647/4232/3647 3643/4230/3643 3644/4234/3644 
f 3648/4233/3648 3644/4234/3644 3645/4235/3645 
f 3648/4233/3648 3645/4235/3645 3649/4236/3649 
f 3650/4237/3650 3649/4236/3649 3645/4235/3645 
f 3650/4237/3650 3645/4235/3645 3630/4238/3630 
f 3651/4239/3651 3650/4237/3650 3631/4240/3631 
f 3651/4239/3651 3631/4240/3631 3632/4241/3632 
f 3650/4237/3650 3630/4238/3630 3631/4240/3631 
f 3652/4242/3652 3651/4239/3651 3632/4241/3632 
f 3652/4242/3652 3632/4241/3632 3633/4243/3633 
f 3652/4244/3652 3633/4245/3633 3653/4246/3653 
f 3633/4245/3633 3634/4247/3634 3653/4246/3653 
f 3654/4248/3654 3653/4246/3653 3634/4247/3634 
f 3654/4248/3654 3634/4247/3634 3635/4249/3635 
f 3655/4250/3655 3654/4248/3654 3635/4249/3635 
f 3655/4250/3655 3635/4249/3635 3636/4251/3636 
f 3636/4251/3636 3637/4252/3637 3655/4250/3655 
f 3637/4252/3637 3656/4253/3656 3655/4250/3655 
f 3638/4254/3638 3657/4255/3657 3637/4252/3637 
f 3657/4255/3657 3656/4253/3656 3637/4252/3637 
f 3658/4256/3658 3657/4255/3657 3638/4254/3638 
f 3658/4256/3658 3638/4254/3638 3639/4257/3639 
f 3640/4258/3640 3659/4259/3659 3639/4257/3639 
f 3659/4259/3659 3658/4256/3658 3639/4257/3639 
f 3640/4258/3640 3641/4260/3641 3660/4261/3660 
f 3640/4258/3640 3660/4261/3660 3659/4259/3659 
f 3642/4262/3642 3661/4263/3661 3641/4264/3641 
f 3661/4263/3661 3660/4265/3660 3641/4264/3641 
f 3642/4262/3642 3187/4229/3187 3646/4231/3646 
f 3642/4262/3642 3646/4231/3646 3661/4263/3661 
f 3657/4255/3657 3658/4256/3658 3662/4266/3662 
f 3657/4255/3657 3662/4266/3662 3663/4267/3663 
f 3664/4268/3664 3665/4269/3665 3666/4270/3666 
f 3665/4269/3665 3667/4271/3667 3666/4270/3666 
f 3668/4272/3668 3669/4273/3669 3670/4274/3670 
f 3669/4273/3669 3662/4266/3662 3670/4274/3670 
f 3662/4266/3662 3658/4256/3658 3670/4274/3670 
f 3658/4256/3658 3659/4259/3659 3670/4274/3670 
f 3671/4275/3671 3668/4272/3668 3670/4274/3670 
f 3671/4275/3671 3670/4274/3670 3672/4276/3672 
f 3673/4277/3673 3671/4278/3671 3672/4279/3672 
f 3673/4277/3673 3672/4279/3672 3674/4280/3674 
f 3675/4281/3675 3673/4277/3673 3676/4282/3676 
f 3673/4277/3673 3674/4280/3674 3676/4282/3676 
f 3677/4283/3677 3678/4284/3678 3675/4281/3675 
f 3677/4283/3677 3675/4281/3675 3676/4282/3676 
f 3660/4261/3660 3672/4276/3672 3659/4259/3659 
f 3672/4276/3672 3670/4274/3670 3659/4259/3659 
f 3660/4265/3660 3661/4263/3661 3674/4280/3674 
f 3660/4265/3660 3674/4280/3674 3672/4279/3672 
f 3646/4231/3646 3679/4285/3679 3661/4263/3661 
f 3679/4285/3679 3674/4280/3674 3661/4263/3661 
f 3680/4286/3680 3679/4285/3679 3647/4232/3647 
f 3679/4285/3679 3646/4231/3646 3647/4232/3647 
f 3647/4232/3647 3648/4233/3648 3680/4286/3680 
f 3648/4233/3648 3681/4287/3681 3680/4286/3680 
f 3682/4288/3682 3681/4287/3681 3649/4236/3649 
f 3681/4287/3681 3648/4233/3648 3649/4236/3649 
f 3649/4236/3649 3650/4237/3650 3682/4288/3682 
f 3650/4237/3650 3683/4289/3683 3682/4288/3682 
f 3684/4290/3684 3683/4289/3683 3651/4239/3651 
f 3683/4289/3683 3650/4237/3650 3651/4239/3651 
f 3684/4290/3684 3651/4239/3651 3685/4291/3685 
f 3651/4239/3651 3652/4242/3652 3685/4291/3685 
f 3653/4246/3653 3686/4292/3686 3652/4244/3652 
f 3686/4292/3686 3685/4293/3685 3652/4244/3652 
f 3686/4292/3686 3653/4246/3653 3687/4294/3687 
f 3653/4246/3653 3654/4248/3654 3687/4294/3687 
f 3666/4270/3666 3688/4295/3688 3664/4268/3664 
f 3688/4295/3688 3689/4296/3689 3664/4268/3664 
f 3690/4297/3690 3655/4250/3655 3656/4253/3656 
f 3690/4297/3690 3656/4253/3656 3691/4298/3691 
f 3663/4267/3663 3691/4298/3691 3656/4253/3656 
f 3663/4267/3663 3656/4253/3656 3657/4255/3657 
f 3692/4299/3692 3693/4300/3693 3669/4273/3669 
f 3692/4299/3692 3669/4273/3669 3668/4272/3668 
f 3694/4301/3694 3692/4299/3692 3668/4272/3668 
f 3694/4301/3694 3668/4272/3668 3671/4275/3671 
f 3695/4302/3695 3694/4303/3694 3673/4277/3673 
f 3694/4303/3694 3671/4278/3671 3673/4277/3673 
f 3696/4304/3696 3695/4302/3695 3675/4281/3675 
f 3695/4302/3695 3673/4277/3673 3675/4281/3675 
f 3675/4281/3675 3678/4284/3678 3696/4304/3696 
f 3678/4284/3678 3697/4305/3697 3696/4304/3696 
f 3674/4280/3674 3679/4285/3679 3676/4282/3676 
f 3679/4285/3679 3698/4306/3698 3676/4282/3676 
f 3676/4282/3676 3698/4306/3698 3677/4283/3677 
f 3698/4306/3698 3699/4307/3699 3677/4283/3677 
f 3700/4308/3700 3680/4286/3680 3681/4287/3681 
f 3700/4308/3700 3681/4287/3681 3701/4309/3701 
f 3679/4285/3679 3680/4286/3680 3698/4306/3698 
f 3680/4286/3680 3700/4308/3700 3698/4306/3698 
f 3702/4310/3702 3700/4308/3700 3701/4309/3701 
f 3702/4310/3702 3701/4309/3701 3703/4311/3703 
f 3700/4308/3700 3702/4310/3702 3699/4307/3699 
f 3700/4308/3700 3699/4307/3699 3698/4306/3698 
f 3704/4312/3704 3682/4288/3682 3683/4289/3683 
f 3704/4312/3704 3683/4289/3683 3705/4313/3705 
f 3701/4309/3701 3681/4287/3681 3682/4288/3682 
f 3701/4309/3701 3682/4288/3682 3704/4312/3704 
f 3706/4314/3706 3707/4315/3707 3704/4312/3704 
f 3706/4314/3706 3704/4312/3704 3705/4313/3705 
f 3701/4309/3701 3704/4312/3704 3707/4315/3707 
f 3701/4309/3701 3707/4315/3707 3703/4311/3703 
f 3708/4316/3708 3705/4313/3705 3684/4290/3684 
f 3705/4313/3705 3683/4289/3683 3684/4290/3684 
f 3708/4316/3708 3709/4317/3709 3705/4313/3705 
f 3709/4317/3709 3706/4314/3706 3705/4313/3705 
f 3710/4318/3710 3708/4316/3708 3684/4290/3684 
f 3710/4318/3710 3684/4290/3684 3685/4291/3685 
f 3711/4319/3711 3709/4317/3709 3708/4316/3708 
f 3711/4319/3711 3708/4316/3708 3710/4318/3710 
f 3711/4320/3711 3710/4321/3710 3712/4322/3712 
f 3711/4320/3711 3712/4322/3712 3713/4323/3713 
f 3686/4292/3686 3712/4322/3712 3685/4293/3685 
f 3712/4322/3712 3710/4321/3710 3685/4293/3685 
f 3714/4324/3714 3713/4323/3713 3715/4325/3715 
f 3713/4323/3713 3712/4322/3712 3715/4325/3715 
f 3687/4294/3687 3715/4325/3715 3712/4322/3712 
f 3687/4294/3687 3712/4322/3712 3686/4292/3686 
f 3716/4326/3716 3717/4327/3717 3718/4328/3718 
f 3716/4326/3716 3718/4328/3718 3719/4329/3719 
f 3720/4330/3720 3721/4331/3721 3722/4332/3722 
f 3721/4331/3721 3723/4333/3723 3722/4332/3722 
f 3688/4295/3688 3722/4332/3722 3723/4333/3723 
f 3688/4295/3688 3723/4333/3723 3689/4296/3689 
f 3665/4269/3665 3724/4334/3724 3667/4271/3667 
f 3724/4334/3724 3725/4335/3725 3667/4271/3667 
f 3720/4330/3720 3726/4336/3726 3727/4337/3727 
f 3720/4330/3720 3727/4337/3727 3721/4331/3721 
f 3726/4336/3726 3716/4326/3716 3719/4329/3719 
f 3726/4336/3726 3719/4329/3719 3727/4337/3727 
f 3728/4338/3728 3729/4339/3729 3730/4340/3730 
f 3729/4339/3729 3731/4341/3731 3730/4340/3730 
f 3732/4342/3732 3731/4341/3731 3733/4343/3733 
f 3731/4341/3731 3729/4339/3729 3733/4343/3733 
f 3732/4342/3732 3733/4343/3733 3734/4344/3734 
f 3732/4342/3732 3734/4344/3734 3735/4345/3735 
f 3734/4344/3734 3736/4346/3736 3737/4347/3737 
f 3734/4344/3734 3737/4347/3737 3735/4345/3735 
f 3738/4348/3738 3729/4339/3729 3728/4338/3728 
f 3738/4348/3738 3728/4338/3728 3739/4349/3739 
f 3738/4348/3738 3739/4349/3739 3740/4350/3740 
f 3739/4349/3739 3741/4351/3741 3740/4350/3740 
f 3740/4350/3740 3741/4351/3741 3677/4283/3677 
f 3740/4350/3740 3677/4283/3677 3736/4346/3736 
f 3738/4348/3738 3740/4350/3740 3734/4344/3734 
f 3738/4348/3738 3734/4344/3734 3733/4343/3733 
f 3740/4350/3740 3736/4346/3736 3734/4344/3734 
f 3729/4339/3729 3738/4348/3738 3733/4343/3733 
f 3699/4307/3699 3736/4346/3736 3677/4283/3677 
f 3699/4307/3699 3702/4310/3702 3737/4347/3737 
f 3699/4307/3699 3737/4347/3737 3736/4346/3736 
f 3678/4284/3678 3677/4283/3677 3741/4351/3741 
f 3678/4284/3678 3741/4351/3741 3742/4352/3742 
f 3741/4351/3741 3739/4349/3739 3742/4352/3742 
f 3742/4352/3742 3743/4353/3743 3697/4305/3697 
f 3742/4352/3742 3697/4305/3697 3678/4284/3678 
f 3744/4354/3744 3745/4355/3745 3730/4340/3730 
f 3744/4354/3744 3730/4340/3730 3731/4341/3731 
f 3744/4354/3744 3731/4341/3731 3746/4356/3746 
f 3731/4341/3731 3732/4342/3732 3746/4356/3746 
f 3746/4356/3746 3732/4342/3732 3735/4345/3735 
f 3746/4356/3746 3735/4345/3735 3747/4357/3747 
f 3737/4347/3737 3748/4358/3748 3735/4345/3735 
f 3748/4358/3748 3747/4357/3747 3735/4345/3735 
f 3749/4359/3749 3750/4360/3750 3745/4355/3745 
f 3749/4359/3749 3745/4355/3745 3744/4354/3744 
f 3746/4356/3746 3751/4361/3751 3749/4359/3749 
f 3746/4356/3746 3749/4359/3749 3744/4354/3744 
f 3746/4356/3746 3747/4357/3747 3752/4362/3752 
f 3746/4356/3746 3752/4362/3752 3751/4361/3751 
f 3748/4358/3748 3753/4363/3753 3752/4362/3752 
f 3748/4358/3748 3752/4362/3752 3747/4357/3747 
f 3752/4362/3752 3753/4363/3753 3754/4364/3754 
f 3753/4363/3753 3755/4365/3755 3754/4364/3754 
f 3756/4366/3756 3757/4367/3757 3754/4364/3754 
f 3756/4366/3756 3754/4364/3754 3755/4365/3755 
f 3754/4364/3754 3758/4368/3758 3752/4362/3752 
f 3758/4368/3758 3751/4361/3751 3752/4362/3752 
f 3759/4369/3759 3758/4368/3758 3754/4364/3754 
f 3759/4369/3759 3754/4364/3754 3757/4367/3757 
f 3758/4368/3758 3760/4370/3760 3749/4359/3749 
f 3758/4368/3758 3749/4359/3749 3751/4361/3751 
f 3760/4370/3760 3758/4368/3758 3759/4369/3759 
f 3760/4370/3760 3759/4369/3759 3761/4371/3761 
f 3749/4359/3749 3760/4370/3760 3750/4360/3750 
f 3760/4370/3760 3762/4372/3762 3750/4360/3750 
f 3761/4371/3761 3763/4373/3763 3760/4370/3760 
f 3763/4373/3763 3762/4372/3762 3760/4370/3760 
f 3702/4310/3702 3703/4311/3703 3753/4363/3753 
f 3703/4311/3703 3755/4365/3755 3753/4363/3753 
f 3702/4310/3702 3753/4363/3753 3737/4347/3737 
f 3753/4363/3753 3748/4358/3748 3737/4347/3737 
f 3764/4374/3764 3757/4367/3757 3756/4366/3756 
f 3764/4374/3764 3756/4366/3756 3765/4375/3765 
f 3766/4376/3766 3767/4377/3767 3768/4378/3768 
f 3767/4377/3767 3769/4379/3769 3768/4378/3768 
f 3764/4374/3764 3765/4375/3765 3767/4377/3767 
f 3765/4375/3765 3769/4379/3769 3767/4377/3767 
f 3757/4367/3757 3764/4374/3764 3770/4380/3770 
f 3757/4367/3757 3770/4380/3770 3759/4369/3759 
f 3771/4381/3771 3770/4380/3770 3764/4374/3764 
f 3771/4381/3771 3764/4374/3764 3767/4377/3767 
f 3766/4376/3766 3772/4382/3772 3771/4381/3771 
f 3766/4376/3766 3771/4381/3771 3767/4377/3767 
f 3761/4371/3761 3759/4369/3759 3773/4383/3773 
f 3759/4369/3759 3770/4380/3770 3773/4383/3773 
f 3773/4383/3773 3770/4380/3770 3774/4384/3774 
f 3770/4380/3770 3771/4381/3771 3774/4384/3774 
f 3774/4384/3774 3771/4381/3771 3772/4382/3772 
f 3774/4384/3774 3772/4382/3772 3775/4385/3775 
f 3769/4379/3769 3765/4375/3765 3703/4311/3703 
f 3769/4379/3769 3703/4311/3703 3707/4315/3707 
f 3765/4375/3765 3756/4366/3756 3755/4365/3755 
f 3765/4375/3765 3755/4365/3755 3703/4311/3703 
f 3776/4386/3776 3766/4376/3766 3768/4378/3768 
f 3776/4386/3776 3768/4378/3768 3777/4387/3777 
f 3776/4386/3776 3777/4387/3777 3778/4388/3778 
f 3777/4387/3777 3779/4389/3779 3778/4388/3778 
f 3778/4388/3778 3779/4389/3779 3780/4390/3780 
f 3779/4389/3779 3781/4391/3781 3780/4390/3780 
f 3766/4376/3766 3776/4386/3776 3782/4392/3782 
f 3766/4376/3766 3782/4392/3782 3772/4382/3772 
f 3782/4392/3782 3776/4386/3776 3783/4393/3783 
f 3776/4386/3776 3778/4388/3778 3783/4393/3783 
f 3780/4390/3780 3784/4394/3784 3783/4393/3783 
f 3780/4390/3780 3783/4393/3783 3778/4388/3778 
f 3775/4385/3775 3772/4382/3772 3785/4395/3785 
f 3772/4382/3772 3782/4392/3782 3785/4395/3785 
f 3785/4395/3785 3782/4392/3782 3786/4396/3786 
f 3782/4392/3782 3783/4393/3783 3786/4396/3786 
f 3784/4394/3784 3787/4397/3787 3786/4396/3786 
f 3784/4394/3784 3786/4396/3786 3783/4393/3783 
f 3769/4379/3769 3707/4315/3707 3777/4387/3777 
f 3769/4379/3769 3777/4387/3777 3768/4378/3768 
f 3779/4389/3779 3777/4387/3777 3706/4314/3706 
f 3777/4387/3777 3707/4315/3707 3706/4314/3706 
f 3763/4373/3763 3761/4371/3761 3788/4398/3788 
f 3761/4371/3761 3773/4383/3773 3788/4398/3788 
f 3788/4398/3788 3773/4383/3773 3789/4399/3789 
f 3773/4383/3773 3774/4384/3774 3789/4399/3789 
f 3790/4400/3790 3789/4399/3789 3775/4385/3775 
f 3789/4399/3789 3774/4384/3774 3775/4385/3775 
f 3790/4400/3790 3775/4385/3775 3791/4401/3791 
f 3775/4385/3775 3785/4395/3785 3791/4401/3791 
f 3792/4402/3792 3791/4401/3791 3786/4396/3786 
f 3791/4401/3791 3785/4395/3785 3786/4396/3786 
f 3787/4397/3787 3793/4403/3793 3792/4402/3792 
f 3787/4397/3787 3792/4402/3792 3786/4396/3786 
f 3781/4391/3781 3779/4389/3779 3706/4314/3706 
f 3781/4391/3781 3706/4314/3706 3709/4317/3709 
f 3780/4390/3780 3781/4391/3781 3794/4404/3794 
f 3781/4391/3781 3709/4317/3709 3794/4404/3794 
f 3780/4390/3780 3794/4404/3794 3795/4405/3795 
f 3780/4390/3780 3795/4405/3795 3784/4394/3784 
f 3793/4403/3793 3787/4397/3787 3784/4394/3784 
f 3793/4403/3793 3784/4394/3784 3795/4405/3795 
f 3796/4406/3796 3794/4404/3794 3709/4317/3709 
f 3796/4406/3796 3709/4317/3709 3711/4319/3711 
f 3713/4323/3713 3797/4407/3797 3796/4408/3796 
f 3713/4323/3713 3796/4408/3796 3711/4320/3711 
f 3713/4323/3713 3714/4324/3714 3797/4407/3797 
f 3714/4324/3714 3798/4409/3798 3797/4407/3797 
f 3799/4410/3799 3795/4405/3795 3794/4404/3794 
f 3799/4410/3799 3794/4404/3794 3796/4406/3796 
f 3799/4410/3799 3800/4411/3800 3795/4405/3795 
f 3800/4411/3800 3793/4403/3793 3795/4405/3795 
f 3801/4412/3801 3792/4402/3792 3793/4403/3793 
f 3801/4412/3801 3793/4403/3793 3800/4411/3800 
f 3802/4413/3802 3791/4401/3791 3792/4402/3792 
f 3802/4413/3802 3792/4402/3792 3801/4412/3801 
f 3803/4414/3803 3790/4400/3790 3791/4401/3791 
f 3803/4414/3803 3791/4401/3791 3802/4413/3802 
f 3789/4399/3789 3790/4400/3790 3804/4415/3804 
f 3790/4400/3790 3803/4414/3803 3804/4415/3804 
f 3805/4416/3805 3788/4398/3788 3804/4415/3804 
f 3788/4398/3788 3789/4399/3789 3804/4415/3804 
f 3805/4416/3805 3806/4417/3806 3788/4398/3788 
f 3806/4417/3806 3763/4373/3763 3788/4398/3788 
f 3763/4373/3763 3806/4417/3806 3762/4372/3762 
f 3806/4417/3806 3807/4418/3807 3762/4372/3762 
f 3762/4372/3762 3807/4418/3807 3750/4360/3750 
f 3807/4418/3807 3808/4419/3808 3750/4360/3750 
f 3750/4360/3750 3808/4419/3808 3809/4420/3809 
f 3750/4360/3750 3809/4420/3809 3745/4355/3745 
f 3809/4420/3809 3810/4421/3810 3730/4340/3730 
f 3809/4420/3809 3730/4340/3730 3745/4355/3745 
f 3810/4421/3810 3811/4422/3811 3728/4338/3728 
f 3810/4421/3810 3728/4338/3728 3730/4340/3730 
f 3812/4423/3812 3739/4349/3739 3728/4338/3728 
f 3812/4423/3812 3728/4338/3728 3811/4422/3811 
f 3742/4352/3742 3739/4349/3739 3813/4424/3813 
f 3739/4349/3739 3812/4423/3812 3813/4424/3813 
f 3742/4352/3742 3813/4424/3813 3743/4353/3743 
f 3813/4424/3813 3814/4425/3814 3743/4353/3743 
f 3815/4426/3815 3811/4422/3811 3816/4427/3816 
f 3811/4422/3811 3810/4421/3810 3816/4427/3816 
f 3817/4428/3817 3812/4423/3812 3815/4426/3815 
f 3812/4423/3812 3811/4422/3811 3815/4426/3815 
f 3816/4427/3816 3810/4421/3810 3818/4429/3818 
f 3810/4421/3810 3809/4420/3809 3818/4429/3818 
f 3818/4429/3818 3809/4420/3809 3819/4430/3819 
f 3809/4420/3809 3808/4419/3808 3819/4430/3819 
f 3819/4430/3819 3808/4419/3808 3820/4431/3820 
f 3808/4419/3808 3807/4418/3807 3820/4431/3820 
f 3820/4431/3820 3807/4418/3807 3821/4432/3821 
f 3807/4418/3807 3806/4417/3806 3821/4432/3821 
f 3822/4433/3822 3823/4434/3823 3824/4435/3824 
f 3822/4433/3822 3824/4435/3824 3821/4432/3821 
f 3825/4436/3825 3826/4437/3826 3822/4433/3822 
f 3826/4437/3826 3823/4434/3823 3822/4433/3822 
f 3827/4438/3827 3828/4439/3828 3825/4436/3825 
f 3828/4439/3828 3826/4437/3826 3825/4436/3825 
f 3829/4440/3829 3830/4441/3830 3828/4439/3828 
f 3829/4440/3829 3828/4439/3828 3827/4438/3827 
f 3831/4442/3831 3832/4443/3832 3830/4441/3830 
f 3831/4442/3831 3830/4441/3830 3829/4440/3829 
f 3833/4444/3833 3834/4445/3834 3832/4443/3832 
f 3833/4444/3833 3832/4443/3832 3831/4442/3831 
f 3821/4432/3821 3824/4435/3824 3820/4431/3820 
f 3824/4435/3824 3835/4446/3835 3820/4431/3820 
f 3821/4432/3821 3806/4417/3806 3822/4433/3822 
f 3806/4417/3806 3805/4416/3805 3822/4433/3822 
f 3822/4433/3822 3805/4416/3805 3825/4436/3825 
f 3805/4416/3805 3804/4415/3804 3825/4436/3825 
f 3825/4436/3825 3804/4415/3804 3827/4438/3827 
f 3804/4415/3804 3803/4414/3803 3827/4438/3827 
f 3827/4438/3827 3803/4414/3803 3802/4413/3802 
f 3827/4438/3827 3802/4413/3802 3829/4440/3829 
f 3829/4440/3829 3802/4413/3802 3801/4412/3801 
f 3829/4440/3829 3801/4412/3801 3831/4442/3831 
f 3831/4442/3831 3801/4412/3801 3800/4411/3800 
f 3831/4442/3831 3800/4411/3800 3833/4444/3833 
f 3820/4431/3820 3835/4446/3835 3819/4430/3819 
f 3835/4446/3835 3836/4447/3836 3819/4430/3819 
f 3819/4430/3819 3836/4447/3836 3837/4448/3837 
f 3819/4430/3819 3837/4448/3837 3818/4429/3818 
f 3818/4429/3818 3837/4448/3837 3816/4427/3816 
f 3837/4448/3837 3838/4449/3838 3816/4427/3816 
f 3816/4427/3816 3838/4449/3838 3815/4426/3815 
f 3838/4449/3838 3839/4450/3839 3815/4426/3815 
f 3815/4426/3815 3839/4450/3839 3840/4451/3840 
f 3815/4426/3815 3840/4451/3840 3817/4428/3817 
f 3841/4452/3841 3833/4444/3833 3800/4411/3800 
f 3841/4452/3841 3800/4411/3800 3799/4410/3799 
f 3842/4453/3842 3834/4445/3834 3833/4444/3833 
f 3842/4453/3842 3833/4444/3833 3841/4452/3841 
f 3797/4454/3797 3841/4452/3841 3796/4406/3796 
f 3841/4452/3841 3799/4410/3799 3796/4406/3796 
f 3798/4455/3798 3842/4453/3842 3797/4454/3797 
f 3842/4453/3842 3841/4452/3841 3797/4454/3797 
f 3843/4456/3843 3828/4439/3828 3830/4441/3830 
f 3843/4456/3843 3830/4441/3830 3844/4457/3844 
f 3845/4458/3845 3826/4437/3826 3828/4439/3828 
f 3845/4458/3845 3828/4439/3828 3843/4456/3843 
f 3826/4437/3826 3845/4458/3845 3846/4459/3846 
f 3826/4437/3826 3846/4459/3846 3823/4434/3823 
f 3823/4434/3823 3846/4459/3846 3847/4460/3847 
f 3823/4434/3823 3847/4460/3847 3824/4435/3824 
f 3847/4460/3847 3848/4461/3848 3824/4435/3824 
f 3848/4461/3848 3835/4446/3835 3824/4435/3824 
f 3849/4462/3849 3836/4447/3836 3848/4461/3848 
f 3836/4447/3836 3835/4446/3835 3848/4461/3848 
f 3849/4462/3849 3850/4463/3850 3837/4448/3837 
f 3849/4462/3849 3837/4448/3837 3836/4447/3836 
f 3837/4448/3837 3850/4463/3850 3838/4449/3838 
f 3850/4463/3850 3851/4464/3851 3838/4449/3838 
f 3852/4465/3852 3839/4450/3839 3851/4464/3851 
f 3839/4450/3839 3838/4449/3838 3851/4464/3851 
f 3853/4466/3853 3840/4451/3840 3852/4465/3852 
f 3840/4451/3840 3839/4450/3839 3852/4465/3852 
f 3817/4428/3817 3854/4467/3854 3813/4424/3813 
f 3817/4428/3817 3813/4424/3813 3812/4423/3812 
f 3855/4468/3855 3854/4467/3854 3817/4428/3817 
f 3855/4468/3855 3817/4428/3817 3840/4451/3840 
f 3853/4466/3853 3856/4469/3856 3855/4468/3855 
f 3853/4466/3853 3855/4468/3855 3840/4451/3840 
f 3854/4467/3854 3814/4425/3814 3813/4424/3813 
f 3855/4468/3855 3857/4470/3857 3854/4467/3854 
f 3857/4470/3857 3814/4425/3814 3854/4467/3854 
f 3858/4471/3858 3857/4470/3857 3856/4469/3856 
f 3857/4470/3857 3855/4468/3855 3856/4469/3856 
f 3832/4443/3832 3859/4472/3859 3844/4457/3844 
f 3832/4443/3832 3844/4457/3844 3830/4441/3830 
f 3832/4443/3832 3834/4445/3834 3859/4472/3859 
f 3834/4445/3834 3860/4473/3860 3859/4472/3859 
f 3860/4473/3860 3834/4445/3834 3842/4453/3842 
f 3860/4473/3860 3842/4453/3842 3861/4474/3861 
f 3862/4475/3862 3861/4474/3861 3842/4453/3842 
f 3862/4475/3862 3842/4453/3842 3798/4455/3798 
f 3863/4476/3863 3846/4459/3846 3845/4458/3845 
f 3863/4476/3863 3845/4458/3845 3864/4477/3864 
f 3847/4460/3847 3846/4459/3846 3863/4476/3863 
f 3847/4460/3847 3863/4476/3863 3865/4478/3865 
f 3865/4478/3865 3866/4479/3866 3847/4460/3847 
f 3866/4479/3866 3848/4461/3848 3847/4460/3847 
f 3849/4462/3849 3848/4461/3848 3866/4479/3866 
f 3849/4462/3849 3866/4479/3866 3867/4480/3867 
f 3867/4480/3867 3868/4481/3868 3850/4463/3850 
f 3867/4480/3867 3850/4463/3850 3849/4462/3849 
f 3869/4482/3869 3851/4464/3851 3850/4463/3850 
f 3869/4482/3869 3850/4463/3850 3868/4481/3868 
f 3870/4483/3870 3867/4480/3867 3871/4484/3871 
f 3867/4480/3867 3866/4479/3866 3871/4484/3871 
f 3872/4485/3872 3863/4476/3863 3864/4477/3864 
f 3872/4485/3872 3864/4477/3864 3873/4486/3873 
f 3874/4487/3874 3865/4478/3865 3872/4485/3872 
f 3865/4478/3865 3863/4476/3863 3872/4485/3872 
f 3871/4484/3871 3866/4479/3866 3874/4487/3874 
f 3866/4479/3866 3865/4478/3865 3874/4487/3874 
f 3875/4488/3875 3695/4489/3695 3876/4490/3876 
f 3695/4489/3695 3696/4491/3696 3876/4490/3876 
f 3877/4492/3877 3694/4301/3694 3875/4488/3875 
f 3694/4301/3694 3695/4489/3695 3875/4488/3875 
f 3878/4493/3878 3692/4299/3692 3877/4492/3877 
f 3692/4299/3692 3694/4301/3694 3877/4492/3877 
f 3879/4494/3879 3880/4495/3880 3876/4490/3876 
f 3880/4495/3880 3881/4496/3881 3876/4490/3876 
f 3882/4497/3882 3883/4498/3883 3879/4494/3879 
f 3883/4498/3883 3880/4495/3880 3879/4494/3879 
f 3884/4499/3884 3885/4500/3885 3716/4326/3716 
f 3885/4500/3885 3717/4327/3717 3716/4326/3716 
f 3857/4501/3857 3858/4502/3858 3814/4503/3814 
f 3858/4502/3858 3883/4498/3883 3814/4503/3814 
f 3814/4503/3814 3883/4498/3883 3882/4497/3882 
f 3814/4503/3814 3882/4497/3882 3743/4504/3743 
f 3693/4300/3693 3692/4299/3692 3878/4493/3878 
f 3886/4505/3886 3864/4477/3864 3843/4456/3843 
f 3864/4477/3864 3845/4458/3845 3843/4456/3843 
f 3873/4486/3873 3864/4477/3864 3887/4506/3887 
f 3864/4477/3864 3886/4505/3886 3887/4506/3887 
f 3888/4507/3888 3884/4499/3884 3889/4508/3889 
f 3888/4507/3888 3889/4508/3889 3890/4509/3890 
f 3891/4510/3891 3892/4511/3892 3859/4472/3859 
f 3892/4511/3892 3844/4457/3844 3859/4472/3859 
f 3893/4512/3893 3891/4510/3891 3860/4473/3860 
f 3891/4510/3891 3859/4472/3859 3860/4473/3860 
f 3894/4513/3894 3885/4500/3885 3888/4507/3888 
f 3885/4500/3885 3884/4499/3884 3888/4507/3888 
f 3861/4474/3861 3895/4514/3895 3893/4512/3893 
f 3861/4474/3861 3893/4512/3893 3860/4473/3860 
f 3896/4515/3896 3897/4516/3897 3885/4500/3885 
f 3896/4515/3896 3885/4500/3885 3894/4513/3894 
f 3890/4509/3890 3889/4508/3889 3887/4506/3887 
f 3889/4508/3889 3898/4517/3898 3887/4506/3887 
f 3890/4509/3890 3892/4511/3892 3891/4510/3891 
f 3890/4509/3890 3891/4510/3891 3888/4507/3888 
f 3899/4518/3899 3717/4327/3717 3897/4516/3897 
f 3717/4327/3717 3885/4500/3885 3897/4516/3897 
f 3887/4506/3887 3886/4505/3886 3890/4509/3890 
f 3886/4505/3886 3892/4511/3892 3890/4509/3890 
f 3843/4456/3843 3844/4457/3844 3886/4505/3886 
f 3844/4457/3844 3892/4511/3892 3886/4505/3886 
f 3900/4519/3900 3868/4481/3868 3870/4483/3870 
f 3868/4481/3868 3867/4480/3867 3870/4483/3870 
f 3901/4520/3901 3902/4521/3902 3903/4522/3903 
f 3901/4520/3901 3903/4522/3903 3881/4496/3881 
f 3904/4523/3904 3903/4522/3903 3902/4521/3902 
f 3904/4523/3904 3902/4521/3902 3905/4524/3905 
f 3904/4523/3904 3905/4524/3905 3906/4525/3906 
f 3905/4524/3905 3907/4526/3907 3906/4525/3906 
f 3908/4527/3908 3906/4525/3906 3907/4526/3907 
f 3908/4527/3908 3907/4526/3907 3909/4528/3909 
f 3880/4495/3880 3910/4529/3910 3901/4520/3901 
f 3880/4495/3880 3901/4520/3901 3881/4496/3881 
f 3883/4498/3883 3858/4502/3858 3910/4529/3910 
f 3883/4498/3883 3910/4529/3910 3880/4495/3880 
f 3851/4464/3851 3869/4482/3869 3911/4530/3911 
f 3851/4464/3851 3911/4530/3911 3852/4465/3852 
f 3853/4466/3853 3852/4465/3852 3911/4530/3911 
f 3853/4466/3853 3911/4530/3911 3912/4531/3912 
f 3913/4532/3913 3856/4469/3856 3912/4531/3912 
f 3856/4469/3856 3853/4466/3853 3912/4531/3912 
f 3858/4471/3858 3856/4469/3856 3913/4532/3913 
f 3913/4533/3913 3914/4534/3914 3910/4529/3910 
f 3913/4533/3913 3910/4529/3910 3858/4502/3858 
f 3915/4535/3915 3901/4520/3901 3910/4529/3910 
f 3915/4535/3915 3910/4529/3910 3914/4534/3914 
f 3915/4535/3915 3916/4536/3916 3901/4520/3901 
f 3916/4536/3916 3902/4521/3902 3901/4520/3901 
f 3916/4536/3916 3917/4537/3917 3905/4524/3905 
f 3916/4536/3916 3905/4524/3905 3902/4521/3902 
f 3907/4526/3907 3905/4524/3905 3917/4537/3917 
f 3907/4526/3907 3917/4537/3917 3909/4528/3909 
f 3918/4538/3918 3914/4534/3914 3913/4533/3913 
f 3918/4538/3918 3913/4533/3913 3912/4539/3912 
f 3918/4538/3918 3919/4540/3919 3914/4534/3914 
f 3919/4540/3919 3915/4535/3915 3914/4534/3914 
f 3915/4535/3915 3919/4540/3919 3920/4541/3920 
f 3915/4535/3915 3920/4541/3920 3916/4536/3916 
f 3921/4542/3921 3917/4537/3917 3920/4541/3920 
f 3917/4537/3917 3916/4536/3916 3920/4541/3920 
f 3917/4537/3917 3921/4542/3921 3922/4543/3922 
f 3917/4537/3917 3922/4543/3922 3909/4528/3909 
f 3923/4544/3923 3918/4538/3918 3912/4539/3912 
f 3923/4544/3923 3912/4539/3912 3911/4545/3911 
f 3924/4546/3924 3923/4544/3923 3869/4547/3869 
f 3923/4544/3923 3911/4545/3911 3869/4547/3869 
f 3918/4538/3918 3923/4544/3923 3919/4540/3919 
f 3923/4544/3923 3925/4548/3925 3919/4540/3919 
f 3919/4540/3919 3925/4548/3925 3926/4549/3926 
f 3919/4540/3919 3926/4549/3926 3920/4541/3920 
f 3921/4542/3921 3920/4541/3920 3927/4550/3927 
f 3920/4541/3920 3926/4549/3926 3927/4550/3927 
f 3928/4551/3928 3922/4543/3922 3927/4550/3927 
f 3922/4543/3922 3921/4542/3921 3927/4550/3927 
f 3924/4546/3924 3929/4552/3929 3925/4548/3925 
f 3924/4546/3924 3925/4548/3925 3923/4544/3923 
f 3930/4553/3930 3926/4549/3926 3929/4552/3929 
f 3926/4549/3926 3925/4548/3925 3929/4552/3929 
f 3930/4553/3930 3931/4554/3931 3926/4549/3926 
f 3931/4554/3931 3927/4550/3927 3926/4549/3926 
f 3868/4555/3868 3924/4546/3924 3869/4547/3869 
f 3929/4552/3929 3924/4546/3924 3900/4556/3900 
f 3924/4546/3924 3868/4555/3868 3900/4556/3900 
f 3900/4556/3900 3932/4557/3932 3929/4552/3929 
f 3932/4557/3932 3930/4553/3930 3929/4552/3929 
f 3933/4558/3933 3931/4554/3931 3932/4557/3932 
f 3931/4554/3931 3930/4553/3930 3932/4557/3932 
f 3928/4551/3928 3927/4550/3927 3933/4558/3933 
f 3927/4550/3927 3931/4554/3931 3933/4558/3933 
f 3876/4490/3876 3881/4496/3881 3875/4488/3875 
f 3881/4496/3881 3903/4522/3903 3875/4488/3875 
f 3876/4490/3876 3696/4491/3696 3879/4494/3879 
f 3696/4491/3696 3697/4559/3697 3879/4494/3879 
f 3879/4494/3879 3697/4559/3697 3882/4497/3882 
f 3697/4559/3697 3743/4504/3743 3882/4497/3882 
f 3875/4488/3875 3903/4522/3903 3877/4492/3877 
f 3903/4522/3903 3904/4523/3904 3877/4492/3877 
f 3877/4492/3877 3904/4523/3904 3906/4525/3906 
f 3877/4492/3877 3906/4525/3906 3878/4493/3878 
f 3878/4493/3878 3906/4525/3906 3908/4527/3908 
f 3878/4493/3878 3908/4527/3908 3693/4300/3693 
f 3884/4499/3884 3716/4326/3716 3726/4336/3726 
f 3884/4499/3884 3726/4336/3726 3889/4508/3889 
f 3898/4517/3898 3889/4508/3889 3726/4336/3726 
f 3898/4517/3898 3726/4336/3726 3720/4330/3720 
f 3720/4330/3720 3722/4332/3722 3898/4517/3898 
f 3722/4332/3722 3934/4560/3934 3898/4517/3898 
f 3722/4332/3722 3688/4295/3688 3935/4561/3935 
f 3722/4332/3722 3935/4561/3935 3934/4560/3934 
f 3935/4561/3935 3688/4295/3688 3936/4562/3936 
f 3688/4295/3688 3666/4270/3666 3936/4562/3936 
f 3667/4271/3667 3937/4563/3937 3936/4562/3936 
f 3667/4271/3667 3936/4562/3936 3666/4270/3666 
f 3667/4271/3667 3725/4335/3725 3938/4564/3938 
f 3667/4271/3667 3938/4564/3938 3937/4563/3937 
f 3938/4564/3938 3725/4335/3725 3939/4565/3939 
f 3725/4335/3725 3940/4566/3940 3939/4565/3939 
f 3887/4506/3887 3898/4517/3898 3873/4486/3873 
f 3898/4517/3898 3934/4560/3934 3873/4486/3873 
f 3873/4486/3873 3934/4560/3934 3872/4485/3872 
f 3934/4560/3934 3935/4561/3935 3872/4485/3872 
f 3872/4485/3872 3935/4561/3935 3874/4487/3874 
f 3935/4561/3935 3936/4562/3936 3874/4487/3874 
f 3874/4487/3874 3936/4562/3936 3871/4484/3871 
f 3936/4562/3936 3937/4563/3937 3871/4484/3871 
f 3871/4484/3871 3937/4563/3937 3870/4483/3870 
f 3937/4563/3937 3938/4564/3938 3870/4483/3870 
f 3870/4483/3870 3938/4564/3938 3939/4565/3939 
f 3870/4483/3870 3939/4565/3939 3900/4519/3900 
f 3888/4507/3888 3891/4510/3891 3893/4512/3893 
f 3888/4507/3888 3893/4512/3893 3894/4513/3894 
f 3894/4513/3894 3893/4512/3893 3895/4514/3895 
f 3894/4513/3894 3895/4514/3895 3896/4515/3896 
f 3900/4556/3900 3939/4567/3939 3933/4558/3933 
f 3900/4556/3900 3933/4558/3933 3932/4557/3932 
f 3933/4558/3933 3939/4567/3939 3928/4551/3928 
f 3939/4567/3939 3940/4568/3940 3928/4551/3928 
f 3861/4474/3861 3862/4475/3862 3895/4514/3895 
f 3862/4475/3862 3896/4515/3896 3895/4514/3895 
f 3798/4455/3798 3897/4516/3897 3862/4475/3862 
f 3897/4516/3897 3896/4515/3896 3862/4475/3862 
f 3897/4516/3897 3798/4455/3798 3899/4518/3899 
f 3798/4455/3798 3714/4569/3714 3899/4518/3899 
f 3941/4570/3941 3940/4566/3940 3725/4335/3725 
f 3941/4570/3941 3725/4335/3725 3724/4334/3724 
f 3940/4568/3940 3941/4571/3941 3942/4572/3942 
f 3940/4568/3940 3942/4572/3942 3928/4551/3928 
f 3922/4543/3922 3928/4551/3928 3909/4528/3909 
f 3928/4551/3928 3942/4572/3942 3909/4528/3909 
f 3908/4527/3908 3909/4528/3909 3942/4572/3942 
f 3908/4527/3908 3942/4572/3942 3693/4300/3693 
f 3941/4571/3941 3669/4273/3669 3942/4572/3942 
f 3669/4273/3669 3693/4300/3693 3942/4572/3942 
f 3724/4573/3724 3665/4574/3665 3663/4267/3663 
f 3665/4574/3665 3691/4298/3691 3663/4267/3663 
f 3715/4575/3715 3718/4328/3718 3899/4518/3899 
f 3718/4328/3718 3717/4327/3717 3899/4518/3899 
f 3899/4518/3899 3714/4569/3714 3715/4575/3715 
f 3691/4298/3691 3664/4576/3664 3689/4577/3689 
f 3654/4248/3654 3655/4250/3655 3690/4297/3690 
f 3654/4248/3654 3690/4297/3690 3687/4294/3687 
f 3691/4298/3691 3689/4577/3689 3723/4578/3723 
f 3691/4298/3691 3723/4578/3723 3690/4297/3690 
f 3690/4297/3690 3723/4578/3723 3721/4579/3721 
f 3690/4297/3690 3721/4579/3721 3727/4580/3727 
f 3687/4294/3687 3690/4297/3690 3719/4581/3719 
f 3690/4297/3690 3727/4580/3727 3719/4581/3719 
f 3719/4581/3719 3718/4582/3718 3687/4294/3687 
f 3718/4582/3718 3715/4325/3715 3687/4294/3687 
f 3691/4298/3691 3665/4574/3665 3664/4576/3664 
f 3941/4571/3941 3724/4573/3724 3663/4267/3663 
f 3941/4571/3941 3663/4267/3663 3662/4266/3662 
f 3941/4571/3941 3662/4266/3662 3669/4273/3669 
f 3943/4583/3943 3944/4584/3944 3945/4585/3945 
f 3944/4584/3944 3946/4586/3946 3945/4585/3945 
f 3946/4586/3946 3944/4584/3944 3947/4587/3947 
f 3944/4584/3944 3948/4588/3948 3947/4587/3947 
f 3949/4589/3949 3950/4590/3950 3948/4588/3948 
f 3950/4590/3950 3947/4587/3947 3948/4588/3948 
f 3951/4591/3951 3952/4592/3952 3950/4590/3950 
f 3951/4591/3951 3950/4590/3950 3949/4589/3949 
f 3953/4593/3953 3944/4584/3944 3943/4583/3943 
f 3953/4593/3953 3943/4583/3943 3954/4594/3954 
f 3955/4595/3955 3948/4588/3948 3944/4584/3944 
f 3955/4595/3955 3944/4584/3944 3953/4593/3953 
f 3956/4596/3956 3949/4589/3949 3948/4588/3948 
f 3956/4596/3956 3948/4588/3948 3955/4595/3955 
f 3949/4589/3949 3956/4596/3956 3957/4597/3957 
f 3949/4589/3949 3957/4597/3957 3951/4591/3951 
f 3946/4586/3946 3958/4598/3958 3945/4585/3945 
f 3958/4598/3958 3959/4599/3959 3945/4585/3945 
f 3958/4598/3958 3946/4586/3946 3947/4587/3947 
f 3958/4598/3958 3947/4587/3947 3960/4600/3960 
f 3961/4601/3961 3960/4600/3960 3947/4587/3947 
f 3961/4601/3961 3947/4587/3947 3950/4590/3950 
f 3952/4592/3952 3962/4602/3962 3950/4590/3950 
f 3962/4602/3962 3961/4601/3961 3950/4590/3950 
f 3945/4585/3945 3963/4603/3963 3964/4604/3964 
f 3945/4585/3945 3964/4604/3964 3943/4583/3943 
f 3965/4605/3965 3966/4606/3966 3964/4604/3964 
f 3965/4605/3965 3964/4604/3964 3963/4603/3963 
f 3966/4606/3966 3965/4605/3965 3967/4607/3967 
f 3966/4606/3966 3967/4607/3967 3968/4608/3968 
f 3969/4609/3969 3970/4610/3970 3967/4607/3967 
f 3970/4610/3970 3968/4608/3968 3967/4607/3967 
f 3954/4594/3954 3943/4583/3943 3971/4611/3971 
f 3943/4583/3943 3964/4604/3964 3971/4611/3971 
f 3971/4611/3971 3964/4604/3964 3972/4612/3972 
f 3964/4604/3964 3966/4606/3966 3972/4612/3972 
f 3972/4612/3972 3966/4606/3966 3973/4613/3973 
f 3966/4606/3966 3968/4608/3968 3973/4613/3973 
f 3970/4610/3970 3974/4614/3974 3968/4608/3968 
f 3974/4614/3974 3973/4613/3973 3968/4608/3968 
f 3945/4585/3945 3959/4599/3959 3975/4615/3975 
f 3945/4585/3945 3975/4615/3975 3963/4603/3963 
f 3976/4616/3976 3965/4605/3965 3975/4615/3975 
f 3965/4605/3965 3963/4603/3963 3975/4615/3975 
f 3967/4607/3967 3965/4605/3965 3977/4617/3977 
f 3965/4605/3965 3976/4616/3976 3977/4617/3977 
f 3967/4607/3967 3977/4617/3977 3978/4618/3978 
f 3967/4607/3967 3978/4618/3978 3969/4609/3969 
f 3959/4599/3959 3958/4598/3958 3979/4619/3979 
f 3959/4599/3959 3979/4619/3979 3980/4620/3980 
f 3958/4598/3958 3960/4600/3960 3979/4619/3979 
f 3960/4600/3960 3981/4621/3981 3979/4619/3979 
f 3960/4600/3960 3961/4601/3961 3982/4622/3982 
f 3960/4600/3960 3982/4622/3982 3981/4621/3981 
f 3961/4601/3961 3962/4602/3962 3982/4622/3982 
f 3962/4602/3962 3983/4623/3983 3982/4622/3982 
f 3975/4615/3975 3959/4599/3959 3984/4624/3984 
f 3959/4599/3959 3980/4620/3980 3984/4624/3984 
f 3976/4616/3976 3975/4615/3975 3985/4625/3985 
f 3975/4615/3975 3984/4624/3984 3985/4625/3985 
f 3977/4617/3977 3976/4616/3976 3986/4626/3986 
f 3976/4616/3976 3985/4625/3985 3986/4626/3986 
f 3987/4627/3987 3978/4618/3978 3986/4626/3986 
f 3978/4618/3978 3977/4617/3977 3986/4626/3986 
f 3951/4591/3951 3957/4597/3957 3988/4628/3988 
f 3951/4591/3951 3988/4628/3988 3989/4629/3989 
f 3990/4630/3990 3952/4592/3952 3989/4629/3989 
f 3952/4592/3952 3951/4591/3951 3989/4629/3989 
f 3990/4630/3990 3991/4631/3991 3962/4602/3962 
f 3990/4630/3990 3962/4602/3962 3952/4592/3952 
f 3983/4623/3983 3962/4602/3962 3991/4631/3991 
f 3983/4623/3983 3991/4631/3991 3992/4632/3992 
f 3993/4633/3993 3978/4618/3978 3987/4627/3987 
f 3993/4633/3993 3987/4627/3987 3994/4634/3994 
f 3969/4609/3969 3978/4618/3978 3995/4635/3995 
f 3978/4618/3978 3993/4633/3993 3995/4635/3995 
f 3996/4636/3996 3970/4610/3970 3969/4609/3969 
f 3996/4636/3996 3969/4609/3969 3995/4635/3995 
f 3996/4636/3996 3997/4637/3997 3970/4610/3970 
f 3997/4637/3997 3974/4614/3974 3970/4610/3970 
# 0 polygons - 7844 triangles

#
# object polySurface18_0
#

v  64.1536 73.2777 20.6559
v  62.2977 79.1212 18.0583
v  62.4348 72.6386 20.6900
v  60.5235 78.6679 18.0103
v  62.8969 79.1395 17.7644
v  62.3781 78.8721 17.4403
v  60.6039 78.4187 17.3923
v  59.5281 78.2787 17.6733
v  64.2340 73.0285 20.0379
v  62.5152 72.3894 20.0720
v  71.4019 43.2715 32.9686
v  72.0216 42.3650 33.7792
v  69.7871 41.6592 33.4087
v  69.2402 38.1805 35.1046
v  61.6073 71.7133 20.5909
v  64.8136 73.1116 20.4443
v  71.3215 43.5207 33.5866
v  69.7067 41.9084 34.0267
v  70.4384 49.6128 31.0154
v  68.8512 48.2074 31.3756
v  68.3079 45.0390 32.2179
v  68.9316 47.9583 30.7575
v  70.5188 49.3636 30.3974
v  71.1814 48.6680 31.1285
v  69.2943 55.6382 28.4371
v  67.6262 54.4121 28.7144
v  66.9835 51.7972 29.3207
v  67.7066 54.1629 28.0964
v  69.3746 55.3890 27.8190
v  70.0584 54.8987 28.4701
v  67.7632 61.5647 25.8483
v  66.1247 60.5461 26.0458
v  65.5290 58.5222 26.4199
v  66.2051 60.2969 25.4278
v  67.8436 61.3155 25.2302
v  68.5204 61.0234 25.8005
v  66.0748 67.4509 23.2552
v  64.4046 66.6243 23.3713
v  63.7177 65.1560 23.5095
v  64.4850 66.3751 22.7533
v  66.1552 67.2017 22.6372
v  66.7879 67.0984 23.1257
v  64.6221 71.8263 17.0461
v  62.7332 77.7711 14.7159
v  62.9044 71.1840 17.0718
v  60.9589 77.3177 14.6679
v  63.3291 77.8025 14.4167
v  62.8072 77.5482 14.0872
v  61.0329 77.0948 14.0392
v  59.9603 76.9417 14.3255
v  64.6961 71.6034 16.4174
v  62.9783 70.9610 16.4430
v  72.0295 41.3402 28.0113
v  72.6587 40.4012 28.7765
v  70.4211 39.7086 28.4006
v  69.8955 36.1611 29.9549
v  62.0767 70.2626 16.9429
v  65.2800 71.6701 16.8207
v  71.9555 41.5631 28.6400
v  70.3471 39.9315 29.0293
v  71.0394 47.7564 26.3361
v  69.4574 46.3350 26.6540
v  68.9261 43.1333 27.3685
v  69.5314 46.1121 26.0253
v  71.1134 47.5335 25.7074
v  71.7844 46.8087 26.4016
v  69.8621 53.8830 24.0252
v  68.1982 52.6441 24.2687
v  67.5645 50.0053 24.7716
v  68.2722 52.4212 23.6400
v  69.9361 53.6601 23.3965
v  70.6272 53.1439 24.0191
v  68.2980 59.9108 21.7038
v  66.6626 58.8826 21.8759
v  66.0728 56.8439 22.1712
v  66.7366 58.6597 21.2472
v  68.3720 59.6878 21.0750
v  69.0551 59.3730 21.6253
v  66.5764 65.8983 19.3781
v  64.9083 65.0652 19.4772
v  64.2243 63.5915 19.5611
v  64.9823 64.8423 18.8485
v  66.6504 65.6753 18.7494
v  67.2885 65.5524 19.2263
v  64.9824 70.8108 13.3213
v  63.0447 76.8986 11.4445
v  63.2662 70.1639 13.3326
v  61.2704 76.4452 11.3965
v  63.6351 76.9522 11.1377
v  63.1077 76.7201 10.8006
v  61.3334 76.2668 10.7525
v  60.2663 76.0914 11.0465
v  65.0454 70.6324 12.6774
v  63.3292 69.9855 12.6887
v  72.6229 39.6541 22.0043
v  73.2668 38.6658 22.6910
v  71.0237 37.9954 22.3075
v  70.5305 34.3471 23.6201
v  62.4376 69.2517 13.1546
v  65.6364 70.6723 13.0739
v  72.5599 39.8326 22.6483
v  70.9607 38.1738 22.9515
v  71.5949 46.1689 20.7978
v  70.0207 44.7249 21.0439
v  69.5062 41.4799 21.5431
v  70.0837 44.5464 20.3999
v  71.6579 45.9904 20.1538
v  72.3422 45.2208 20.7839
v  70.3688 52.4385 18.9402
v  68.7111 51.1815 19.1263
v  68.0898 48.5124 19.4554
v  68.7741 51.0030 18.4824
v  70.4319 52.2600 18.2963
v  71.1347 51.7035 18.8691
v  68.7559 58.6092 17.0722
v  67.1251 57.5675 17.2013
v  66.5433 55.5118 17.3643
v  67.1881 57.3890 16.5573
v  68.8189 58.4308 16.4282
v  69.5121 58.0801 16.9431
v  66.9855 64.7398 15.1999
v  65.3205 63.8976 15.2704
v  64.6399 62.4199 15.2635
v  65.3836 63.7192 14.6264
v  67.0485 64.5613 14.5560
v  67.6952 64.4071 15.0118
# 126 vertices

vn 0.1834 0.8748 -0.4484
vn -0.0264 0.7288 -0.6842
vn -0.2423 0.9129 -0.3285
vn -0.3417 0.3645 -0.8663
vn 0.2274 -0.3386 -0.9130
vn 0.2215 -0.9615 -0.1625
vn -0.1032 -0.9802 -0.1687
vn -0.6966 -0.3444 -0.6294
vn 0.3636 -0.8889 0.2786
vn -0.0258 -0.9103 0.4132
vn 0.3662 -0.8595 0.3565
vn 0.9640 0.1973 0.1783
vn 0.0605 -0.8950 0.4420
vn -0.7097 0.1821 0.6806
vn -0.9518 -0.0002 0.3066
vn 0.9511 -0.0009 -0.3090
vn 0.1344 0.9224 -0.3620
vn -0.1779 0.9381 -0.2971
vn 0.1407 0.9021 -0.4080
vn -0.2635 0.9032 -0.3387
vn -0.9828 -0.0571 0.1754
vn -0.0266 -0.9180 0.3956
vn 0.3720 -0.8754 0.3087
vn 0.9830 0.0576 -0.1744
vn 0.1360 0.8970 -0.4206
vn -0.2576 0.9064 -0.3347
vn -0.9757 -0.0401 0.2154
vn -0.0206 -0.9162 0.4002
vn 0.3674 -0.8815 0.2965
vn 0.9750 0.0387 -0.2186
vn 0.1326 0.8935 -0.4291
vn -0.2628 0.9076 -0.3274
vn -0.9683 -0.0257 0.2486
vn -0.0259 -0.9132 0.4068
vn 0.3640 -0.8857 0.2882
vn 0.9644 0.0191 -0.2637
vn 0.1329 0.8896 -0.4370
vn -0.2615 0.9098 -0.3224
vn -0.9586 -0.0099 0.2847
vn -0.0247 -0.9110 0.4118
vn 0.3642 -0.8883 0.2798
vn 0.9569 0.0074 -0.2905
vn 0.1923 0.8909 -0.4115
vn -0.0192 0.7571 -0.6530
vn -0.2328 0.9284 -0.2896
vn -0.3385 0.4042 -0.8497
vn 0.2229 -0.3024 -0.9268
vn 0.2110 -0.9562 -0.2029
vn -0.1139 -0.9711 -0.2095
vn -0.7008 -0.3102 -0.6423
vn 0.3543 -0.9036 0.2406
vn -0.0352 -0.9265 0.3747
vn 0.3573 -0.8776 0.3197
vn 0.9662 0.1793 0.1851
vn 0.0513 -0.9133 0.4040
vn -0.7071 0.1610 0.6886
vn -0.9515 -0.0029 0.3076
vn 0.9507 0.0019 -0.3101
vn 0.1440 0.9353 -0.3232
vn -0.1681 0.9516 -0.2573
vn 0.1501 0.9168 -0.3700
vn -0.2541 0.9194 -0.3002
vn -0.9832 -0.0539 0.1742
vn -0.0361 -0.9335 0.3568
vn 0.3628 -0.8915 0.2712
vn 0.9834 0.0543 -0.1731
vn 0.1453 0.9123 -0.3828
vn -0.2482 0.9224 -0.2961
vn -0.9759 -0.0386 0.2148
vn -0.0300 -0.9319 0.3614
vn 0.3582 -0.8971 0.2588
vn 0.9752 0.0374 -0.2181
vn 0.1418 0.9092 -0.3915
vn -0.2533 0.9233 -0.2887
vn -0.9683 -0.0258 0.2486
vn -0.0353 -0.9291 0.3682
vn 0.3548 -0.9008 0.2503
vn 0.9643 0.0199 -0.2640
vn 0.1421 0.9056 -0.3995
vn -0.2521 0.9252 -0.2836
vn -0.9584 -0.0116 0.2853
vn -0.0341 -0.9271 0.3732
vn 0.3549 -0.9031 0.2418
vn 0.9566 0.0093 -0.2912
vn 0.2077 0.9138 -0.3490
vn -0.0065 0.8010 -0.5987
vn -0.2165 0.9503 -0.2237
vn -0.3323 0.4683 -0.8187
vn 0.2163 -0.2410 -0.9461
vn 0.1937 -0.9433 -0.2695
vn -0.1315 -0.9520 -0.2763
vn -0.7071 -0.2523 -0.6606
vn 0.3384 -0.9243 0.1762
vn -0.0512 -0.9495 0.3094
vn 0.3420 -0.9039 0.2569
vn 0.9695 0.1489 0.1947
vn 0.0355 -0.9400 0.3393
vn -0.7032 0.1251 0.6999
vn -0.9510 -0.0074 0.3090
vn 0.9502 0.0066 -0.3116
vn 0.1603 0.9529 -0.2577
vn -0.1514 0.9700 -0.1900
vn 0.1659 0.9376 -0.3057
vn -0.2380 0.9424 -0.2349
vn -0.9838 -0.0485 0.1725
vn -0.0523 -0.9553 0.2911
vn 0.3472 -0.9145 0.2076
vn 0.9840 0.0488 -0.1714
vn 0.1611 0.9340 -0.3188
vn -0.2321 0.9450 -0.2305
vn -0.9761 -0.0362 0.2141
vn -0.0462 -0.9541 0.2958
vn 0.3424 -0.9191 0.1948
vn 0.9754 0.0352 -0.2174
vn 0.1575 0.9316 -0.3276
vn -0.2371 0.9455 -0.2231
vn -0.9683 -0.0259 0.2486
vn -0.0514 -0.9517 0.3027
vn 0.3390 -0.9222 0.1862
vn 0.9642 0.0211 -0.2644
vn 0.1577 0.9286 -0.3359
vn -0.2359 0.9471 -0.2179
vn -0.9580 -0.0144 0.2862
vn -0.0502 -0.9501 0.3079
vn 0.3391 -0.9239 0.1775
vn 0.9563 0.0126 -0.2922
# 126 vertex normals

vt 0.4142 1.9122 0.0000
vt 0.4071 1.9366 0.0000
vt 0.4075 1.9099 0.0000
vt 0.4003 1.9350 0.0000
vt 0.4092 1.9378 0.0000
vt 0.4067 1.9386 0.0000
vt 0.3999 1.9370 0.0000
vt 0.3961 1.9348 0.0000
vt 0.4679 1.7723 0.0000
vt 0.4636 1.7975 0.0000
vt 0.4610 1.7707 0.0000
vt 0.4566 1.7967 0.0000
vt 0.4349 1.9217 0.0000
vt 0.4355 1.9269 0.0000
vt 0.4266 1.9248 0.0000
vt 0.4184 1.9373 0.0000
vt 0.4568 1.7698 0.0000
vt 0.4520 1.7981 0.0000
vt 0.4704 1.7729 0.0000
vt 0.4660 1.7989 0.0000
vt 0.4039 1.9067 0.0000
vt 0.4474 1.7840 0.0000
vt 0.4445 1.7884 0.0000
vt 0.4385 1.7819 0.0000
vt 0.4369 1.7670 0.0000
vt 0.4169 1.9121 0.0000
vt 0.4403 1.8136 0.0000
vt 0.4343 1.8079 0.0000
vt 0.4323 1.7954 0.0000
vt 0.4348 1.8997 0.0000
vt 0.4272 1.9099 0.0000
vt 0.4427 1.8973 0.0000
vt 0.4440 1.9018 0.0000
vt 0.4435 1.8102 0.0000
vt 0.4352 1.8386 0.0000
vt 0.4288 1.8337 0.0000
vt 0.4263 1.8235 0.0000
vt 0.4416 1.8743 0.0000
vt 0.4347 1.8823 0.0000
vt 0.4495 1.8727 0.0000
vt 0.4512 1.8764 0.0000
vt 0.4384 1.8361 0.0000
vt 0.4287 1.8633 0.0000
vt 0.4224 1.8593 0.0000
vt 0.4199 1.8514 0.0000
vt 0.4475 1.8486 0.0000
vt 0.4417 1.8545 0.0000
vt 0.4549 1.8478 0.0000
vt 0.4569 1.8508 0.0000
vt 0.4318 1.8616 0.0000
vt 0.4218 1.8879 0.0000
vt 0.4153 1.8847 0.0000
vt 0.4124 1.8792 0.0000
vt 0.4525 1.8228 0.0000
vt 0.4474 1.8264 0.0000
vt 0.4597 1.8228 0.0000
vt 0.4619 1.8249 0.0000
vt 0.4247 1.8869 0.0000
vt 0.5217 1.8961 0.0000
vt 0.5165 1.9209 0.0000
vt 0.5149 1.8943 0.0000
vt 0.5097 1.9199 0.0000
vt 0.5187 1.9220 0.0000
vt 0.5163 1.9230 0.0000
vt 0.5094 1.9219 0.0000
vt 0.5055 1.9201 0.0000
vt 0.4005 1.7652 0.0000
vt 0.3978 1.7906 0.0000
vt 0.3936 1.7640 0.0000
vt 0.3907 1.7902 0.0000
vt 0.3763 1.9162 0.0000
vt 0.3772 1.9214 0.0000
vt 0.3682 1.9198 0.0000
vt 0.3608 1.9328 0.0000
vt 0.3894 1.7633 0.0000
vt 0.3862 1.7918 0.0000
vt 0.4031 1.7656 0.0000
vt 0.4002 1.7918 0.0000
vt 0.5111 1.8914 0.0000
vt 0.5446 1.7657 0.0000
vt 0.5421 1.7703 0.0000
vt 0.5356 1.7642 0.0000
vt 0.5328 1.7495 0.0000
vt 0.5244 1.8958 0.0000
vt 0.5399 1.7958 0.0000
vt 0.5335 1.7906 0.0000
vt 0.5305 1.7782 0.0000
vt 0.3749 1.8942 0.0000
vt 0.3680 1.9049 0.0000
vt 0.3827 1.8914 0.0000
vt 0.3842 1.8958 0.0000
vt 0.5428 1.7921 0.0000
vt 0.5368 1.8211 0.0000
vt 0.5301 1.8167 0.0000
vt 0.5268 1.8067 0.0000
vt 0.3803 1.8685 0.0000
vt 0.3738 1.8769 0.0000
vt 0.3881 1.8665 0.0000
vt 0.3900 1.8701 0.0000
vt 0.5398 1.8183 0.0000
vt 0.5323 1.8462 0.0000
vt 0.5257 1.8427 0.0000
vt 0.5226 1.8351 0.0000
vt 0.3846 1.8425 0.0000
vt 0.3792 1.8487 0.0000
vt 0.3920 1.8413 0.0000
vt 0.3942 1.8441 0.0000
vt 0.5353 1.8442 0.0000
vt 0.5273 1.8712 0.0000
vt 0.5207 1.8686 0.0000
vt 0.5173 1.8633 0.0000
vt 0.3881 1.8164 0.0000
vt 0.3833 1.8203 0.0000
vt 0.3953 1.8160 0.0000
vt 0.3976 1.8180 0.0000
vt 0.5302 1.8701 0.0000
vt 0.1673 1.0429 0.0000
vt 0.1926 1.0425 0.0000
vt 0.1670 1.0500 0.0000
vt 0.1932 1.0494 0.0000
vt 0.1932 1.0401 0.0000
vt 0.1946 1.0422 0.0000
vt 0.1952 1.0492 0.0000
vt 0.1942 1.0535 0.0000
vt 0.4871 1.7720 0.0000
vt 0.4834 1.7972 0.0000
vt 0.4802 1.7705 0.0000
vt 0.4764 1.7966 0.0000
vt 0.4573 1.9220 0.0000
vt 0.4580 1.9272 0.0000
vt 0.4490 1.9252 0.0000
vt 0.4411 1.9380 0.0000
vt 0.4760 1.7696 0.0000
vt 0.4718 1.7980 0.0000
vt 0.4896 1.7725 0.0000
vt 0.4858 1.7985 0.0000
vt 0.1650 1.0543 0.0000
vt 0.0350 1.0496 0.0000
vt 0.0400 1.0511 0.0000
vt 0.0356 1.0587 0.0000
vt 0.0219 1.0647 0.0000
vt 0.1664 1.0403 0.0000
vt 0.0654 1.0475 0.0000
vt 0.0617 1.0549 0.0000
vt 0.0504 1.0606 0.0000
vt 0.4567 1.9000 0.0000
vt 0.4493 1.9104 0.0000
vt 0.4645 1.8975 0.0000
vt 0.4659 1.9019 0.0000
vt 0.0612 1.0455 0.0000
vt 0.0908 1.0448 0.0000
vt 0.0880 1.0524 0.0000
vt 0.0789 1.0579 0.0000
vt 0.4630 1.8744 0.0000
vt 0.4562 1.8826 0.0000
vt 0.4708 1.8727 0.0000
vt 0.4726 1.8764 0.0000
vt 0.0874 1.0425 0.0000
vt 0.1162 1.0437 0.0000
vt 0.1143 1.0508 0.0000
vt 0.1075 1.0555 0.0000
vt 0.4683 1.8487 0.0000
vt 0.4627 1.8546 0.0000
vt 0.4757 1.8477 0.0000
vt 0.4778 1.8506 0.0000
vt 0.1137 1.0412 0.0000
vt 0.1417 1.0429 0.0000
vt 0.1406 1.0500 0.0000
vt 0.1362 1.0545 0.0000
vt 0.4728 1.8227 0.0000
vt 0.4678 1.8265 0.0000
vt 0.4799 1.8226 0.0000
vt 0.4822 1.8247 0.0000
vt 0.1400 1.0404 0.0000
# 174 texture coords

o polySurface18_0
g polySurface18_0
usemtl wire_204204204
s off
f 3998/4638/3998 3999/4639/3999 4000/4640/4000 
f 3999/4639/3999 4001/4641/4001 4000/4640/4000 
f 4002/4642/4002 4003/4643/4003 4004/4644/4004 
f 4002/4642/4002 4004/4644/4004 4005/4645/4005 
f 4003/4646/4003 4006/4647/4006 4004/4648/4004 
f 4006/4647/4006 4007/4649/4007 4004/4648/4004 
f 4008/4650/4008 4009/4651/4009 4010/4652/4010 
f 4009/4651/4009 4011/4653/4011 4010/4652/4010 
f 4005/4654/4005 4004/4648/4004 4007/4649/4007 
f 4005/4654/4005 4007/4649/4007 4012/4655/4012 
f 4006/4647/4006 4003/4646/4003 4002/4656/4002 
f 4006/4647/4006 4002/4656/4002 4013/4657/4013 
f 3999/4639/3999 4002/4642/4002 4001/4641/4001 
f 4002/4642/4002 4005/4645/4005 4001/4641/4001 
f 4000/4640/4000 4001/4641/4001 4005/4645/4005 
f 4000/4640/4000 4005/4645/4005 4012/4658/4012 
f 4009/4659/4009 4014/4660/4014 4015/4661/4015 
f 4009/4659/4009 4015/4661/4015 4011/4662/4011 
f 4002/4642/4002 3999/4639/3999 3998/4638/3998 
f 4002/4642/4002 3998/4638/3998 4013/4663/4013 
f 4014/4660/4014 4016/4664/4016 4017/4665/4017 
f 4014/4660/4014 4017/4665/4017 4015/4661/4015 
f 4015/4661/4015 4017/4665/4017 4018/4666/4018 
f 4015/4661/4015 4018/4666/4018 4011/4662/4011 
f 4019/4667/4019 4010/4652/4010 4018/4668/4018 
f 4010/4652/4010 4011/4653/4011 4018/4668/4018 
f 4020/4669/4020 4008/4650/4008 4019/4667/4019 
f 4008/4650/4008 4010/4652/4010 4019/4667/4019 
f 4008/4650/4008 4020/4669/4020 4021/4670/4021 
f 4008/4650/4008 4021/4670/4021 4009/4651/4009 
f 4016/4664/4016 4014/4660/4014 4021/4671/4021 
f 4014/4660/4014 4009/4659/4009 4021/4671/4021 
f 4016/4664/4016 4022/4672/4022 4023/4673/4023 
f 4016/4664/4016 4023/4673/4023 4017/4665/4017 
f 4017/4665/4017 4023/4673/4023 4024/4674/4024 
f 4017/4665/4017 4024/4674/4024 4018/4666/4018 
f 4025/4675/4025 4019/4667/4019 4024/4676/4024 
f 4019/4667/4019 4018/4668/4018 4024/4676/4024 
f 4026/4677/4026 4020/4669/4020 4025/4675/4025 
f 4020/4669/4020 4019/4667/4019 4025/4675/4025 
f 4020/4669/4020 4026/4677/4026 4027/4678/4027 
f 4020/4669/4020 4027/4678/4027 4021/4670/4021 
f 4022/4672/4022 4016/4664/4016 4027/4679/4027 
f 4016/4664/4016 4021/4671/4021 4027/4679/4027 
f 4022/4672/4022 4028/4680/4028 4029/4681/4029 
f 4022/4672/4022 4029/4681/4029 4023/4673/4023 
f 4023/4673/4023 4029/4681/4029 4030/4682/4030 
f 4023/4673/4023 4030/4682/4030 4024/4674/4024 
f 4031/4683/4031 4025/4675/4025 4030/4684/4030 
f 4025/4675/4025 4024/4676/4024 4030/4684/4030 
f 4032/4685/4032 4026/4677/4026 4031/4683/4031 
f 4026/4677/4026 4025/4675/4025 4031/4683/4031 
f 4026/4677/4026 4032/4685/4032 4033/4686/4033 
f 4026/4677/4026 4033/4686/4033 4027/4678/4027 
f 4028/4680/4028 4022/4672/4022 4033/4687/4033 
f 4022/4672/4022 4027/4679/4027 4033/4687/4033 
f 4028/4680/4028 4034/4688/4034 4035/4689/4035 
f 4028/4680/4028 4035/4689/4035 4029/4681/4029 
f 4029/4681/4029 4035/4689/4035 4036/4690/4036 
f 4029/4681/4029 4036/4690/4036 4030/4682/4030 
f 4037/4691/4037 4031/4683/4031 4036/4692/4036 
f 4031/4683/4031 4030/4684/4030 4036/4692/4036 
f 4038/4693/4038 4032/4685/4032 4037/4691/4037 
f 4032/4685/4032 4031/4683/4031 4037/4691/4037 
f 4032/4685/4032 4038/4693/4038 4039/4694/4039 
f 4032/4685/4032 4039/4694/4039 4033/4686/4033 
f 4034/4688/4034 4028/4680/4028 4039/4695/4039 
f 4028/4680/4028 4033/4687/4033 4039/4695/4039 
f 4034/4688/4034 3998/4638/3998 4000/4640/4000 
f 4034/4688/4034 4000/4640/4000 4035/4689/4035 
f 4035/4689/4035 4000/4640/4000 4012/4658/4012 
f 4035/4689/4035 4012/4658/4012 4036/4690/4036 
f 4007/4649/4007 4037/4691/4037 4012/4655/4012 
f 4037/4691/4037 4036/4692/4036 4012/4655/4012 
f 4006/4647/4006 4038/4693/4038 4007/4649/4007 
f 4038/4693/4038 4037/4691/4037 4007/4649/4007 
f 4038/4693/4038 4006/4647/4006 4013/4657/4013 
f 4038/4693/4038 4013/4657/4013 4039/4694/4039 
f 3998/4638/3998 4034/4688/4034 4013/4663/4013 
f 4034/4688/4034 4039/4695/4039 4013/4663/4013 
f 4040/4696/4040 4041/4697/4041 4042/4698/4042 
f 4041/4697/4041 4043/4699/4043 4042/4698/4042 
f 4044/4700/4044 4045/4701/4045 4046/4702/4046 
f 4044/4700/4044 4046/4702/4046 4047/4703/4047 
f 4045/4704/4045 4048/4705/4048 4046/4706/4046 
f 4048/4705/4048 4049/4707/4049 4046/4706/4046 
f 4050/4708/4050 4051/4709/4051 4052/4710/4052 
f 4051/4709/4051 4053/4711/4053 4052/4710/4052 
f 4047/4712/4047 4046/4706/4046 4049/4707/4049 
f 4047/4712/4047 4049/4707/4049 4054/4713/4054 
f 4048/4705/4048 4045/4704/4045 4044/4714/4044 
f 4048/4705/4048 4044/4714/4044 4055/4715/4055 
f 4041/4697/4041 4044/4700/4044 4043/4699/4043 
f 4044/4700/4044 4047/4703/4047 4043/4699/4043 
f 4042/4698/4042 4043/4699/4043 4047/4703/4047 
f 4042/4698/4042 4047/4703/4047 4054/4716/4054 
f 4051/4717/4051 4056/4718/4056 4057/4719/4057 
f 4051/4717/4051 4057/4719/4057 4053/4720/4053 
f 4044/4700/4044 4041/4697/4041 4040/4696/4040 
f 4044/4700/4044 4040/4696/4040 4055/4721/4055 
f 4056/4718/4056 4058/4722/4058 4059/4723/4059 
f 4056/4718/4056 4059/4723/4059 4057/4719/4057 
f 4057/4719/4057 4059/4723/4059 4060/4724/4060 
f 4057/4719/4057 4060/4724/4060 4053/4720/4053 
f 4061/4725/4061 4052/4710/4052 4060/4726/4060 
f 4052/4710/4052 4053/4711/4053 4060/4726/4060 
f 4062/4727/4062 4050/4708/4050 4061/4725/4061 
f 4050/4708/4050 4052/4710/4052 4061/4725/4061 
f 4050/4708/4050 4062/4727/4062 4063/4728/4063 
f 4050/4708/4050 4063/4728/4063 4051/4709/4051 
f 4058/4722/4058 4056/4718/4056 4063/4729/4063 
f 4056/4718/4056 4051/4717/4051 4063/4729/4063 
f 4058/4722/4058 4064/4730/4064 4065/4731/4065 
f 4058/4722/4058 4065/4731/4065 4059/4723/4059 
f 4059/4723/4059 4065/4731/4065 4066/4732/4066 
f 4059/4723/4059 4066/4732/4066 4060/4724/4060 
f 4067/4733/4067 4061/4725/4061 4066/4734/4066 
f 4061/4725/4061 4060/4726/4060 4066/4734/4066 
f 4068/4735/4068 4062/4727/4062 4067/4733/4067 
f 4062/4727/4062 4061/4725/4061 4067/4733/4067 
f 4062/4727/4062 4068/4735/4068 4069/4736/4069 
f 4062/4727/4062 4069/4736/4069 4063/4728/4063 
f 4064/4730/4064 4058/4722/4058 4069/4737/4069 
f 4058/4722/4058 4063/4729/4063 4069/4737/4069 
f 4064/4730/4064 4070/4738/4070 4071/4739/4071 
f 4064/4730/4064 4071/4739/4071 4065/4731/4065 
f 4065/4731/4065 4071/4739/4071 4072/4740/4072 
f 4065/4731/4065 4072/4740/4072 4066/4732/4066 
f 4073/4741/4073 4067/4733/4067 4072/4742/4072 
f 4067/4733/4067 4066/4734/4066 4072/4742/4072 
f 4074/4743/4074 4068/4735/4068 4073/4741/4073 
f 4068/4735/4068 4067/4733/4067 4073/4741/4073 
f 4068/4735/4068 4074/4743/4074 4075/4744/4075 
f 4068/4735/4068 4075/4744/4075 4069/4736/4069 
f 4070/4738/4070 4064/4730/4064 4075/4745/4075 
f 4064/4730/4064 4069/4737/4069 4075/4745/4075 
f 4070/4738/4070 4076/4746/4076 4077/4747/4077 
f 4070/4738/4070 4077/4747/4077 4071/4739/4071 
f 4071/4739/4071 4077/4747/4077 4078/4748/4078 
f 4071/4739/4071 4078/4748/4078 4072/4740/4072 
f 4079/4749/4079 4073/4741/4073 4078/4750/4078 
f 4073/4741/4073 4072/4742/4072 4078/4750/4078 
f 4080/4751/4080 4074/4743/4074 4079/4749/4079 
f 4074/4743/4074 4073/4741/4073 4079/4749/4079 
f 4074/4743/4074 4080/4751/4080 4081/4752/4081 
f 4074/4743/4074 4081/4752/4081 4075/4744/4075 
f 4076/4746/4076 4070/4738/4070 4081/4753/4081 
f 4070/4738/4070 4075/4745/4075 4081/4753/4081 
f 4076/4746/4076 4040/4696/4040 4042/4698/4042 
f 4076/4746/4076 4042/4698/4042 4077/4747/4077 
f 4077/4747/4077 4042/4698/4042 4054/4716/4054 
f 4077/4747/4077 4054/4716/4054 4078/4748/4078 
f 4049/4707/4049 4079/4749/4079 4054/4713/4054 
f 4079/4749/4079 4078/4750/4078 4054/4713/4054 
f 4048/4705/4048 4080/4751/4080 4049/4707/4049 
f 4080/4751/4080 4079/4749/4079 4049/4707/4049 
f 4080/4751/4080 4048/4705/4048 4055/4715/4055 
f 4080/4751/4080 4055/4715/4055 4081/4752/4081 
f 4040/4696/4040 4076/4746/4076 4055/4721/4055 
f 4076/4746/4076 4081/4753/4081 4055/4721/4055 
f 4082/4754/4082 4083/4755/4083 4084/4756/4084 
f 4083/4755/4083 4085/4757/4085 4084/4756/4084 
f 4086/4758/4086 4087/4759/4087 4088/4760/4088 
f 4086/4758/4086 4088/4760/4088 4089/4761/4089 
f 4087/4762/4087 4090/4763/4090 4088/4764/4088 
f 4090/4763/4090 4091/4765/4091 4088/4764/4088 
f 4092/4766/4092 4093/4767/4093 4094/4768/4094 
f 4093/4767/4093 4095/4769/4095 4094/4768/4094 
f 4089/4770/4089 4088/4764/4088 4091/4765/4091 
f 4089/4770/4089 4091/4765/4091 4096/4771/4096 
f 4090/4763/4090 4087/4762/4087 4086/4772/4086 
f 4090/4763/4090 4086/4772/4086 4097/4773/4097 
f 4083/4755/4083 4086/4758/4086 4085/4757/4085 
f 4086/4758/4086 4089/4761/4089 4085/4757/4085 
f 4084/4756/4084 4085/4757/4085 4089/4761/4089 
f 4084/4756/4084 4089/4761/4089 4096/4774/4096 
f 4093/4775/4093 4098/4776/4098 4099/4777/4099 
f 4093/4775/4093 4099/4777/4099 4095/4778/4095 
f 4086/4758/4086 4083/4755/4083 4082/4754/4082 
f 4086/4758/4086 4082/4754/4082 4097/4779/4097 
f 4098/4776/4098 4100/4780/4100 4101/4781/4101 
f 4098/4776/4098 4101/4781/4101 4099/4777/4099 
f 4099/4777/4099 4101/4781/4101 4102/4782/4102 
f 4099/4777/4099 4102/4782/4102 4095/4778/4095 
f 4103/4783/4103 4094/4768/4094 4102/4784/4102 
f 4094/4768/4094 4095/4769/4095 4102/4784/4102 
f 4104/4785/4104 4092/4766/4092 4103/4783/4103 
f 4092/4766/4092 4094/4768/4094 4103/4783/4103 
f 4092/4766/4092 4104/4785/4104 4105/4786/4105 
f 4092/4766/4092 4105/4786/4105 4093/4767/4093 
f 4100/4780/4100 4098/4776/4098 4105/4787/4105 
f 4098/4776/4098 4093/4775/4093 4105/4787/4105 
f 4100/4780/4100 4106/4788/4106 4107/4789/4107 
f 4100/4780/4100 4107/4789/4107 4101/4781/4101 
f 4101/4781/4101 4107/4789/4107 4108/4790/4108 
f 4101/4781/4101 4108/4790/4108 4102/4782/4102 
f 4109/4791/4109 4103/4783/4103 4108/4792/4108 
f 4103/4783/4103 4102/4784/4102 4108/4792/4108 
f 4110/4793/4110 4104/4785/4104 4109/4791/4109 
f 4104/4785/4104 4103/4783/4103 4109/4791/4109 
f 4104/4785/4104 4110/4793/4110 4111/4794/4111 
f 4104/4785/4104 4111/4794/4111 4105/4786/4105 
f 4106/4788/4106 4100/4780/4100 4111/4795/4111 
f 4100/4780/4100 4105/4787/4105 4111/4795/4111 
f 4106/4788/4106 4112/4796/4112 4113/4797/4113 
f 4106/4788/4106 4113/4797/4113 4107/4789/4107 
f 4107/4789/4107 4113/4797/4113 4114/4798/4114 
f 4107/4789/4107 4114/4798/4114 4108/4790/4108 
f 4115/4799/4115 4109/4791/4109 4114/4800/4114 
f 4109/4791/4109 4108/4792/4108 4114/4800/4114 
f 4116/4801/4116 4110/4793/4110 4115/4799/4115 
f 4110/4793/4110 4109/4791/4109 4115/4799/4115 
f 4110/4793/4110 4116/4801/4116 4117/4802/4117 
f 4110/4793/4110 4117/4802/4117 4111/4794/4111 
f 4112/4796/4112 4106/4788/4106 4117/4803/4117 
f 4106/4788/4106 4111/4795/4111 4117/4803/4117 
f 4112/4796/4112 4118/4804/4118 4119/4805/4119 
f 4112/4796/4112 4119/4805/4119 4113/4797/4113 
f 4113/4797/4113 4119/4805/4119 4120/4806/4120 
f 4113/4797/4113 4120/4806/4120 4114/4798/4114 
f 4121/4807/4121 4115/4799/4115 4120/4808/4120 
f 4115/4799/4115 4114/4800/4114 4120/4808/4120 
f 4122/4809/4122 4116/4801/4116 4121/4807/4121 
f 4116/4801/4116 4115/4799/4115 4121/4807/4121 
f 4116/4801/4116 4122/4809/4122 4123/4810/4123 
f 4116/4801/4116 4123/4810/4123 4117/4802/4117 
f 4118/4804/4118 4112/4796/4112 4123/4811/4123 
f 4112/4796/4112 4117/4803/4117 4123/4811/4123 
f 4118/4804/4118 4082/4754/4082 4084/4756/4084 
f 4118/4804/4118 4084/4756/4084 4119/4805/4119 
f 4119/4805/4119 4084/4756/4084 4096/4774/4096 
f 4119/4805/4119 4096/4774/4096 4120/4806/4120 
f 4091/4765/4091 4121/4807/4121 4096/4771/4096 
f 4121/4807/4121 4120/4808/4120 4096/4771/4096 
f 4090/4763/4090 4122/4809/4122 4091/4765/4091 
f 4122/4809/4122 4121/4807/4121 4091/4765/4091 
f 4122/4809/4122 4090/4763/4090 4097/4773/4097 
f 4122/4809/4122 4097/4773/4097 4123/4810/4123 
f 4082/4754/4082 4118/4804/4118 4097/4779/4097 
f 4118/4804/4118 4123/4811/4123 4097/4779/4097 
# 0 polygons - 240 triangles

#
# object polySurface15_0
#

v  -64.5813 73.2778 20.6559
v  -62.8624 72.6386 20.6900
v  -62.7254 79.1213 18.0583
v  -60.9511 78.6679 18.0103
v  -63.3246 79.1395 17.7644
v  -59.9557 78.2787 17.6733
v  -61.0315 78.4187 17.3923
v  -62.8058 78.8721 17.4403
v  -64.6617 73.0286 20.0379
v  -62.9428 72.3894 20.0720
v  -71.8295 43.2716 32.9686
v  -70.2148 41.6592 33.4087
v  -72.4492 42.3650 33.7792
v  -69.6678 38.1806 35.1046
v  -62.0350 71.7134 20.5910
v  -65.2413 73.1116 20.4443
v  -70.1344 41.9084 34.0267
v  -71.7491 43.5208 33.5866
v  -69.2789 48.2075 31.3756
v  -70.8661 49.6128 31.0154
v  -68.7356 45.0390 32.2179
v  -69.3593 47.9583 30.7575
v  -70.9465 49.3637 30.3974
v  -71.6091 48.6680 31.1285
v  -68.0538 54.4121 28.7144
v  -69.7219 55.6382 28.4371
v  -67.4112 51.7972 29.3207
v  -68.1342 54.1629 28.0964
v  -69.8023 55.3890 27.8190
v  -70.4861 54.8987 28.4701
v  -66.5523 60.5461 26.0458
v  -68.1909 61.5647 25.8483
v  -65.9567 58.5222 26.4199
v  -66.6327 60.2970 25.4278
v  -68.2713 61.3155 25.2303
v  -68.9481 61.0234 25.8005
v  -64.8323 66.6243 23.3713
v  -66.5024 67.4509 23.2552
v  -64.1453 65.1560 23.5095
v  -64.9127 66.3751 22.7533
v  -66.5828 67.2018 22.6372
v  -67.2156 67.0984 23.1257
v  -65.0498 71.8264 17.0461
v  -63.3320 71.1840 17.0718
v  -63.1608 77.7711 14.7159
v  -61.3866 77.3178 14.6679
v  -63.7568 77.8025 14.4167
v  -60.3880 76.9417 14.3255
v  -61.4606 77.0948 14.0392
v  -63.2348 77.5482 14.0872
v  -65.1238 71.6034 16.4174
v  -63.4060 70.9611 16.4430
v  -72.4572 41.3402 28.0113
v  -70.8487 39.7086 28.4006
v  -73.0864 40.4013 28.7765
v  -70.3232 36.1612 29.9549
v  -62.5044 70.2626 16.9429
v  -65.7077 71.6701 16.8207
v  -70.7747 39.9315 29.0293
v  -72.3832 41.5631 28.6400
v  -69.8851 46.3350 26.6540
v  -71.4671 47.7564 26.3362
v  -69.3538 43.1333 27.3685
v  -69.9591 46.1121 26.0253
v  -71.5410 47.5335 25.7074
v  -72.2121 46.8087 26.4016
v  -68.6259 52.6442 24.2687
v  -70.2898 53.8830 24.0252
v  -67.9922 50.0053 24.7716
v  -68.6999 52.4212 23.6400
v  -70.3637 53.6601 23.3965
v  -71.0549 53.1439 24.0191
v  -67.0902 58.8826 21.8759
v  -68.7256 59.9108 21.7038
v  -66.5005 56.8440 22.1712
v  -67.1642 58.6597 21.2472
v  -68.7996 59.6879 21.0750
v  -69.4827 59.3730 21.6253
v  -65.3360 65.0652 19.4772
v  -67.0041 65.8983 19.3781
v  -64.6519 63.5915 19.5611
v  -65.4100 64.8423 18.8485
v  -67.0781 65.6754 18.7494
v  -67.7161 65.5524 19.2263
v  -65.4101 70.8108 13.3213
v  -63.6938 70.1640 13.3326
v  -63.4723 76.8986 11.4445
v  -61.6981 76.4453 11.3965
v  -64.0628 76.9522 11.1377
v  -60.6939 76.0914 11.0465
v  -61.7611 76.2668 10.7525
v  -63.5353 76.7201 10.8006
v  -65.4731 70.6324 12.6774
v  -63.7569 69.9855 12.6887
v  -73.0505 39.6541 22.0043
v  -71.4513 37.9954 22.3075
v  -73.6945 38.6658 22.6910
v  -70.9581 34.3471 23.6201
v  -62.8652 69.2517 13.1546
v  -66.0640 70.6723 13.0739
v  -71.3883 38.1738 22.9515
v  -72.9875 39.8326 22.6483
v  -70.4483 44.7249 21.0439
v  -72.0226 46.1689 20.7978
v  -69.9339 41.4799 21.5431
v  -70.5113 44.5464 20.3999
v  -72.0856 45.9905 20.1538
v  -72.7698 45.2208 20.7839
v  -69.1388 51.1815 19.1263
v  -70.7965 52.4385 18.9402
v  -68.5175 48.5125 19.4554
v  -69.2018 51.0030 18.4824
v  -70.8595 52.2600 18.2963
v  -71.5623 51.7035 18.8691
v  -67.5528 57.5675 17.2013
v  -69.1836 58.6093 17.0722
v  -66.9709 55.5118 17.3643
v  -67.6158 57.3891 16.5573
v  -69.2466 58.4308 16.4282
v  -69.9398 58.0802 16.9431
v  -65.7482 63.8976 15.2704
v  -67.4132 64.7398 15.1999
v  -65.0676 62.4199 15.2635
v  -65.8112 63.7192 14.6264
v  -67.4762 64.5613 14.5560
v  -68.1228 64.4071 15.0118
# 126 vertices

vn -0.1834 0.8748 -0.4484
vn 0.2423 0.9129 -0.3285
vn 0.0264 0.7288 -0.6842
vn 0.3417 0.3645 -0.8663
vn -0.2274 -0.3386 -0.9130
vn 0.6966 -0.3444 -0.6294
vn 0.1032 -0.9802 -0.1687
vn -0.2215 -0.9615 -0.1625
vn -0.3636 -0.8889 0.2786
vn 0.0258 -0.9103 0.4132
vn -0.3662 -0.8595 0.3565
vn -0.0605 -0.8950 0.4420
vn -0.9640 0.1973 0.1783
vn 0.7097 0.1821 0.6805
vn 0.9518 -0.0002 0.3066
vn -0.9511 -0.0009 -0.3090
vn 0.1779 0.9381 -0.2971
vn -0.1344 0.9224 -0.3620
vn 0.2635 0.9032 -0.3387
vn -0.1407 0.9021 -0.4080
vn 0.9828 -0.0571 0.1754
vn 0.0266 -0.9180 0.3956
vn -0.3720 -0.8754 0.3087
vn -0.9830 0.0576 -0.1744
vn 0.2576 0.9064 -0.3347
vn -0.1360 0.8970 -0.4206
vn 0.9757 -0.0401 0.2154
vn 0.0205 -0.9162 0.4002
vn -0.3674 -0.8815 0.2965
vn -0.9750 0.0387 -0.2186
vn 0.2628 0.9076 -0.3274
vn -0.1326 0.8935 -0.4291
vn 0.9683 -0.0257 0.2486
vn 0.0259 -0.9132 0.4068
vn -0.3640 -0.8857 0.2882
vn -0.9644 0.0191 -0.2637
vn 0.2615 0.9098 -0.3224
vn -0.1329 0.8896 -0.4370
vn 0.9586 -0.0099 0.2847
vn 0.0247 -0.9110 0.4118
vn -0.3642 -0.8883 0.2798
vn -0.9569 0.0074 -0.2905
vn -0.1923 0.8909 -0.4115
vn 0.2328 0.9284 -0.2896
vn 0.0192 0.7571 -0.6530
vn 0.3385 0.4042 -0.8497
vn -0.2229 -0.3024 -0.9268
vn 0.7008 -0.3102 -0.6424
vn 0.1139 -0.9711 -0.2095
vn -0.2110 -0.9562 -0.2029
vn -0.3543 -0.9036 0.2406
vn 0.0352 -0.9265 0.3747
vn -0.3573 -0.8776 0.3197
vn -0.0513 -0.9133 0.4040
vn -0.9662 0.1793 0.1851
vn 0.7071 0.1609 0.6886
vn 0.9515 -0.0029 0.3076
vn -0.9507 0.0019 -0.3101
vn 0.1681 0.9516 -0.2573
vn -0.1440 0.9353 -0.3232
vn 0.2541 0.9194 -0.3002
vn -0.1500 0.9168 -0.3700
vn 0.9832 -0.0539 0.1742
vn 0.0361 -0.9335 0.3568
vn -0.3628 -0.8915 0.2712
vn -0.9834 0.0543 -0.1731
vn 0.2482 0.9224 -0.2961
vn -0.1453 0.9123 -0.3828
vn 0.9759 -0.0386 0.2148
vn 0.0300 -0.9319 0.3614
vn -0.3582 -0.8971 0.2588
vn -0.9752 0.0374 -0.2181
vn 0.2533 0.9233 -0.2887
vn -0.1418 0.9092 -0.3915
vn 0.9683 -0.0258 0.2486
vn 0.0353 -0.9291 0.3682
vn -0.3548 -0.9008 0.2503
vn -0.9643 0.0199 -0.2640
vn 0.2521 0.9252 -0.2836
vn -0.1421 0.9056 -0.3995
vn 0.9584 -0.0116 0.2853
vn 0.0341 -0.9271 0.3732
vn -0.3549 -0.9031 0.2418
vn -0.9566 0.0093 -0.2912
vn -0.2077 0.9138 -0.3490
vn 0.2165 0.9503 -0.2237
vn 0.0065 0.8010 -0.5987
vn 0.3323 0.4683 -0.8187
vn -0.2163 -0.2410 -0.9461
vn 0.7071 -0.2523 -0.6606
vn 0.1314 -0.9520 -0.2763
vn -0.1937 -0.9433 -0.2695
vn -0.3384 -0.9243 0.1762
vn 0.0512 -0.9495 0.3094
vn -0.3420 -0.9039 0.2569
vn -0.0355 -0.9400 0.3393
vn -0.9695 0.1489 0.1947
vn 0.7032 0.1251 0.6999
vn 0.9510 -0.0074 0.3090
vn -0.9502 0.0067 -0.3116
vn 0.1514 0.9700 -0.1900
vn -0.1603 0.9529 -0.2577
vn 0.2380 0.9424 -0.2349
vn -0.1659 0.9376 -0.3057
vn 0.9838 -0.0485 0.1725
vn 0.0523 -0.9553 0.2911
vn -0.3472 -0.9145 0.2076
vn -0.9840 0.0488 -0.1714
vn 0.2321 0.9450 -0.2305
vn -0.1611 0.9340 -0.3188
vn 0.9761 -0.0362 0.2141
vn 0.0462 -0.9541 0.2958
vn -0.3424 -0.9191 0.1948
vn -0.9754 0.0352 -0.2174
vn 0.2371 0.9455 -0.2231
vn -0.1575 0.9316 -0.3276
vn 0.9683 -0.0259 0.2486
vn 0.0514 -0.9517 0.3027
vn -0.3390 -0.9222 0.1862
vn -0.9642 0.0211 -0.2644
vn 0.2359 0.9471 -0.2179
vn -0.1577 0.9286 -0.3359
vn 0.9580 -0.0144 0.2862
vn 0.0502 -0.9501 0.3079
vn -0.3391 -0.9239 0.1775
vn -0.9563 0.0126 -0.2922
# 126 vertex normals

vt 0.0553 1.0213 0.0000
vt 0.0561 1.0283 0.0000
vt 0.0300 1.0229 0.0000
vt 0.0300 1.0299 0.0000
vt 0.0292 1.0206 0.0000
vt 0.0293 1.0340 0.0000
vt 0.0280 1.0299 0.0000
vt 0.0280 1.0229 0.0000
vt 0.4953 1.9278 0.0000
vt 0.4884 1.9265 0.0000
vt 0.5014 1.9030 0.0000
vt 0.4946 1.9009 0.0000
vt 0.5241 1.7775 0.0000
vt 0.5176 1.7714 0.0000
vt 0.5267 1.7730 0.0000
vt 0.5151 1.7567 0.0000
vt 0.4842 1.9258 0.0000
vt 0.4910 1.8979 0.0000
vt 0.5041 1.9026 0.0000
vt 0.4978 1.9282 0.0000
vt 0.0584 1.0325 0.0000
vt 0.1876 1.0166 0.0000
vt 0.2020 1.0305 0.0000
vt 0.1878 1.0258 0.0000
vt 0.1827 1.0185 0.0000
vt 0.0560 1.0186 0.0000
vt 0.1615 1.0242 0.0000
vt 0.1572 1.0171 0.0000
vt 0.1733 1.0289 0.0000
vt 0.5153 1.7977 0.0000
vt 0.5124 1.7853 0.0000
vt 0.5216 1.8030 0.0000
vt 0.5245 1.7994 0.0000
vt 0.1612 1.0148 0.0000
vt 0.1351 1.0240 0.0000
vt 0.1317 1.0167 0.0000
vt 0.1446 1.0287 0.0000
vt 0.5115 1.8238 0.0000
vt 0.5083 1.8137 0.0000
vt 0.5181 1.8283 0.0000
vt 0.5212 1.8255 0.0000
vt 0.1348 1.0142 0.0000
vt 0.1088 1.0247 0.0000
vt 0.1062 1.0178 0.0000
vt 0.1159 1.0288 0.0000
vt 0.5067 1.8496 0.0000
vt 0.5038 1.8420 0.0000
vt 0.5132 1.8533 0.0000
vt 0.5162 1.8514 0.0000
vt 0.1085 1.0151 0.0000
vt 0.0824 1.0261 0.0000
vt 0.0807 1.0192 0.0000
vt 0.0872 1.0302 0.0000
vt 0.5011 1.8754 0.0000
vt 0.4979 1.8700 0.0000
vt 0.5077 1.8782 0.0000
vt 0.5106 1.8771 0.0000
vt 0.0823 1.0165 0.0000
vt 0.5051 1.7913 0.0000
vt 0.4980 1.7905 0.0000
vt 0.5091 1.7663 0.0000
vt 0.5023 1.7647 0.0000
vt 0.5115 1.7660 0.0000
vt 0.4984 1.7631 0.0000
vt 0.5027 1.7628 0.0000
vt 0.5096 1.7643 0.0000
vt 0.3910 1.9356 0.0000
vt 0.3840 1.9345 0.0000
vt 0.3966 1.9107 0.0000
vt 0.3898 1.9088 0.0000
vt 0.4170 1.7849 0.0000
vt 0.4105 1.7789 0.0000
vt 0.4195 1.7803 0.0000
vt 0.4076 1.7642 0.0000
vt 0.3798 1.9338 0.0000
vt 0.3860 1.9058 0.0000
vt 0.3993 1.9103 0.0000
vt 0.3935 1.9360 0.0000
vt 0.4934 1.7919 0.0000
vt 0.4798 1.9213 0.0000
vt 0.4629 1.9321 0.0000
vt 0.4708 1.9194 0.0000
vt 0.4790 1.9161 0.0000
vt 0.5075 1.7925 0.0000
vt 0.4783 1.8941 0.0000
vt 0.4862 1.8915 0.0000
vt 0.4710 1.9045 0.0000
vt 0.4085 1.8052 0.0000
vt 0.4054 1.7929 0.0000
vt 0.4150 1.8104 0.0000
vt 0.4178 1.8067 0.0000
vt 0.4876 1.8960 0.0000
vt 0.4845 1.8685 0.0000
vt 0.4923 1.8668 0.0000
vt 0.4778 1.8766 0.0000
vt 0.4053 1.8313 0.0000
vt 0.4019 1.8213 0.0000
vt 0.4120 1.8357 0.0000
vt 0.4149 1.8329 0.0000
vt 0.4941 1.8704 0.0000
vt 0.4897 1.8426 0.0000
vt 0.4971 1.8417 0.0000
vt 0.4841 1.8486 0.0000
vt 0.4009 1.8573 0.0000
vt 0.3978 1.8497 0.0000
vt 0.4075 1.8608 0.0000
vt 0.4105 1.8589 0.0000
vt 0.4992 1.8446 0.0000
vt 0.4943 1.8167 0.0000
vt 0.5014 1.8165 0.0000
vt 0.4892 1.8204 0.0000
vt 0.3958 1.8831 0.0000
vt 0.3925 1.8778 0.0000
vt 0.4024 1.8858 0.0000
vt 0.4053 1.8847 0.0000
vt 0.5037 1.8187 0.0000
vt 0.3606 1.7854 0.0000
vt 0.3536 1.7848 0.0000
vt 0.3642 1.7603 0.0000
vt 0.3574 1.7589 0.0000
vt 0.3666 1.7600 0.0000
vt 0.3535 1.7573 0.0000
vt 0.3578 1.7569 0.0000
vt 0.3647 1.7583 0.0000
vt 0.3528 1.9270 0.0000
vt 0.3459 1.9258 0.0000
vt 0.3588 1.9021 0.0000
vt 0.3521 1.9001 0.0000
vt 0.3809 1.7766 0.0000
vt 0.3745 1.7705 0.0000
vt 0.3835 1.7721 0.0000
vt 0.3718 1.7558 0.0000
vt 0.3417 1.9250 0.0000
vt 0.3484 1.8971 0.0000
vt 0.3615 1.9018 0.0000
vt 0.3554 1.9274 0.0000
vt 0.3490 1.7862 0.0000
vt 0.3377 1.9158 0.0000
vt 0.3210 1.9270 0.0000
vt 0.3287 1.9141 0.0000
vt 0.3368 1.9106 0.0000
vt 0.3631 1.7866 0.0000
vt 0.3357 1.8886 0.0000
vt 0.3435 1.8860 0.0000
vt 0.3286 1.8992 0.0000
vt 0.3722 1.7969 0.0000
vt 0.3693 1.7845 0.0000
vt 0.3786 1.8021 0.0000
vt 0.3815 1.7985 0.0000
vt 0.3450 1.8904 0.0000
vt 0.3415 1.8629 0.0000
vt 0.3493 1.8611 0.0000
vt 0.3349 1.8712 0.0000
vt 0.3686 1.8229 0.0000
vt 0.3654 1.8128 0.0000
vt 0.3753 1.8274 0.0000
vt 0.3783 1.8246 0.0000
vt 0.3511 1.8647 0.0000
vt 0.3462 1.8370 0.0000
vt 0.3536 1.8359 0.0000
vt 0.3407 1.8431 0.0000
vt 0.3640 1.8488 0.0000
vt 0.3610 1.8412 0.0000
vt 0.3705 1.8524 0.0000
vt 0.3735 1.8505 0.0000
vt 0.3557 1.8388 0.0000
vt 0.3503 1.8110 0.0000
vt 0.3574 1.8107 0.0000
vt 0.3453 1.8148 0.0000
vt 0.3585 1.8746 0.0000
vt 0.3552 1.8692 0.0000
vt 0.3651 1.8774 0.0000
vt 0.3680 1.8763 0.0000
vt 0.3597 1.8128 0.0000
# 174 texture coords

o polySurface15_0
g polySurface15_0
usemtl wire_204204204
s off
f 4124/4812/4124 4125/4813/4125 4126/4814/4126 
f 4125/4813/4125 4127/4815/4127 4126/4814/4126 
f 4128/4816/4128 4129/4817/4129 4130/4818/4130 
f 4128/4816/4128 4130/4818/4130 4131/4819/4131 
f 4131/4820/4131 4130/4821/4130 4132/4822/4132 
f 4130/4821/4130 4133/4823/4133 4132/4822/4132 
f 4134/4824/4134 4135/4825/4135 4136/4826/4136 
f 4135/4825/4135 4137/4827/4137 4136/4826/4136 
f 4129/4828/4129 4138/4829/4138 4133/4823/4133 
f 4129/4828/4129 4133/4823/4133 4130/4821/4130 
f 4132/4822/4132 4139/4830/4139 4128/4831/4128 
f 4132/4822/4132 4128/4831/4128 4131/4820/4131 
f 4126/4814/4126 4127/4815/4127 4128/4816/4128 
f 4127/4815/4127 4129/4817/4129 4128/4816/4128 
f 4125/4813/4125 4138/4832/4138 4129/4817/4129 
f 4125/4813/4125 4129/4817/4129 4127/4815/4127 
f 4136/4833/4136 4137/4834/4137 4140/4835/4140 
f 4136/4833/4136 4140/4835/4140 4141/4836/4141 
f 4128/4816/4128 4139/4837/4139 4124/4812/4124 
f 4128/4816/4128 4124/4812/4124 4126/4814/4126 
f 4141/4836/4141 4140/4835/4140 4142/4838/4142 
f 4141/4836/4141 4142/4838/4142 4143/4839/4143 
f 4140/4835/4140 4137/4834/4137 4144/4840/4144 
f 4140/4835/4140 4144/4840/4144 4142/4838/4142 
f 4145/4841/4145 4144/4842/4144 4135/4825/4135 
f 4144/4842/4144 4137/4827/4137 4135/4825/4135 
f 4146/4843/4146 4145/4841/4145 4134/4824/4134 
f 4145/4841/4145 4135/4825/4135 4134/4824/4134 
f 4134/4824/4134 4136/4826/4136 4147/4844/4147 
f 4134/4824/4134 4147/4844/4147 4146/4843/4146 
f 4143/4839/4143 4147/4845/4147 4141/4836/4141 
f 4147/4845/4147 4136/4833/4136 4141/4836/4141 
f 4143/4839/4143 4142/4838/4142 4148/4846/4148 
f 4143/4839/4143 4148/4846/4148 4149/4847/4149 
f 4142/4838/4142 4144/4840/4144 4150/4848/4150 
f 4142/4838/4142 4150/4848/4150 4148/4846/4148 
f 4151/4849/4151 4150/4850/4150 4145/4841/4145 
f 4150/4850/4150 4144/4842/4144 4145/4841/4145 
f 4152/4851/4152 4151/4849/4151 4146/4843/4146 
f 4151/4849/4151 4145/4841/4145 4146/4843/4146 
f 4146/4843/4146 4147/4844/4147 4153/4852/4153 
f 4146/4843/4146 4153/4852/4153 4152/4851/4152 
f 4149/4847/4149 4153/4853/4153 4143/4839/4143 
f 4153/4853/4153 4147/4845/4147 4143/4839/4143 
f 4149/4847/4149 4148/4846/4148 4154/4854/4154 
f 4149/4847/4149 4154/4854/4154 4155/4855/4155 
f 4148/4846/4148 4150/4848/4150 4156/4856/4156 
f 4148/4846/4148 4156/4856/4156 4154/4854/4154 
f 4157/4857/4157 4156/4858/4156 4151/4849/4151 
f 4156/4858/4156 4150/4850/4150 4151/4849/4151 
f 4158/4859/4158 4157/4857/4157 4152/4851/4152 
f 4157/4857/4157 4151/4849/4151 4152/4851/4152 
f 4152/4851/4152 4153/4852/4153 4159/4860/4159 
f 4152/4851/4152 4159/4860/4159 4158/4859/4158 
f 4155/4855/4155 4159/4861/4159 4149/4847/4149 
f 4159/4861/4159 4153/4853/4153 4149/4847/4149 
f 4155/4855/4155 4154/4854/4154 4160/4862/4160 
f 4155/4855/4155 4160/4862/4160 4161/4863/4161 
f 4154/4854/4154 4156/4856/4156 4162/4864/4162 
f 4154/4854/4154 4162/4864/4162 4160/4862/4160 
f 4163/4865/4163 4162/4866/4162 4157/4857/4157 
f 4162/4866/4162 4156/4858/4156 4157/4857/4157 
f 4164/4867/4164 4163/4865/4163 4158/4859/4158 
f 4163/4865/4163 4157/4857/4157 4158/4859/4158 
f 4158/4859/4158 4159/4860/4159 4165/4868/4165 
f 4158/4859/4158 4165/4868/4165 4164/4867/4164 
f 4161/4863/4161 4165/4869/4165 4155/4855/4155 
f 4165/4869/4165 4159/4861/4159 4155/4855/4155 
f 4161/4863/4161 4160/4862/4160 4125/4813/4125 
f 4161/4863/4161 4125/4813/4125 4124/4812/4124 
f 4160/4862/4160 4162/4864/4162 4138/4832/4138 
f 4160/4862/4160 4138/4832/4138 4125/4813/4125 
f 4133/4823/4133 4138/4829/4138 4163/4865/4163 
f 4138/4829/4138 4162/4866/4162 4163/4865/4163 
f 4132/4822/4132 4133/4823/4133 4164/4867/4164 
f 4133/4823/4133 4163/4865/4163 4164/4867/4164 
f 4164/4867/4164 4165/4868/4165 4139/4830/4139 
f 4164/4867/4164 4139/4830/4139 4132/4822/4132 
f 4124/4812/4124 4139/4837/4139 4161/4863/4161 
f 4139/4837/4139 4165/4869/4165 4161/4863/4161 
f 4166/4870/4166 4167/4871/4167 4168/4872/4168 
f 4167/4871/4167 4169/4873/4169 4168/4872/4168 
f 4170/4874/4170 4171/4875/4171 4172/4876/4172 
f 4170/4874/4170 4172/4876/4172 4173/4877/4173 
f 4173/4878/4173 4172/4879/4172 4174/4880/4174 
f 4172/4879/4172 4175/4881/4175 4174/4880/4174 
f 4176/4882/4176 4177/4883/4177 4178/4884/4178 
f 4177/4883/4177 4179/4885/4179 4178/4884/4178 
f 4171/4886/4171 4180/4887/4180 4175/4881/4175 
f 4171/4886/4171 4175/4881/4175 4172/4879/4172 
f 4174/4880/4174 4181/4888/4181 4170/4889/4170 
f 4174/4880/4174 4170/4889/4170 4173/4878/4173 
f 4168/4872/4168 4169/4873/4169 4170/4874/4170 
f 4169/4873/4169 4171/4875/4171 4170/4874/4170 
f 4167/4871/4167 4180/4890/4180 4171/4875/4171 
f 4167/4871/4167 4171/4875/4171 4169/4873/4169 
f 4178/4891/4178 4179/4892/4179 4182/4893/4182 
f 4178/4891/4178 4182/4893/4182 4183/4894/4183 
f 4170/4874/4170 4181/4895/4181 4166/4870/4166 
f 4170/4874/4170 4166/4870/4166 4168/4872/4168 
f 4183/4894/4183 4182/4893/4182 4184/4896/4184 
f 4183/4894/4183 4184/4896/4184 4185/4897/4185 
f 4182/4893/4182 4179/4892/4179 4186/4898/4186 
f 4182/4893/4182 4186/4898/4186 4184/4896/4184 
f 4187/4899/4187 4186/4900/4186 4177/4883/4177 
f 4186/4900/4186 4179/4885/4179 4177/4883/4177 
f 4188/4901/4188 4187/4899/4187 4176/4882/4176 
f 4187/4899/4187 4177/4883/4177 4176/4882/4176 
f 4176/4882/4176 4178/4884/4178 4189/4902/4189 
f 4176/4882/4176 4189/4902/4189 4188/4901/4188 
f 4185/4897/4185 4189/4903/4189 4183/4894/4183 
f 4189/4903/4189 4178/4891/4178 4183/4894/4183 
f 4185/4897/4185 4184/4896/4184 4190/4904/4190 
f 4185/4897/4185 4190/4904/4190 4191/4905/4191 
f 4184/4896/4184 4186/4898/4186 4192/4906/4192 
f 4184/4896/4184 4192/4906/4192 4190/4904/4190 
f 4193/4907/4193 4192/4908/4192 4187/4899/4187 
f 4192/4908/4192 4186/4900/4186 4187/4899/4187 
f 4194/4909/4194 4193/4907/4193 4188/4901/4188 
f 4193/4907/4193 4187/4899/4187 4188/4901/4188 
f 4188/4901/4188 4189/4902/4189 4195/4910/4195 
f 4188/4901/4188 4195/4910/4195 4194/4909/4194 
f 4191/4905/4191 4195/4911/4195 4185/4897/4185 
f 4195/4911/4195 4189/4903/4189 4185/4897/4185 
f 4191/4905/4191 4190/4904/4190 4196/4912/4196 
f 4191/4905/4191 4196/4912/4196 4197/4913/4197 
f 4190/4904/4190 4192/4906/4192 4198/4914/4198 
f 4190/4904/4190 4198/4914/4198 4196/4912/4196 
f 4199/4915/4199 4198/4916/4198 4193/4907/4193 
f 4198/4916/4198 4192/4908/4192 4193/4907/4193 
f 4200/4917/4200 4199/4915/4199 4194/4909/4194 
f 4199/4915/4199 4193/4907/4193 4194/4909/4194 
f 4194/4909/4194 4195/4910/4195 4201/4918/4201 
f 4194/4909/4194 4201/4918/4201 4200/4917/4200 
f 4197/4913/4197 4201/4919/4201 4191/4905/4191 
f 4201/4919/4201 4195/4911/4195 4191/4905/4191 
f 4197/4913/4197 4196/4912/4196 4202/4920/4202 
f 4197/4913/4197 4202/4920/4202 4203/4921/4203 
f 4196/4912/4196 4198/4914/4198 4204/4922/4204 
f 4196/4912/4196 4204/4922/4204 4202/4920/4202 
f 4205/4923/4205 4204/4924/4204 4199/4915/4199 
f 4204/4924/4204 4198/4916/4198 4199/4915/4199 
f 4206/4925/4206 4205/4923/4205 4200/4917/4200 
f 4205/4923/4205 4199/4915/4199 4200/4917/4200 
f 4200/4917/4200 4201/4918/4201 4207/4926/4207 
f 4200/4917/4200 4207/4926/4207 4206/4925/4206 
f 4203/4921/4203 4207/4927/4207 4197/4913/4197 
f 4207/4927/4207 4201/4919/4201 4197/4913/4197 
f 4203/4921/4203 4202/4920/4202 4167/4871/4167 
f 4203/4921/4203 4167/4871/4167 4166/4870/4166 
f 4202/4920/4202 4204/4922/4204 4180/4890/4180 
f 4202/4920/4202 4180/4890/4180 4167/4871/4167 
f 4175/4881/4175 4180/4887/4180 4205/4923/4205 
f 4180/4887/4180 4204/4924/4204 4205/4923/4205 
f 4174/4880/4174 4175/4881/4175 4206/4925/4206 
f 4175/4881/4175 4205/4923/4205 4206/4925/4206 
f 4206/4925/4206 4207/4926/4207 4181/4888/4181 
f 4206/4925/4206 4181/4888/4181 4174/4880/4174 
f 4166/4870/4166 4181/4895/4181 4203/4921/4203 
f 4181/4895/4181 4207/4927/4207 4203/4921/4203 
f 4208/4928/4208 4209/4929/4209 4210/4930/4210 
f 4209/4929/4209 4211/4931/4211 4210/4930/4210 
f 4212/4932/4212 4213/4933/4213 4214/4934/4214 
f 4212/4932/4212 4214/4934/4214 4215/4935/4215 
f 4215/4936/4215 4214/4937/4214 4216/4938/4216 
f 4214/4937/4214 4217/4939/4217 4216/4938/4216 
f 4218/4940/4218 4219/4941/4219 4220/4942/4220 
f 4219/4941/4219 4221/4943/4221 4220/4942/4220 
f 4213/4944/4213 4222/4945/4222 4217/4939/4217 
f 4213/4944/4213 4217/4939/4217 4214/4937/4214 
f 4216/4938/4216 4223/4946/4223 4212/4947/4212 
f 4216/4938/4216 4212/4947/4212 4215/4936/4215 
f 4210/4930/4210 4211/4931/4211 4212/4932/4212 
f 4211/4931/4211 4213/4933/4213 4212/4932/4212 
f 4209/4929/4209 4222/4948/4222 4213/4933/4213 
f 4209/4929/4209 4213/4933/4213 4211/4931/4211 
f 4220/4949/4220 4221/4950/4221 4224/4951/4224 
f 4220/4949/4220 4224/4951/4224 4225/4952/4225 
f 4212/4932/4212 4223/4953/4223 4208/4928/4208 
f 4212/4932/4212 4208/4928/4208 4210/4930/4210 
f 4225/4952/4225 4224/4951/4224 4226/4954/4226 
f 4225/4952/4225 4226/4954/4226 4227/4955/4227 
f 4224/4951/4224 4221/4950/4221 4228/4956/4228 
f 4224/4951/4224 4228/4956/4228 4226/4954/4226 
f 4229/4957/4229 4228/4958/4228 4219/4941/4219 
f 4228/4958/4228 4221/4943/4221 4219/4941/4219 
f 4230/4959/4230 4229/4957/4229 4218/4940/4218 
f 4229/4957/4229 4219/4941/4219 4218/4940/4218 
f 4218/4940/4218 4220/4942/4220 4231/4960/4231 
f 4218/4940/4218 4231/4960/4231 4230/4959/4230 
f 4227/4955/4227 4231/4961/4231 4225/4952/4225 
f 4231/4961/4231 4220/4949/4220 4225/4952/4225 
f 4227/4955/4227 4226/4954/4226 4232/4962/4232 
f 4227/4955/4227 4232/4962/4232 4233/4963/4233 
f 4226/4954/4226 4228/4956/4228 4234/4964/4234 
f 4226/4954/4226 4234/4964/4234 4232/4962/4232 
f 4235/4965/4235 4234/4966/4234 4229/4957/4229 
f 4234/4966/4234 4228/4958/4228 4229/4957/4229 
f 4236/4967/4236 4235/4965/4235 4230/4959/4230 
f 4235/4965/4235 4229/4957/4229 4230/4959/4230 
f 4230/4959/4230 4231/4960/4231 4237/4968/4237 
f 4230/4959/4230 4237/4968/4237 4236/4967/4236 
f 4233/4963/4233 4237/4969/4237 4227/4955/4227 
f 4237/4969/4237 4231/4961/4231 4227/4955/4227 
f 4233/4963/4233 4232/4962/4232 4238/4970/4238 
f 4233/4963/4233 4238/4970/4238 4239/4971/4239 
f 4232/4962/4232 4234/4964/4234 4240/4972/4240 
f 4232/4962/4232 4240/4972/4240 4238/4970/4238 
f 4241/4973/4241 4240/4974/4240 4235/4965/4235 
f 4240/4974/4240 4234/4966/4234 4235/4965/4235 
f 4242/4975/4242 4241/4973/4241 4236/4967/4236 
f 4241/4973/4241 4235/4965/4235 4236/4967/4236 
f 4236/4967/4236 4237/4968/4237 4243/4976/4243 
f 4236/4967/4236 4243/4976/4243 4242/4975/4242 
f 4239/4971/4239 4243/4977/4243 4233/4963/4233 
f 4243/4977/4243 4237/4969/4237 4233/4963/4233 
f 4239/4971/4239 4238/4970/4238 4244/4978/4244 
f 4239/4971/4239 4244/4978/4244 4245/4979/4245 
f 4238/4970/4238 4240/4972/4240 4246/4980/4246 
f 4238/4970/4238 4246/4980/4246 4244/4978/4244 
f 4247/4981/4247 4246/4982/4246 4241/4973/4241 
f 4246/4982/4246 4240/4974/4240 4241/4973/4241 
f 4248/4983/4248 4247/4981/4247 4242/4975/4242 
f 4247/4981/4247 4241/4973/4241 4242/4975/4242 
f 4242/4975/4242 4243/4976/4243 4249/4984/4249 
f 4242/4975/4242 4249/4984/4249 4248/4983/4248 
f 4245/4979/4245 4249/4985/4249 4239/4971/4239 
f 4249/4985/4249 4243/4977/4243 4239/4971/4239 
f 4245/4979/4245 4244/4978/4244 4209/4929/4209 
f 4245/4979/4245 4209/4929/4209 4208/4928/4208 
f 4244/4978/4244 4246/4980/4246 4222/4948/4222 
f 4244/4978/4244 4222/4948/4222 4209/4929/4209 
f 4217/4939/4217 4222/4945/4222 4247/4981/4247 
f 4222/4945/4222 4246/4982/4246 4247/4981/4247 
f 4216/4938/4216 4217/4939/4217 4248/4983/4248 
f 4217/4939/4217 4247/4981/4247 4248/4983/4248 
f 4248/4983/4248 4249/4984/4249 4223/4946/4223 
f 4248/4983/4248 4223/4946/4223 4216/4938/4216 
f 4208/4928/4208 4223/4953/4223 4245/4979/4245 
f 4223/4953/4223 4249/4985/4249 4245/4979/4245 
# 0 polygons - 240 triangles

